fila_excel,columna,valor_original,valor_final,error,accion
3,company_id,3,NULL,ID no existe en tabla companies (lookup),Fila omitida
4,company_id,8,NULL,ID no existe en tabla companies (lookup),Fila omitida
5,company_id,3,NULL,ID no existe en tabla companies (lookup),Fila omitida
6,company_id,3,NULL,ID no existe en tabla companies (lookup),Fila omitida
7,company_id,12,NULL,ID no existe en tabla companies (lookup),Fila omitida
8,company_id,3,NULL,ID no existe en tabla companies (lookup),Fila omitida
9,company_id,3,NULL,ID no existe en tabla companies (lookup),Fila omitida
10,company_id,3,NULL,ID no existe en tabla companies (lookup),Fila omitida
11,company_id,3,NULL,ID no existe en tabla companies (lookup),Fila omitida
12,company_id,3,NULL,ID no existe en tabla companies (lookup),Fila omitida
13,company_id,3,NULL,ID no existe en tabla companies (lookup),Fila omitida
14,company_id,3,NULL,ID no existe en tabla companies (lookup),Fila omitida
15,company_id,3,NULL,ID no existe en tabla companies (lookup),Fila omitida
16,company_id,3,NULL,ID no existe en tabla companies (lookup),Fila omitida
17,company_id,3,NULL,ID no existe en tabla companies (lookup),Fila omitida
18,company_id,3,NULL,ID no existe en tabla companies (lookup),Fila omitida
19,company_id,3,NULL,ID no existe en tabla companies (lookup),Fila omitida
20,company_id,3,NULL,ID no existe en tabla companies (lookup),Fila omitida
21,company_id,3,NULL,ID no existe en tabla companies (lookup),Fila omitida
24,company_id,3,NULL,ID no existe en tabla companies (lookup),Fila omitida
25,company_id,3,NULL,ID no existe en tabla companies (lookup),Fila omitida
26,company_id,3,NULL,ID no existe en tabla companies (lookup),Fila omitida
27,company_id,3,NULL,ID no existe en tabla companies (lookup),Fila omitida
28,company_id,3,NULL,ID no existe en tabla companies (lookup),Fila omitida
29,company_id,3,NULL,ID no existe en tabla companies (lookup),Fila omitida
30,company_id,3,NULL,ID no existe en tabla companies (lookup),Fila omitida
31,company_id,3,NULL,ID no existe en tabla companies (lookup),Fila omitida
32,company_id,3,NULL,ID no existe en tabla companies (lookup),Fila omitida
33,company_id,3,NULL,ID no existe en tabla companies (lookup),Fila omitida
34,company_id,3,NULL,ID no existe en tabla companies (lookup),Fila omitida
35,company_id,3,NULL,ID no existe en tabla companies (lookup),Fila omitida
36,company_id,3,NULL,ID no existe en tabla companies (lookup),Fila omitida
37,company_id,3,NULL,ID no existe en tabla companies (lookup),Fila omitida
38,company_id,3,NULL,ID no existe en tabla companies (lookup),Fila omitida
39,company_id,3,NULL,ID no existe en tabla companies (lookup),Fila omitida
40,company_id,3,NULL,ID no existe en tabla companies (lookup),Fila omitida
41,company_id,3,NULL,ID no existe en tabla companies (lookup),Fila omitida
42,company_id,8,NULL,ID no existe en tabla companies (lookup),Fila omitida
43,company_id,3,NULL,ID no existe en tabla companies (lookup),Fila omitida
44,company_id,3,NULL,ID no existe en tabla companies (lookup),Fila omitida
45,company_id,3,NULL,ID no existe en tabla companies (lookup),Fila omitida
46,company_id,3,NULL,ID no existe en tabla companies (lookup),Fila omitida
47,company_id,3,NULL,ID no existe en tabla companies (lookup),Fila omitida
48,company_id,3,NULL,ID no existe en tabla companies (lookup),Fila omitida
49,company_id,3,NULL,ID no existe en tabla companies (lookup),Fila omitida
50,company_id,3,NULL,ID no existe en tabla companies (lookup),Fila omitida
51,company_id,3,NULL,ID no existe en tabla companies (lookup),Fila omitida
52,company_id,3,NULL,ID no existe en tabla companies (lookup),Fila omitida
53,company_id,3,NULL,ID no existe en tabla companies (lookup),Fila omitida
54,company_id,3,NULL,ID no existe en tabla companies (lookup),Fila omitida
55,company_id,3,NULL,ID no existe en tabla companies (lookup),Fila omitida
56,company_id,3,NULL,ID no existe en tabla companies (lookup),Fila omitida
57,company_id,3,NULL,ID no existe en tabla companies (lookup),Fila omitida
58,company_id,3,NULL,ID no existe en tabla companies (lookup),Fila omitida
59,company_id,3,NULL,ID no existe en tabla companies (lookup),Fila omitida
60,company_id,3,NULL,ID no existe en tabla companies (lookup),Fila omitida
61,company_id,3,NULL,ID no existe en tabla companies (lookup),Fila omitida
62,company_id,3,NULL,ID no existe en tabla companies (lookup),Fila omitida
63,company_id,3,NULL,ID no existe en tabla companies (lookup),Fila omitida
64,company_id,3,NULL,ID no existe en tabla companies (lookup),Fila omitida
65,company_id,3,NULL,ID no existe en tabla companies (lookup),Fila omitida
66,company_id,3,NULL,ID no existe en tabla companies (lookup),Fila omitida
67,company_id,3,NULL,ID no existe en tabla companies (lookup),Fila omitida
68,company_id,3,NULL,ID no existe en tabla companies (lookup),Fila omitida
69,company_id,3,NULL,ID no existe en tabla companies (lookup),Fila omitida
70,company_id,3,NULL,ID no existe en tabla companies (lookup),Fila omitida
71,company_id,3,NULL,ID no existe en tabla companies (lookup),Fila omitida
72,company_id,3,NULL,ID no existe en tabla companies (lookup),Fila omitida
73,company_id,3,NULL,ID no existe en tabla companies (lookup),Fila omitida
74,company_id,3,NULL,ID no existe en tabla companies (lookup),Fila omitida
75,company_id,3,NULL,ID no existe en tabla companies (lookup),Fila omitida
76,company_id,3,NULL,ID no existe en tabla companies (lookup),Fila omitida
77,company_id,3,NULL,ID no existe en tabla companies (lookup),Fila omitida
78,company_id,3,NULL,ID no existe en tabla companies (lookup),Fila omitida
79,company_id,3,NULL,ID no existe en tabla companies (lookup),Fila omitida
80,company_id,3,NULL,ID no existe en tabla companies (lookup),Fila omitida
81,company_id,3,NULL,ID no existe en tabla companies (lookup),Fila omitida
82,company_id,3,NULL,ID no existe en tabla companies (lookup),Fila omitida
83,company_id,3,NULL,ID no existe en tabla companies (lookup),Fila omitida
84,company_id,3,NULL,ID no existe en tabla companies (lookup),Fila omitida
85,company_id,3,NULL,ID no existe en tabla companies (lookup),Fila omitida
86,company_id,3,NULL,ID no existe en tabla companies (lookup),Fila omitida
87,company_id,3,NULL,ID no existe en tabla companies (lookup),Fila omitida
88,company_id,3,NULL,ID no existe en tabla companies (lookup),Fila omitida
89,company_id,3,NULL,ID no existe en tabla companies (lookup),Fila omitida
90,company_id,3,NULL,ID no existe en tabla companies (lookup),Fila omitida
91,company_id,3,NULL,ID no existe en tabla companies (lookup),Fila omitida
92,company_id,3,NULL,ID no existe en tabla companies (lookup),Fila omitida
93,company_id,3,NULL,ID no existe en tabla companies (lookup),Fila omitida
94,company_id,3,NULL,ID no existe en tabla companies (lookup),Fila omitida
95,company_id,3,NULL,ID no existe en tabla companies (lookup),Fila omitida
96,company_id,3,NULL,ID no existe en tabla companies (lookup),Fila omitida
97,company_id,3,NULL,ID no existe en tabla companies (lookup),Fila omitida
98,company_id,3,NULL,ID no existe en tabla companies (lookup),Fila omitida
99,company_id,3,NULL,ID no existe en tabla companies (lookup),Fila omitida
100,company_id,3,NULL,ID no existe en tabla companies (lookup),Fila omitida
101,company_id,3,NULL,ID no existe en tabla companies (lookup),Fila omitida
102,company_id,3,NULL,ID no existe en tabla companies (lookup),Fila omitida
103,company_id,3,NULL,ID no existe en tabla companies (lookup),Fila omitida
104,company_id,3,NULL,ID no existe en tabla companies (lookup),Fila omitida
105,company_id,3,NULL,ID no existe en tabla companies (lookup),Fila omitida
106,company_id,3,NULL,ID no existe en tabla companies (lookup),Fila omitida
107,company_id,3,NULL,ID no existe en tabla companies (lookup),Fila omitida
108,company_id,3,NULL,ID no existe en tabla companies (lookup),Fila omitida
109,company_id,3,NULL,ID no existe en tabla companies (lookup),Fila omitida
110,company_id,3,NULL,ID no existe en tabla companies (lookup),Fila omitida
111,company_id,3,NULL,ID no existe en tabla companies (lookup),Fila omitida
112,company_id,3,NULL,ID no existe en tabla companies (lookup),Fila omitida
113,company_id,3,NULL,ID no existe en tabla companies (lookup),Fila omitida
114,company_id,3,NULL,ID no existe en tabla companies (lookup),Fila omitida
115,company_id,3,NULL,ID no existe en tabla companies (lookup),Fila omitida
116,company_id,3,NULL,ID no existe en tabla companies (lookup),Fila omitida
117,company_id,3,NULL,ID no existe en tabla companies (lookup),Fila omitida
118,company_id,3,NULL,ID no existe en tabla companies (lookup),Fila omitida
119,company_id,3,NULL,ID no existe en tabla companies (lookup),Fila omitida
120,company_id,3,NULL,ID no existe en tabla companies (lookup),Fila omitida
121,company_id,3,NULL,ID no existe en tabla companies (lookup),Fila omitida
122,company_id,3,NULL,ID no existe en tabla companies (lookup),Fila omitida
123,company_id,3,NULL,ID no existe en tabla companies (lookup),Fila omitida
124,company_id,3,NULL,ID no existe en tabla companies (lookup),Fila omitida
125,company_id,3,NULL,ID no existe en tabla companies (lookup),Fila omitida
126,company_id,3,NULL,ID no existe en tabla companies (lookup),Fila omitida
127,company_id,3,NULL,ID no existe en tabla companies (lookup),Fila omitida
128,company_id,3,NULL,ID no existe en tabla companies (lookup),Fila omitida
129,company_id,3,NULL,ID no existe en tabla companies (lookup),Fila omitida
130,company_id,3,NULL,ID no existe en tabla companies (lookup),Fila omitida
131,company_id,3,NULL,ID no existe en tabla companies (lookup),Fila omitida
132,company_id,3,NULL,ID no existe en tabla companies (lookup),Fila omitida
133,company_id,3,NULL,ID no existe en tabla companies (lookup),Fila omitida
134,company_id,3,NULL,ID no existe en tabla companies (lookup),Fila omitida
135,company_id,3,NULL,ID no existe en tabla companies (lookup),Fila omitida
136,company_id,3,NULL,ID no existe en tabla companies (lookup),Fila omitida
137,company_id,3,NULL,ID no existe en tabla companies (lookup),Fila omitida
138,company_id,3,NULL,ID no existe en tabla companies (lookup),Fila omitida
139,company_id,3,NULL,ID no existe en tabla companies (lookup),Fila omitida
140,company_id,3,NULL,ID no existe en tabla companies (lookup),Fila omitida
141,company_id,3,NULL,ID no existe en tabla companies (lookup),Fila omitida
142,company_id,3,NULL,ID no existe en tabla companies (lookup),Fila omitida
143,company_id,3,NULL,ID no existe en tabla companies (lookup),Fila omitida
144,company_id,3,NULL,ID no existe en tabla companies (lookup),Fila omitida
145,company_id,3,NULL,ID no existe en tabla companies (lookup),Fila omitida
146,company_id,3,NULL,ID no existe en tabla companies (lookup),Fila omitida
147,company_id,3,NULL,ID no existe en tabla companies (lookup),Fila omitida
148,company_id,3,NULL,ID no existe en tabla companies (lookup),Fila omitida
149,company_id,3,NULL,ID no existe en tabla companies (lookup),Fila omitida
150,company_id,3,NULL,ID no existe en tabla companies (lookup),Fila omitida
151,company_id,3,NULL,ID no existe en tabla companies (lookup),Fila omitida
152,company_id,3,NULL,ID no existe en tabla companies (lookup),Fila omitida
153,company_id,3,NULL,ID no existe en tabla companies (lookup),Fila omitida
154,company_id,3,NULL,ID no existe en tabla companies (lookup),Fila omitida
155,company_id,3,NULL,ID no existe en tabla companies (lookup),Fila omitida
156,company_id,3,NULL,ID no existe en tabla companies (lookup),Fila omitida
157,company_id,3,NULL,ID no existe en tabla companies (lookup),Fila omitida
158,company_id,3,NULL,ID no existe en tabla companies (lookup),Fila omitida
159,company_id,3,NULL,ID no existe en tabla companies (lookup),Fila omitida
160,company_id,3,NULL,ID no existe en tabla companies (lookup),Fila omitida
161,company_id,3,NULL,ID no existe en tabla companies (lookup),Fila omitida
162,company_id,3,NULL,ID no existe en tabla companies (lookup),Fila omitida
163,company_id,3,NULL,ID no existe en tabla companies (lookup),Fila omitida
164,company_id,3,NULL,ID no existe en tabla companies (lookup),Fila omitida
165,company_id,3,NULL,ID no existe en tabla companies (lookup),Fila omitida
166,company_id,3,NULL,ID no existe en tabla companies (lookup),Fila omitida
167,company_id,3,NULL,ID no existe en tabla companies (lookup),Fila omitida
168,company_id,3,NULL,ID no existe en tabla companies (lookup),Fila omitida
169,company_id,3,NULL,ID no existe en tabla companies (lookup),Fila omitida
171,company_id,3,NULL,ID no existe en tabla companies (lookup),Fila omitida
172,company_id,3,NULL,ID no existe en tabla companies (lookup),Fila omitida
174,company_id,3,NULL,ID no existe en tabla companies (lookup),Fila omitida
175,company_id,3,NULL,ID no existe en tabla companies (lookup),Fila omitida
176,company_id,3,NULL,ID no existe en tabla companies (lookup),Fila omitida
177,company_id,3,NULL,ID no existe en tabla companies (lookup),Fila omitida
178,company_id,3,NULL,ID no existe en tabla companies (lookup),Fila omitida
179,company_id,3,NULL,ID no existe en tabla companies (lookup),Fila omitida
180,company_id,3,NULL,ID no existe en tabla companies (lookup),Fila omitida
181,company_id,3,NULL,ID no existe en tabla companies (lookup),Fila omitida
182,company_id,3,NULL,ID no existe en tabla companies (lookup),Fila omitida
183,company_id,3,NULL,ID no existe en tabla companies (lookup),Fila omitida
184,company_id,3,NULL,ID no existe en tabla companies (lookup),Fila omitida
185,company_id,3,NULL,ID no existe en tabla companies (lookup),Fila omitida
186,company_id,3,NULL,ID no existe en tabla companies (lookup),Fila omitida
187,company_id,3,NULL,ID no existe en tabla companies (lookup),Fila omitida
188,company_id,3,NULL,ID no existe en tabla companies (lookup),Fila omitida
189,company_id,3,NULL,ID no existe en tabla companies (lookup),Fila omitida
191,company_id,3,NULL,ID no existe en tabla companies (lookup),Fila omitida
192,company_id,3,NULL,ID no existe en tabla companies (lookup),Fila omitida
193,company_id,3,NULL,ID no existe en tabla companies (lookup),Fila omitida
194,company_id,3,NULL,ID no existe en tabla companies (lookup),Fila omitida
195,company_id,3,NULL,ID no existe en tabla companies (lookup),Fila omitida
196,company_id,3,NULL,ID no existe en tabla companies (lookup),Fila omitida
197,company_id,3,NULL,ID no existe en tabla companies (lookup),Fila omitida
198,company_id,3,NULL,ID no existe en tabla companies (lookup),Fila omitida
199,company_id,3,NULL,ID no existe en tabla companies (lookup),Fila omitida
200,company_id,3,NULL,ID no existe en tabla companies (lookup),Fila omitida
201,company_id,3,NULL,ID no existe en tabla companies (lookup),Fila omitida
202,company_id,3,NULL,ID no existe en tabla companies (lookup),Fila omitida
203,company_id,3,NULL,ID no existe en tabla companies (lookup),Fila omitida
204,company_id,3,NULL,ID no existe en tabla companies (lookup),Fila omitida
205,company_id,3,NULL,ID no existe en tabla companies (lookup),Fila omitida
206,company_id,3,NULL,ID no existe en tabla companies (lookup),Fila omitida
207,company_id,3,NULL,ID no existe en tabla companies (lookup),Fila omitida
208,company_id,3,NULL,ID no existe en tabla companies (lookup),Fila omitida
209,company_id,3,NULL,ID no existe en tabla companies (lookup),Fila omitida
210,company_id,3,NULL,ID no existe en tabla companies (lookup),Fila omitida
211,company_id,3,NULL,ID no existe en tabla companies (lookup),Fila omitida
212,company_id,3,NULL,ID no existe en tabla companies (lookup),Fila omitida
213,company_id,3,NULL,ID no existe en tabla companies (lookup),Fila omitida
214,company_id,3,NULL,ID no existe en tabla companies (lookup),Fila omitida
215,company_id,3,NULL,ID no existe en tabla companies (lookup),Fila omitida
216,company_id,3,NULL,ID no existe en tabla companies (lookup),Fila omitida
217,company_id,3,NULL,ID no existe en tabla companies (lookup),Fila omitida
218,company_id,3,NULL,ID no existe en tabla companies (lookup),Fila omitida
219,company_id,3,NULL,ID no existe en tabla companies (lookup),Fila omitida
220,company_id,3,NULL,ID no existe en tabla companies (lookup),Fila omitida
221,company_id,3,NULL,ID no existe en tabla companies (lookup),Fila omitida
222,company_id,3,NULL,ID no existe en tabla companies (lookup),Fila omitida
224,company_id,3,NULL,ID no existe en tabla companies (lookup),Fila omitida
225,company_id,3,NULL,ID no existe en tabla companies (lookup),Fila omitida
226,company_id,3,NULL,ID no existe en tabla companies (lookup),Fila omitida
227,company_id,3,NULL,ID no existe en tabla companies (lookup),Fila omitida
228,company_id,3,NULL,ID no existe en tabla companies (lookup),Fila omitida
229,company_id,3,NULL,ID no existe en tabla companies (lookup),Fila omitida
230,company_id,3,NULL,ID no existe en tabla companies (lookup),Fila omitida
231,company_id,3,NULL,ID no existe en tabla companies (lookup),Fila omitida
232,company_id,3,NULL,ID no existe en tabla companies (lookup),Fila omitida
233,company_id,3,NULL,ID no existe en tabla companies (lookup),Fila omitida
234,company_id,3,NULL,ID no existe en tabla companies (lookup),Fila omitida
235,company_id,3,NULL,ID no existe en tabla companies (lookup),Fila omitida
236,company_id,3,NULL,ID no existe en tabla companies (lookup),Fila omitida
237,company_id,3,NULL,ID no existe en tabla companies (lookup),Fila omitida
238,company_id,3,NULL,ID no existe en tabla companies (lookup),Fila omitida
239,company_id,3,NULL,ID no existe en tabla companies (lookup),Fila omitida
240,company_id,3,NULL,ID no existe en tabla companies (lookup),Fila omitida
241,company_id,3,NULL,ID no existe en tabla companies (lookup),Fila omitida
242,company_id,3,NULL,ID no existe en tabla companies (lookup),Fila omitida
243,company_id,3,NULL,ID no existe en tabla companies (lookup),Fila omitida
244,company_id,3,NULL,ID no existe en tabla companies (lookup),Fila omitida
245,company_id,3,NULL,ID no existe en tabla companies (lookup),Fila omitida
246,company_id,3,NULL,ID no existe en tabla companies (lookup),Fila omitida
247,company_id,3,NULL,ID no existe en tabla companies (lookup),Fila omitida
248,company_id,3,NULL,ID no existe en tabla companies (lookup),Fila omitida
249,company_id,3,NULL,ID no existe en tabla companies (lookup),Fila omitida
250,company_id,3,NULL,ID no existe en tabla companies (lookup),Fila omitida
251,company_id,3,NULL,ID no existe en tabla companies (lookup),Fila omitida
252,company_id,3,NULL,ID no existe en tabla companies (lookup),Fila omitida
253,company_id,3,NULL,ID no existe en tabla companies (lookup),Fila omitida
254,company_id,3,NULL,ID no existe en tabla companies (lookup),Fila omitida
255,company_id,3,NULL,ID no existe en tabla companies (lookup),Fila omitida
256,company_id,3,NULL,ID no existe en tabla companies (lookup),Fila omitida
257,company_id,3,NULL,ID no existe en tabla companies (lookup),Fila omitida
258,company_id,3,NULL,ID no existe en tabla companies (lookup),Fila omitida
259,company_id,3,NULL,ID no existe en tabla companies (lookup),Fila omitida
260,company_id,3,NULL,ID no existe en tabla companies (lookup),Fila omitida
262,company_id,3,NULL,ID no existe en tabla companies (lookup),Fila omitida
263,company_id,8,NULL,ID no existe en tabla companies (lookup),Fila omitida
264,company_id,3,NULL,ID no existe en tabla companies (lookup),Fila omitida
265,company_id,3,NULL,ID no existe en tabla companies (lookup),Fila omitida
266,company_id,3,NULL,ID no existe en tabla companies (lookup),Fila omitida
267,company_id,8,NULL,ID no existe en tabla companies (lookup),Fila omitida
268,company_id,3,NULL,ID no existe en tabla companies (lookup),Fila omitida
269,company_id,3,NULL,ID no existe en tabla companies (lookup),Fila omitida
270,company_id,3,NULL,ID no existe en tabla companies (lookup),Fila omitida
271,company_id,3,NULL,ID no existe en tabla companies (lookup),Fila omitida
272,company_id,3,NULL,ID no existe en tabla companies (lookup),Fila omitida
273,company_id,3,NULL,ID no existe en tabla companies (lookup),Fila omitida
274,company_id,3,NULL,ID no existe en tabla companies (lookup),Fila omitida
275,company_id,3,NULL,ID no existe en tabla companies (lookup),Fila omitida
276,company_id,3,NULL,ID no existe en tabla companies (lookup),Fila omitida
277,company_id,3,NULL,ID no existe en tabla companies (lookup),Fila omitida
278,company_id,3,NULL,ID no existe en tabla companies (lookup),Fila omitida
279,company_id,3,NULL,ID no existe en tabla companies (lookup),Fila omitida
281,company_id,3,NULL,ID no existe en tabla companies (lookup),Fila omitida
282,company_id,3,NULL,ID no existe en tabla companies (lookup),Fila omitida
283,company_id,3,NULL,ID no existe en tabla companies (lookup),Fila omitida
284,company_id,3,NULL,ID no existe en tabla companies (lookup),Fila omitida
285,company_id,3,NULL,ID no existe en tabla companies (lookup),Fila omitida
286,company_id,3,NULL,ID no existe en tabla companies (lookup),Fila omitida
287,company_id,3,NULL,ID no existe en tabla companies (lookup),Fila omitida
288,company_id,3,NULL,ID no existe en tabla companies (lookup),Fila omitida
289,company_id,3,NULL,ID no existe en tabla companies (lookup),Fila omitida
290,company_id,3,NULL,ID no existe en tabla companies (lookup),Fila omitida
291,company_id,3,NULL,ID no existe en tabla companies (lookup),Fila omitida
292,company_id,3,NULL,ID no existe en tabla companies (lookup),Fila omitida
293,company_id,3,NULL,ID no existe en tabla companies (lookup),Fila omitida
294,company_id,3,NULL,ID no existe en tabla companies (lookup),Fila omitida
295,company_id,3,NULL,ID no existe en tabla companies (lookup),Fila omitida
296,company_id,3,NULL,ID no existe en tabla companies (lookup),Fila omitida
297,company_id,3,NULL,ID no existe en tabla companies (lookup),Fila omitida
298,company_id,3,NULL,ID no existe en tabla companies (lookup),Fila omitida
299,company_id,3,NULL,ID no existe en tabla companies (lookup),Fila omitida
300,company_id,3,NULL,ID no existe en tabla companies (lookup),Fila omitida
301,company_id,3,NULL,ID no existe en tabla companies (lookup),Fila omitida
302,company_id,3,NULL,ID no existe en tabla companies (lookup),Fila omitida
303,company_id,3,NULL,ID no existe en tabla companies (lookup),Fila omitida
304,company_id,3,NULL,ID no existe en tabla companies (lookup),Fila omitida
305,company_id,3,NULL,ID no existe en tabla companies (lookup),Fila omitida
306,company_id,3,NULL,ID no existe en tabla companies (lookup),Fila omitida
307,company_id,3,NULL,ID no existe en tabla companies (lookup),Fila omitida
308,company_id,3,NULL,ID no existe en tabla companies (lookup),Fila omitida
309,company_id,3,NULL,ID no existe en tabla companies (lookup),Fila omitida
310,company_id,3,NULL,ID no existe en tabla companies (lookup),Fila omitida
311,company_id,3,NULL,ID no existe en tabla companies (lookup),Fila omitida
312,company_id,3,NULL,ID no existe en tabla companies (lookup),Fila omitida
313,company_id,3,NULL,ID no existe en tabla companies (lookup),Fila omitida
314,company_id,3,NULL,ID no existe en tabla companies (lookup),Fila omitida
315,company_id,3,NULL,ID no existe en tabla companies (lookup),Fila omitida
316,company_id,3,NULL,ID no existe en tabla companies (lookup),Fila omitida
317,company_id,3,NULL,ID no existe en tabla companies (lookup),Fila omitida
318,company_id,3,NULL,ID no existe en tabla companies (lookup),Fila omitida
319,company_id,3,NULL,ID no existe en tabla companies (lookup),Fila omitida
320,company_id,3,NULL,ID no existe en tabla companies (lookup),Fila omitida
321,company_id,3,NULL,ID no existe en tabla companies (lookup),Fila omitida
322,company_id,3,NULL,ID no existe en tabla companies (lookup),Fila omitida
323,company_id,3,NULL,ID no existe en tabla companies (lookup),Fila omitida
324,company_id,3,NULL,ID no existe en tabla companies (lookup),Fila omitida
325,company_id,3,NULL,ID no existe en tabla companies (lookup),Fila omitida
326,company_id,3,NULL,ID no existe en tabla companies (lookup),Fila omitida
327,company_id,3,NULL,ID no existe en tabla companies (lookup),Fila omitida
328,company_id,3,NULL,ID no existe en tabla companies (lookup),Fila omitida
329,company_id,3,NULL,ID no existe en tabla companies (lookup),Fila omitida
330,company_id,3,NULL,ID no existe en tabla companies (lookup),Fila omitida
331,company_id,3,NULL,ID no existe en tabla companies (lookup),Fila omitida
332,company_id,3,NULL,ID no existe en tabla companies (lookup),Fila omitida
333,company_id,3,NULL,ID no existe en tabla companies (lookup),Fila omitida
334,company_id,3,NULL,ID no existe en tabla companies (lookup),Fila omitida
335,company_id,3,NULL,ID no existe en tabla companies (lookup),Fila omitida
336,company_id,3,NULL,ID no existe en tabla companies (lookup),Fila omitida
337,company_id,3,NULL,ID no existe en tabla companies (lookup),Fila omitida
338,company_id,3,NULL,ID no existe en tabla companies (lookup),Fila omitida
340,company_id,3,NULL,ID no existe en tabla companies (lookup),Fila omitida
341,company_id,3,NULL,ID no existe en tabla companies (lookup),Fila omitida
342,company_id,3,NULL,ID no existe en tabla companies (lookup),Fila omitida
343,company_id,3,NULL,ID no existe en tabla companies (lookup),Fila omitida
344,company_id,3,NULL,ID no existe en tabla companies (lookup),Fila omitida
345,company_id,3,NULL,ID no existe en tabla companies (lookup),Fila omitida
346,company_id,3,NULL,ID no existe en tabla companies (lookup),Fila omitida
347,company_id,3,NULL,ID no existe en tabla companies (lookup),Fila omitida
348,company_id,3,NULL,ID no existe en tabla companies (lookup),Fila omitida
349,company_id,3,NULL,ID no existe en tabla companies (lookup),Fila omitida
350,company_id,3,NULL,ID no existe en tabla companies (lookup),Fila omitida
351,company_id,3,NULL,ID no existe en tabla companies (lookup),Fila omitida
352,company_id,3,NULL,ID no existe en tabla companies (lookup),Fila omitida
353,company_id,3,NULL,ID no existe en tabla companies (lookup),Fila omitida
354,company_id,3,NULL,ID no existe en tabla companies (lookup),Fila omitida
355,company_id,3,NULL,ID no existe en tabla companies (lookup),Fila omitida
356,company_id,3,NULL,ID no existe en tabla companies (lookup),Fila omitida
357,company_id,3,NULL,ID no existe en tabla companies (lookup),Fila omitida
358,company_id,3,NULL,ID no existe en tabla companies (lookup),Fila omitida
359,company_id,3,NULL,ID no existe en tabla companies (lookup),Fila omitida
360,company_id,3,NULL,ID no existe en tabla companies (lookup),Fila omitida
361,company_id,3,NULL,ID no existe en tabla companies (lookup),Fila omitida
362,company_id,3,NULL,ID no existe en tabla companies (lookup),Fila omitida
363,company_id,8,NULL,ID no existe en tabla companies (lookup),Fila omitida
364,company_id,3,NULL,ID no existe en tabla companies (lookup),Fila omitida
365,company_id,3,NULL,ID no existe en tabla companies (lookup),Fila omitida
366,company_id,3,NULL,ID no existe en tabla companies (lookup),Fila omitida
367,company_id,3,NULL,ID no existe en tabla companies (lookup),Fila omitida
368,company_id,3,NULL,ID no existe en tabla companies (lookup),Fila omitida
369,company_id,3,NULL,ID no existe en tabla companies (lookup),Fila omitida
370,company_id,3,NULL,ID no existe en tabla companies (lookup),Fila omitida
371,company_id,3,NULL,ID no existe en tabla companies (lookup),Fila omitida
372,company_id,3,NULL,ID no existe en tabla companies (lookup),Fila omitida
373,company_id,3,NULL,ID no existe en tabla companies (lookup),Fila omitida
374,company_id,3,NULL,ID no existe en tabla companies (lookup),Fila omitida
375,company_id,3,NULL,ID no existe en tabla companies (lookup),Fila omitida
376,company_id,3,NULL,ID no existe en tabla companies (lookup),Fila omitida
377,company_id,3,NULL,ID no existe en tabla companies (lookup),Fila omitida
378,company_id,3,NULL,ID no existe en tabla companies (lookup),Fila omitida
379,company_id,3,NULL,ID no existe en tabla companies (lookup),Fila omitida
380,company_id,3,NULL,ID no existe en tabla companies (lookup),Fila omitida
381,company_id,3,NULL,ID no existe en tabla companies (lookup),Fila omitida
382,company_id,3,NULL,ID no existe en tabla companies (lookup),Fila omitida
383,company_id,3,NULL,ID no existe en tabla companies (lookup),Fila omitida
384,company_id,3,NULL,ID no existe en tabla companies (lookup),Fila omitida
385,company_id,3,NULL,ID no existe en tabla companies (lookup),Fila omitida
386,company_id,3,NULL,ID no existe en tabla companies (lookup),Fila omitida
387,company_id,3,NULL,ID no existe en tabla companies (lookup),Fila omitida
388,company_id,3,NULL,ID no existe en tabla companies (lookup),Fila omitida
389,company_id,3,NULL,ID no existe en tabla companies (lookup),Fila omitida
390,company_id,3,NULL,ID no existe en tabla companies (lookup),Fila omitida
391,company_id,3,NULL,ID no existe en tabla companies (lookup),Fila omitida
392,company_id,3,NULL,ID no existe en tabla companies (lookup),Fila omitida
393,company_id,3,NULL,ID no existe en tabla companies (lookup),Fila omitida
394,company_id,3,NULL,ID no existe en tabla companies (lookup),Fila omitida
395,company_id,3,NULL,ID no existe en tabla companies (lookup),Fila omitida
396,company_id,3,NULL,ID no existe en tabla companies (lookup),Fila omitida
397,company_id,3,NULL,ID no existe en tabla companies (lookup),Fila omitida
398,company_id,3,NULL,ID no existe en tabla companies (lookup),Fila omitida
399,company_id,3,NULL,ID no existe en tabla companies (lookup),Fila omitida
400,company_id,3,NULL,ID no existe en tabla companies (lookup),Fila omitida
401,company_id,3,NULL,ID no existe en tabla companies (lookup),Fila omitida
402,company_id,3,NULL,ID no existe en tabla companies (lookup),Fila omitida
403,company_id,3,NULL,ID no existe en tabla companies (lookup),Fila omitida
404,company_id,3,NULL,ID no existe en tabla companies (lookup),Fila omitida
405,company_id,3,NULL,ID no existe en tabla companies (lookup),Fila omitida
406,company_id,3,NULL,ID no existe en tabla companies (lookup),Fila omitida
407,company_id,3,NULL,ID no existe en tabla companies (lookup),Fila omitida
408,company_id,3,NULL,ID no existe en tabla companies (lookup),Fila omitida
409,company_id,3,NULL,ID no existe en tabla companies (lookup),Fila omitida
410,company_id,3,NULL,ID no existe en tabla companies (lookup),Fila omitida
411,company_id,3,NULL,ID no existe en tabla companies (lookup),Fila omitida
412,company_id,3,NULL,ID no existe en tabla companies (lookup),Fila omitida
413,company_id,3,NULL,ID no existe en tabla companies (lookup),Fila omitida
414,company_id,3,NULL,ID no existe en tabla companies (lookup),Fila omitida
415,company_id,3,NULL,ID no existe en tabla companies (lookup),Fila omitida
416,company_id,3,NULL,ID no existe en tabla companies (lookup),Fila omitida
417,company_id,3,NULL,ID no existe en tabla companies (lookup),Fila omitida
418,company_id,3,NULL,ID no existe en tabla companies (lookup),Fila omitida
419,company_id,3,NULL,ID no existe en tabla companies (lookup),Fila omitida
420,company_id,3,NULL,ID no existe en tabla companies (lookup),Fila omitida
421,company_id,3,NULL,ID no existe en tabla companies (lookup),Fila omitida
422,company_id,3,NULL,ID no existe en tabla companies (lookup),Fila omitida
423,company_id,3,NULL,ID no existe en tabla companies (lookup),Fila omitida
424,company_id,3,NULL,ID no existe en tabla companies (lookup),Fila omitida
425,company_id,3,NULL,ID no existe en tabla companies (lookup),Fila omitida
426,company_id,3,NULL,ID no existe en tabla companies (lookup),Fila omitida
427,company_id,3,NULL,ID no existe en tabla companies (lookup),Fila omitida
428,company_id,3,NULL,ID no existe en tabla companies (lookup),Fila omitida
429,company_id,3,NULL,ID no existe en tabla companies (lookup),Fila omitida
430,company_id,3,NULL,ID no existe en tabla companies (lookup),Fila omitida
431,company_id,3,NULL,ID no existe en tabla companies (lookup),Fila omitida
432,company_id,3,NULL,ID no existe en tabla companies (lookup),Fila omitida
433,company_id,3,NULL,ID no existe en tabla companies (lookup),Fila omitida
434,company_id,3,NULL,ID no existe en tabla companies (lookup),Fila omitida
435,company_id,3,NULL,ID no existe en tabla companies (lookup),Fila omitida
436,company_id,3,NULL,ID no existe en tabla companies (lookup),Fila omitida
437,company_id,3,NULL,ID no existe en tabla companies (lookup),Fila omitida
438,company_id,3,NULL,ID no existe en tabla companies (lookup),Fila omitida
439,company_id,3,NULL,ID no existe en tabla companies (lookup),Fila omitida
440,company_id,3,NULL,ID no existe en tabla companies (lookup),Fila omitida
442,company_id,3,NULL,ID no existe en tabla companies (lookup),Fila omitida
443,company_id,3,NULL,ID no existe en tabla companies (lookup),Fila omitida
444,company_id,3,NULL,ID no existe en tabla companies (lookup),Fila omitida
445,company_id,3,NULL,ID no existe en tabla companies (lookup),Fila omitida
446,company_id,3,NULL,ID no existe en tabla companies (lookup),Fila omitida
447,company_id,3,NULL,ID no existe en tabla companies (lookup),Fila omitida
448,company_id,3,NULL,ID no existe en tabla companies (lookup),Fila omitida
449,company_id,3,NULL,ID no existe en tabla companies (lookup),Fila omitida
450,company_id,3,NULL,ID no existe en tabla companies (lookup),Fila omitida
451,company_id,3,NULL,ID no existe en tabla companies (lookup),Fila omitida
452,company_id,3,NULL,ID no existe en tabla companies (lookup),Fila omitida
453,company_id,3,NULL,ID no existe en tabla companies (lookup),Fila omitida
454,company_id,3,NULL,ID no existe en tabla companies (lookup),Fila omitida
455,company_id,3,NULL,ID no existe en tabla companies (lookup),Fila omitida
456,company_id,3,NULL,ID no existe en tabla companies (lookup),Fila omitida
457,company_id,3,NULL,ID no existe en tabla companies (lookup),Fila omitida
458,company_id,3,NULL,ID no existe en tabla companies (lookup),Fila omitida
459,company_id,3,NULL,ID no existe en tabla companies (lookup),Fila omitida
460,company_id,3,NULL,ID no existe en tabla companies (lookup),Fila omitida
461,company_id,3,NULL,ID no existe en tabla companies (lookup),Fila omitida
462,company_id,3,NULL,ID no existe en tabla companies (lookup),Fila omitida
463,company_id,3,NULL,ID no existe en tabla companies (lookup),Fila omitida
464,company_id,3,NULL,ID no existe en tabla companies (lookup),Fila omitida
465,company_id,3,NULL,ID no existe en tabla companies (lookup),Fila omitida
466,company_id,3,NULL,ID no existe en tabla companies (lookup),Fila omitida
467,company_id,3,NULL,ID no existe en tabla companies (lookup),Fila omitida
468,company_id,3,NULL,ID no existe en tabla companies (lookup),Fila omitida
469,company_id,3,NULL,ID no existe en tabla companies (lookup),Fila omitida
470,company_id,3,NULL,ID no existe en tabla companies (lookup),Fila omitida
471,company_id,3,NULL,ID no existe en tabla companies (lookup),Fila omitida
472,company_id,3,NULL,ID no existe en tabla companies (lookup),Fila omitida
473,company_id,3,NULL,ID no existe en tabla companies (lookup),Fila omitida
474,company_id,3,NULL,ID no existe en tabla companies (lookup),Fila omitida
475,company_id,3,NULL,ID no existe en tabla companies (lookup),Fila omitida
476,company_id,3,NULL,ID no existe en tabla companies (lookup),Fila omitida
477,company_id,3,NULL,ID no existe en tabla companies (lookup),Fila omitida
478,company_id,3,NULL,ID no existe en tabla companies (lookup),Fila omitida
479,company_id,3,NULL,ID no existe en tabla companies (lookup),Fila omitida
480,company_id,3,NULL,ID no existe en tabla companies (lookup),Fila omitida
481,company_id,3,NULL,ID no existe en tabla companies (lookup),Fila omitida
482,company_id,3,NULL,ID no existe en tabla companies (lookup),Fila omitida
483,company_id,3,NULL,ID no existe en tabla companies (lookup),Fila omitida
484,company_id,3,NULL,ID no existe en tabla companies (lookup),Fila omitida
485,company_id,3,NULL,ID no existe en tabla companies (lookup),Fila omitida
486,company_id,3,NULL,ID no existe en tabla companies (lookup),Fila omitida
487,company_id,3,NULL,ID no existe en tabla companies (lookup),Fila omitida
488,company_id,3,NULL,ID no existe en tabla companies (lookup),Fila omitida
489,company_id,3,NULL,ID no existe en tabla companies (lookup),Fila omitida
490,company_id,3,NULL,ID no existe en tabla companies (lookup),Fila omitida
491,company_id,3,NULL,ID no existe en tabla companies (lookup),Fila omitida
492,company_id,3,NULL,ID no existe en tabla companies (lookup),Fila omitida
493,company_id,3,NULL,ID no existe en tabla companies (lookup),Fila omitida
494,company_id,3,NULL,ID no existe en tabla companies (lookup),Fila omitida
496,company_id,3,NULL,ID no existe en tabla companies (lookup),Fila omitida
497,company_id,3,NULL,ID no existe en tabla companies (lookup),Fila omitida
498,company_id,3,NULL,ID no existe en tabla companies (lookup),Fila omitida
499,company_id,3,NULL,ID no existe en tabla companies (lookup),Fila omitida
501,company_id,3,NULL,ID no existe en tabla companies (lookup),Fila omitida
502,company_id,3,NULL,ID no existe en tabla companies (lookup),Fila omitida
503,company_id,3,NULL,ID no existe en tabla companies (lookup),Fila omitida
504,company_id,3,NULL,ID no existe en tabla companies (lookup),Fila omitida
505,company_id,3,NULL,ID no existe en tabla companies (lookup),Fila omitida
506,company_id,3,NULL,ID no existe en tabla companies (lookup),Fila omitida
507,company_id,3,NULL,ID no existe en tabla companies (lookup),Fila omitida
508,company_id,3,NULL,ID no existe en tabla companies (lookup),Fila omitida
509,company_id,3,NULL,ID no existe en tabla companies (lookup),Fila omitida
510,company_id,3,NULL,ID no existe en tabla companies (lookup),Fila omitida
511,company_id,3,NULL,ID no existe en tabla companies (lookup),Fila omitida
513,company_id,3,NULL,ID no existe en tabla companies (lookup),Fila omitida
514,company_id,3,NULL,ID no existe en tabla companies (lookup),Fila omitida
515,company_id,3,NULL,ID no existe en tabla companies (lookup),Fila omitida
516,company_id,3,NULL,ID no existe en tabla companies (lookup),Fila omitida
517,company_id,3,NULL,ID no existe en tabla companies (lookup),Fila omitida
518,company_id,3,NULL,ID no existe en tabla companies (lookup),Fila omitida
519,company_id,3,NULL,ID no existe en tabla companies (lookup),Fila omitida
520,company_id,3,NULL,ID no existe en tabla companies (lookup),Fila omitida
521,company_id,3,NULL,ID no existe en tabla companies (lookup),Fila omitida
522,company_id,3,NULL,ID no existe en tabla companies (lookup),Fila omitida
523,company_id,3,NULL,ID no existe en tabla companies (lookup),Fila omitida
524,company_id,3,NULL,ID no existe en tabla companies (lookup),Fila omitida
525,company_id,3,NULL,ID no existe en tabla companies (lookup),Fila omitida
526,company_id,3,NULL,ID no existe en tabla companies (lookup),Fila omitida
527,company_id,3,NULL,ID no existe en tabla companies (lookup),Fila omitida
528,company_id,3,NULL,ID no existe en tabla companies (lookup),Fila omitida
529,company_id,3,NULL,ID no existe en tabla companies (lookup),Fila omitida
530,company_id,3,NULL,ID no existe en tabla companies (lookup),Fila omitida
531,company_id,3,NULL,ID no existe en tabla companies (lookup),Fila omitida
532,company_id,3,NULL,ID no existe en tabla companies (lookup),Fila omitida
533,company_id,3,NULL,ID no existe en tabla companies (lookup),Fila omitida
534,company_id,3,NULL,ID no existe en tabla companies (lookup),Fila omitida
535,company_id,3,NULL,ID no existe en tabla companies (lookup),Fila omitida
536,company_id,3,NULL,ID no existe en tabla companies (lookup),Fila omitida
537,company_id,3,NULL,ID no existe en tabla companies (lookup),Fila omitida
538,company_id,3,NULL,ID no existe en tabla companies (lookup),Fila omitida
539,company_id,3,NULL,ID no existe en tabla companies (lookup),Fila omitida
540,company_id,3,NULL,ID no existe en tabla companies (lookup),Fila omitida
541,company_id,3,NULL,ID no existe en tabla companies (lookup),Fila omitida
542,company_id,3,NULL,ID no existe en tabla companies (lookup),Fila omitida
543,company_id,3,NULL,ID no existe en tabla companies (lookup),Fila omitida
544,company_id,3,NULL,ID no existe en tabla companies (lookup),Fila omitida
545,company_id,3,NULL,ID no existe en tabla companies (lookup),Fila omitida
546,company_id,3,NULL,ID no existe en tabla companies (lookup),Fila omitida
547,company_id,3,NULL,ID no existe en tabla companies (lookup),Fila omitida
548,company_id,3,NULL,ID no existe en tabla companies (lookup),Fila omitida
549,company_id,3,NULL,ID no existe en tabla companies (lookup),Fila omitida
550,company_id,3,NULL,ID no existe en tabla companies (lookup),Fila omitida
551,company_id,3,NULL,ID no existe en tabla companies (lookup),Fila omitida
552,company_id,3,NULL,ID no existe en tabla companies (lookup),Fila omitida
553,company_id,3,NULL,ID no existe en tabla companies (lookup),Fila omitida
554,company_id,3,NULL,ID no existe en tabla companies (lookup),Fila omitida
555,company_id,3,NULL,ID no existe en tabla companies (lookup),Fila omitida
556,company_id,3,NULL,ID no existe en tabla companies (lookup),Fila omitida
557,company_id,3,NULL,ID no existe en tabla companies (lookup),Fila omitida
558,company_id,3,NULL,ID no existe en tabla companies (lookup),Fila omitida
559,company_id,3,NULL,ID no existe en tabla companies (lookup),Fila omitida
560,company_id,3,NULL,ID no existe en tabla companies (lookup),Fila omitida
561,company_id,3,NULL,ID no existe en tabla companies (lookup),Fila omitida
562,company_id,3,NULL,ID no existe en tabla companies (lookup),Fila omitida
563,company_id,3,NULL,ID no existe en tabla companies (lookup),Fila omitida
564,company_id,3,NULL,ID no existe en tabla companies (lookup),Fila omitida
565,company_id,3,NULL,ID no existe en tabla companies (lookup),Fila omitida
567,company_id,3,NULL,ID no existe en tabla companies (lookup),Fila omitida
568,company_id,3,NULL,ID no existe en tabla companies (lookup),Fila omitida
569,company_id,3,NULL,ID no existe en tabla companies (lookup),Fila omitida
570,company_id,3,NULL,ID no existe en tabla companies (lookup),Fila omitida
571,company_id,3,NULL,ID no existe en tabla companies (lookup),Fila omitida
572,company_id,3,NULL,ID no existe en tabla companies (lookup),Fila omitida
573,company_id,3,NULL,ID no existe en tabla companies (lookup),Fila omitida
574,company_id,3,NULL,ID no existe en tabla companies (lookup),Fila omitida
575,company_id,3,NULL,ID no existe en tabla companies (lookup),Fila omitida
576,company_id,3,NULL,ID no existe en tabla companies (lookup),Fila omitida
577,company_id,3,NULL,ID no existe en tabla companies (lookup),Fila omitida
578,company_id,8,NULL,ID no existe en tabla companies (lookup),Fila omitida
579,company_id,8,NULL,ID no existe en tabla companies (lookup),Fila omitida
581,company_id,8,NULL,ID no existe en tabla companies (lookup),Fila omitida
582,company_id,8,NULL,ID no existe en tabla companies (lookup),Fila omitida
583,company_id,8,NULL,ID no existe en tabla companies (lookup),Fila omitida
584,company_id,8,NULL,ID no existe en tabla companies (lookup),Fila omitida
585,company_id,8,NULL,ID no existe en tabla companies (lookup),Fila omitida
586,company_id,8,NULL,ID no existe en tabla companies (lookup),Fila omitida
587,company_id,3,NULL,ID no existe en tabla companies (lookup),Fila omitida
588,company_id,8,NULL,ID no existe en tabla companies (lookup),Fila omitida
589,company_id,8,NULL,ID no existe en tabla companies (lookup),Fila omitida
590,company_id,8,NULL,ID no existe en tabla companies (lookup),Fila omitida
591,company_id,8,NULL,ID no existe en tabla companies (lookup),Fila omitida
592,company_id,8,NULL,ID no existe en tabla companies (lookup),Fila omitida
593,company_id,8,NULL,ID no existe en tabla companies (lookup),Fila omitida
594,company_id,8,NULL,ID no existe en tabla companies (lookup),Fila omitida
595,company_id,8,NULL,ID no existe en tabla companies (lookup),Fila omitida
596,company_id,8,NULL,ID no existe en tabla companies (lookup),Fila omitida
597,company_id,8,NULL,ID no existe en tabla companies (lookup),Fila omitida
598,company_id,8,NULL,ID no existe en tabla companies (lookup),Fila omitida
599,company_id,8,NULL,ID no existe en tabla companies (lookup),Fila omitida
600,company_id,8,NULL,ID no existe en tabla companies (lookup),Fila omitida
601,company_id,3,NULL,ID no existe en tabla companies (lookup),Fila omitida
602,company_id,8,NULL,ID no existe en tabla companies (lookup),Fila omitida
603,company_id,8,NULL,ID no existe en tabla companies (lookup),Fila omitida
604,company_id,8,NULL,ID no existe en tabla companies (lookup),Fila omitida
605,company_id,8,NULL,ID no existe en tabla companies (lookup),Fila omitida
606,company_id,8,NULL,ID no existe en tabla companies (lookup),Fila omitida
607,company_id,8,NULL,ID no existe en tabla companies (lookup),Fila omitida
608,company_id,8,NULL,ID no existe en tabla companies (lookup),Fila omitida
609,company_id,8,NULL,ID no existe en tabla companies (lookup),Fila omitida
610,company_id,8,NULL,ID no existe en tabla companies (lookup),Fila omitida
612,company_id,8,NULL,ID no existe en tabla companies (lookup),Fila omitida
613,company_id,8,NULL,ID no existe en tabla companies (lookup),Fila omitida
614,company_id,8,NULL,ID no existe en tabla companies (lookup),Fila omitida
615,company_id,8,NULL,ID no existe en tabla companies (lookup),Fila omitida
616,company_id,8,NULL,ID no existe en tabla companies (lookup),Fila omitida
617,company_id,8,NULL,ID no existe en tabla companies (lookup),Fila omitida
618,company_id,8,NULL,ID no existe en tabla companies (lookup),Fila omitida
619,company_id,8,NULL,ID no existe en tabla companies (lookup),Fila omitida
621,company_id,8,NULL,ID no existe en tabla companies (lookup),Fila omitida
622,company_id,8,NULL,ID no existe en tabla companies (lookup),Fila omitida
623,company_id,8,NULL,ID no existe en tabla companies (lookup),Fila omitida
624,company_id,8,NULL,ID no existe en tabla companies (lookup),Fila omitida
625,company_id,8,NULL,ID no existe en tabla companies (lookup),Fila omitida
626,company_id,8,NULL,ID no existe en tabla companies (lookup),Fila omitida
627,company_id,8,NULL,ID no existe en tabla companies (lookup),Fila omitida
628,company_id,8,NULL,ID no existe en tabla companies (lookup),Fila omitida
629,company_id,8,NULL,ID no existe en tabla companies (lookup),Fila omitida
630,company_id,8,NULL,ID no existe en tabla companies (lookup),Fila omitida
631,company_id,8,NULL,ID no existe en tabla companies (lookup),Fila omitida
632,company_id,8,NULL,ID no existe en tabla companies (lookup),Fila omitida
633,company_id,8,NULL,ID no existe en tabla companies (lookup),Fila omitida
634,company_id,8,NULL,ID no existe en tabla companies (lookup),Fila omitida
635,company_id,3,NULL,ID no existe en tabla companies (lookup),Fila omitida
636,company_id,3,NULL,ID no existe en tabla companies (lookup),Fila omitida
637,company_id,8,NULL,ID no existe en tabla companies (lookup),Fila omitida
638,company_id,8,NULL,ID no existe en tabla companies (lookup),Fila omitida
639,company_id,8,NULL,ID no existe en tabla companies (lookup),Fila omitida
640,company_id,8,NULL,ID no existe en tabla companies (lookup),Fila omitida
641,company_id,8,NULL,ID no existe en tabla companies (lookup),Fila omitida
642,company_id,8,NULL,ID no existe en tabla companies (lookup),Fila omitida
643,company_id,8,NULL,ID no existe en tabla companies (lookup),Fila omitida
644,company_id,8,NULL,ID no existe en tabla companies (lookup),Fila omitida
645,company_id,3,NULL,ID no existe en tabla companies (lookup),Fila omitida
646,company_id,8,NULL,ID no existe en tabla companies (lookup),Fila omitida
647,company_id,3,NULL,ID no existe en tabla companies (lookup),Fila omitida
648,company_id,8,NULL,ID no existe en tabla companies (lookup),Fila omitida
649,company_id,3,NULL,ID no existe en tabla companies (lookup),Fila omitida
650,company_id,8,NULL,ID no existe en tabla companies (lookup),Fila omitida
651,company_id,3,NULL,ID no existe en tabla companies (lookup),Fila omitida
652,company_id,8,NULL,ID no existe en tabla companies (lookup),Fila omitida
653,company_id,8,NULL,ID no existe en tabla companies (lookup),Fila omitida
654,company_id,8,NULL,ID no existe en tabla companies (lookup),Fila omitida
655,company_id,8,NULL,ID no existe en tabla companies (lookup),Fila omitida
656,company_id,8,NULL,ID no existe en tabla companies (lookup),Fila omitida
657,company_id,8,NULL,ID no existe en tabla companies (lookup),Fila omitida
658,company_id,3,NULL,ID no existe en tabla companies (lookup),Fila omitida
659,company_id,8,NULL,ID no existe en tabla companies (lookup),Fila omitida
660,company_id,8,NULL,ID no existe en tabla companies (lookup),Fila omitida
661,company_id,8,NULL,ID no existe en tabla companies (lookup),Fila omitida
662,company_id,8,NULL,ID no existe en tabla companies (lookup),Fila omitida
663,company_id,8,NULL,ID no existe en tabla companies (lookup),Fila omitida
664,company_id,8,NULL,ID no existe en tabla companies (lookup),Fila omitida
665,company_id,8,NULL,ID no existe en tabla companies (lookup),Fila omitida
666,company_id,8,NULL,ID no existe en tabla companies (lookup),Fila omitida
667,company_id,8,NULL,ID no existe en tabla companies (lookup),Fila omitida
668,company_id,3,NULL,ID no existe en tabla companies (lookup),Fila omitida
669,company_id,8,NULL,ID no existe en tabla companies (lookup),Fila omitida
670,company_id,8,NULL,ID no existe en tabla companies (lookup),Fila omitida
671,company_id,3,NULL,ID no existe en tabla companies (lookup),Fila omitida
672,company_id,8,NULL,ID no existe en tabla companies (lookup),Fila omitida
673,company_id,8,NULL,ID no existe en tabla companies (lookup),Fila omitida
674,company_id,8,NULL,ID no existe en tabla companies (lookup),Fila omitida
675,company_id,8,NULL,ID no existe en tabla companies (lookup),Fila omitida
676,company_id,8,NULL,ID no existe en tabla companies (lookup),Fila omitida
677,company_id,8,NULL,ID no existe en tabla companies (lookup),Fila omitida
678,company_id,8,NULL,ID no existe en tabla companies (lookup),Fila omitida
679,company_id,8,NULL,ID no existe en tabla companies (lookup),Fila omitida
680,company_id,8,NULL,ID no existe en tabla companies (lookup),Fila omitida
681,company_id,8,NULL,ID no existe en tabla companies (lookup),Fila omitida
682,company_id,8,NULL,ID no existe en tabla companies (lookup),Fila omitida
683,company_id,8,NULL,ID no existe en tabla companies (lookup),Fila omitida
684,company_id,8,NULL,ID no existe en tabla companies (lookup),Fila omitida
685,company_id,8,NULL,ID no existe en tabla companies (lookup),Fila omitida
686,company_id,8,NULL,ID no existe en tabla companies (lookup),Fila omitida
687,company_id,8,NULL,ID no existe en tabla companies (lookup),Fila omitida
688,company_id,8,NULL,ID no existe en tabla companies (lookup),Fila omitida
689,company_id,8,NULL,ID no existe en tabla companies (lookup),Fila omitida
690,company_id,8,NULL,ID no existe en tabla companies (lookup),Fila omitida
691,company_id,8,NULL,ID no existe en tabla companies (lookup),Fila omitida
692,company_id,8,NULL,ID no existe en tabla companies (lookup),Fila omitida
693,company_id,8,NULL,ID no existe en tabla companies (lookup),Fila omitida
694,company_id,8,NULL,ID no existe en tabla companies (lookup),Fila omitida
695,company_id,8,NULL,ID no existe en tabla companies (lookup),Fila omitida
696,company_id,8,NULL,ID no existe en tabla companies (lookup),Fila omitida
697,company_id,8,NULL,ID no existe en tabla companies (lookup),Fila omitida
698,company_id,8,NULL,ID no existe en tabla companies (lookup),Fila omitida
699,company_id,8,NULL,ID no existe en tabla companies (lookup),Fila omitida
700,company_id,8,NULL,ID no existe en tabla companies (lookup),Fila omitida
701,company_id,8,NULL,ID no existe en tabla companies (lookup),Fila omitida
702,company_id,8,NULL,ID no existe en tabla companies (lookup),Fila omitida
703,company_id,8,NULL,ID no existe en tabla companies (lookup),Fila omitida
704,company_id,8,NULL,ID no existe en tabla companies (lookup),Fila omitida
705,company_id,8,NULL,ID no existe en tabla companies (lookup),Fila omitida
706,company_id,8,NULL,ID no existe en tabla companies (lookup),Fila omitida
707,company_id,8,NULL,ID no existe en tabla companies (lookup),Fila omitida
708,company_id,8,NULL,ID no existe en tabla companies (lookup),Fila omitida
709,company_id,8,NULL,ID no existe en tabla companies (lookup),Fila omitida
710,company_id,8,NULL,ID no existe en tabla companies (lookup),Fila omitida
711,company_id,8,NULL,ID no existe en tabla companies (lookup),Fila omitida
712,company_id,8,NULL,ID no existe en tabla companies (lookup),Fila omitida
713,company_id,8,NULL,ID no existe en tabla companies (lookup),Fila omitida
714,company_id,8,NULL,ID no existe en tabla companies (lookup),Fila omitida
715,company_id,8,NULL,ID no existe en tabla companies (lookup),Fila omitida
716,company_id,8,NULL,ID no existe en tabla companies (lookup),Fila omitida
717,company_id,8,NULL,ID no existe en tabla companies (lookup),Fila omitida
718,company_id,8,NULL,ID no existe en tabla companies (lookup),Fila omitida
720,company_id,8,NULL,ID no existe en tabla companies (lookup),Fila omitida
721,company_id,8,NULL,ID no existe en tabla companies (lookup),Fila omitida
722,company_id,8,NULL,ID no existe en tabla companies (lookup),Fila omitida
723,company_id,8,NULL,ID no existe en tabla companies (lookup),Fila omitida
724,company_id,8,NULL,ID no existe en tabla companies (lookup),Fila omitida
725,company_id,8,NULL,ID no existe en tabla companies (lookup),Fila omitida
726,company_id,8,NULL,ID no existe en tabla companies (lookup),Fila omitida
727,company_id,8,NULL,ID no existe en tabla companies (lookup),Fila omitida
728,company_id,8,NULL,ID no existe en tabla companies (lookup),Fila omitida
729,company_id,8,NULL,ID no existe en tabla companies (lookup),Fila omitida
730,company_id,8,NULL,ID no existe en tabla companies (lookup),Fila omitida
731,company_id,8,NULL,ID no existe en tabla companies (lookup),Fila omitida
732,company_id,8,NULL,ID no existe en tabla companies (lookup),Fila omitida
733,company_id,8,NULL,ID no existe en tabla companies (lookup),Fila omitida
734,company_id,8,NULL,ID no existe en tabla companies (lookup),Fila omitida
735,company_id,8,NULL,ID no existe en tabla companies (lookup),Fila omitida
736,company_id,8,NULL,ID no existe en tabla companies (lookup),Fila omitida
737,company_id,8,NULL,ID no existe en tabla companies (lookup),Fila omitida
738,company_id,8,NULL,ID no existe en tabla companies (lookup),Fila omitida
739,company_id,8,NULL,ID no existe en tabla companies (lookup),Fila omitida
740,company_id,8,NULL,ID no existe en tabla companies (lookup),Fila omitida
741,company_id,8,NULL,ID no existe en tabla companies (lookup),Fila omitida
742,company_id,8,NULL,ID no existe en tabla companies (lookup),Fila omitida
743,company_id,8,NULL,ID no existe en tabla companies (lookup),Fila omitida
744,company_id,8,NULL,ID no existe en tabla companies (lookup),Fila omitida
745,company_id,8,NULL,ID no existe en tabla companies (lookup),Fila omitida
746,company_id,8,NULL,ID no existe en tabla companies (lookup),Fila omitida
747,company_id,8,NULL,ID no existe en tabla companies (lookup),Fila omitida
748,company_id,8,NULL,ID no existe en tabla companies (lookup),Fila omitida
749,company_id,8,NULL,ID no existe en tabla companies (lookup),Fila omitida
750,company_id,8,NULL,ID no existe en tabla companies (lookup),Fila omitida
751,company_id,8,NULL,ID no existe en tabla companies (lookup),Fila omitida
752,company_id,8,NULL,ID no existe en tabla companies (lookup),Fila omitida
753,company_id,8,NULL,ID no existe en tabla companies (lookup),Fila omitida
754,company_id,8,NULL,ID no existe en tabla companies (lookup),Fila omitida
755,company_id,8,NULL,ID no existe en tabla companies (lookup),Fila omitida
756,company_id,8,NULL,ID no existe en tabla companies (lookup),Fila omitida
757,company_id,8,NULL,ID no existe en tabla companies (lookup),Fila omitida
758,company_id,8,NULL,ID no existe en tabla companies (lookup),Fila omitida
759,company_id,8,NULL,ID no existe en tabla companies (lookup),Fila omitida
760,company_id,8,NULL,ID no existe en tabla companies (lookup),Fila omitida
762,company_id,8,NULL,ID no existe en tabla companies (lookup),Fila omitida
763,company_id,8,NULL,ID no existe en tabla companies (lookup),Fila omitida
764,company_id,8,NULL,ID no existe en tabla companies (lookup),Fila omitida
765,company_id,8,NULL,ID no existe en tabla companies (lookup),Fila omitida
766,company_id,8,NULL,ID no existe en tabla companies (lookup),Fila omitida
767,company_id,8,NULL,ID no existe en tabla companies (lookup),Fila omitida
768,company_id,8,NULL,ID no existe en tabla companies (lookup),Fila omitida
769,company_id,8,NULL,ID no existe en tabla companies (lookup),Fila omitida
771,company_id,8,NULL,ID no existe en tabla companies (lookup),Fila omitida
772,company_id,8,NULL,ID no existe en tabla companies (lookup),Fila omitida
773,company_id,8,NULL,ID no existe en tabla companies (lookup),Fila omitida
774,company_id,8,NULL,ID no existe en tabla companies (lookup),Fila omitida
775,company_id,3,NULL,ID no existe en tabla companies (lookup),Fila omitida
776,company_id,8,NULL,ID no existe en tabla companies (lookup),Fila omitida
777,company_id,8,NULL,ID no existe en tabla companies (lookup),Fila omitida
778,company_id,8,NULL,ID no existe en tabla companies (lookup),Fila omitida
779,company_id,8,NULL,ID no existe en tabla companies (lookup),Fila omitida
780,company_id,8,NULL,ID no existe en tabla companies (lookup),Fila omitida
781,company_id,8,NULL,ID no existe en tabla companies (lookup),Fila omitida
782,company_id,8,NULL,ID no existe en tabla companies (lookup),Fila omitida
783,company_id,8,NULL,ID no existe en tabla companies (lookup),Fila omitida
784,company_id,8,NULL,ID no existe en tabla companies (lookup),Fila omitida
785,company_id,8,NULL,ID no existe en tabla companies (lookup),Fila omitida
786,company_id,8,NULL,ID no existe en tabla companies (lookup),Fila omitida
787,company_id,8,NULL,ID no existe en tabla companies (lookup),Fila omitida
788,company_id,8,NULL,ID no existe en tabla companies (lookup),Fila omitida
789,company_id,8,NULL,ID no existe en tabla companies (lookup),Fila omitida
790,company_id,8,NULL,ID no existe en tabla companies (lookup),Fila omitida
791,company_id,3,NULL,ID no existe en tabla companies (lookup),Fila omitida
792,company_id,8,NULL,ID no existe en tabla companies (lookup),Fila omitida
793,company_id,3,NULL,ID no existe en tabla companies (lookup),Fila omitida
794,company_id,8,NULL,ID no existe en tabla companies (lookup),Fila omitida
795,company_id,3,NULL,ID no existe en tabla companies (lookup),Fila omitida
796,company_id,8,NULL,ID no existe en tabla companies (lookup),Fila omitida
797,company_id,8,NULL,ID no existe en tabla companies (lookup),Fila omitida
798,company_id,8,NULL,ID no existe en tabla companies (lookup),Fila omitida
799,company_id,8,NULL,ID no existe en tabla companies (lookup),Fila omitida
800,company_id,8,NULL,ID no existe en tabla companies (lookup),Fila omitida
801,company_id,3,NULL,ID no existe en tabla companies (lookup),Fila omitida
802,company_id,3,NULL,ID no existe en tabla companies (lookup),Fila omitida
803,company_id,8,NULL,ID no existe en tabla companies (lookup),Fila omitida
804,company_id,3,NULL,ID no existe en tabla companies (lookup),Fila omitida
805,company_id,3,NULL,ID no existe en tabla companies (lookup),Fila omitida
806,company_id,3,NULL,ID no existe en tabla companies (lookup),Fila omitida
807,company_id,8,NULL,ID no existe en tabla companies (lookup),Fila omitida
808,company_id,8,NULL,ID no existe en tabla companies (lookup),Fila omitida
809,company_id,8,NULL,ID no existe en tabla companies (lookup),Fila omitida
810,company_id,8,NULL,ID no existe en tabla companies (lookup),Fila omitida
811,company_id,8,NULL,ID no existe en tabla companies (lookup),Fila omitida
812,company_id,8,NULL,ID no existe en tabla companies (lookup),Fila omitida
813,company_id,8,NULL,ID no existe en tabla companies (lookup),Fila omitida
815,company_id,8,NULL,ID no existe en tabla companies (lookup),Fila omitida
817,company_id,8,NULL,ID no existe en tabla companies (lookup),Fila omitida
818,company_id,8,NULL,ID no existe en tabla companies (lookup),Fila omitida
819,company_id,3,NULL,ID no existe en tabla companies (lookup),Fila omitida
820,company_id,8,NULL,ID no existe en tabla companies (lookup),Fila omitida
821,company_id,8,NULL,ID no existe en tabla companies (lookup),Fila omitida
822,company_id,8,NULL,ID no existe en tabla companies (lookup),Fila omitida
823,company_id,8,NULL,ID no existe en tabla companies (lookup),Fila omitida
824,company_id,8,NULL,ID no existe en tabla companies (lookup),Fila omitida
825,company_id,8,NULL,ID no existe en tabla companies (lookup),Fila omitida
826,company_id,8,NULL,ID no existe en tabla companies (lookup),Fila omitida
827,company_id,8,NULL,ID no existe en tabla companies (lookup),Fila omitida
828,company_id,8,NULL,ID no existe en tabla companies (lookup),Fila omitida
829,company_id,8,NULL,ID no existe en tabla companies (lookup),Fila omitida
830,company_id,8,NULL,ID no existe en tabla companies (lookup),Fila omitida
831,company_id,8,NULL,ID no existe en tabla companies (lookup),Fila omitida
832,company_id,8,NULL,ID no existe en tabla companies (lookup),Fila omitida
833,company_id,8,NULL,ID no existe en tabla companies (lookup),Fila omitida
834,company_id,8,NULL,ID no existe en tabla companies (lookup),Fila omitida
835,company_id,8,NULL,ID no existe en tabla companies (lookup),Fila omitida
836,company_id,8,NULL,ID no existe en tabla companies (lookup),Fila omitida
837,company_id,8,NULL,ID no existe en tabla companies (lookup),Fila omitida
838,company_id,8,NULL,ID no existe en tabla companies (lookup),Fila omitida
839,company_id,8,NULL,ID no existe en tabla companies (lookup),Fila omitida
840,company_id,8,NULL,ID no existe en tabla companies (lookup),Fila omitida
842,company_id,8,NULL,ID no existe en tabla companies (lookup),Fila omitida
843,company_id,8,NULL,ID no existe en tabla companies (lookup),Fila omitida
844,company_id,8,NULL,ID no existe en tabla companies (lookup),Fila omitida
845,company_id,8,NULL,ID no existe en tabla companies (lookup),Fila omitida
846,company_id,8,NULL,ID no existe en tabla companies (lookup),Fila omitida
847,company_id,8,NULL,ID no existe en tabla companies (lookup),Fila omitida
848,company_id,8,NULL,ID no existe en tabla companies (lookup),Fila omitida
849,company_id,8,NULL,ID no existe en tabla companies (lookup),Fila omitida
850,company_id,8,NULL,ID no existe en tabla companies (lookup),Fila omitida
851,company_id,8,NULL,ID no existe en tabla companies (lookup),Fila omitida
852,company_id,8,NULL,ID no existe en tabla companies (lookup),Fila omitida
853,company_id,8,NULL,ID no existe en tabla companies (lookup),Fila omitida
854,company_id,8,NULL,ID no existe en tabla companies (lookup),Fila omitida
855,company_id,8,NULL,ID no existe en tabla companies (lookup),Fila omitida
856,company_id,8,NULL,ID no existe en tabla companies (lookup),Fila omitida
857,company_id,8,NULL,ID no existe en tabla companies (lookup),Fila omitida
858,company_id,8,NULL,ID no existe en tabla companies (lookup),Fila omitida
859,company_id,8,NULL,ID no existe en tabla companies (lookup),Fila omitida
860,company_id,8,NULL,ID no existe en tabla companies (lookup),Fila omitida
861,company_id,3,NULL,ID no existe en tabla companies (lookup),Fila omitida
862,company_id,8,NULL,ID no existe en tabla companies (lookup),Fila omitida
863,company_id,8,NULL,ID no existe en tabla companies (lookup),Fila omitida
864,company_id,8,NULL,ID no existe en tabla companies (lookup),Fila omitida
865,company_id,8,NULL,ID no existe en tabla companies (lookup),Fila omitida
866,company_id,8,NULL,ID no existe en tabla companies (lookup),Fila omitida
867,company_id,8,NULL,ID no existe en tabla companies (lookup),Fila omitida
868,company_id,8,NULL,ID no existe en tabla companies (lookup),Fila omitida
869,company_id,8,NULL,ID no existe en tabla companies (lookup),Fila omitida
870,company_id,8,NULL,ID no existe en tabla companies (lookup),Fila omitida
871,company_id,8,NULL,ID no existe en tabla companies (lookup),Fila omitida
872,company_id,8,NULL,ID no existe en tabla companies (lookup),Fila omitida
873,company_id,8,NULL,ID no existe en tabla companies (lookup),Fila omitida
874,company_id,8,NULL,ID no existe en tabla companies (lookup),Fila omitida
875,company_id,8,NULL,ID no existe en tabla companies (lookup),Fila omitida
876,company_id,8,NULL,ID no existe en tabla companies (lookup),Fila omitida
877,company_id,8,NULL,ID no existe en tabla companies (lookup),Fila omitida
878,company_id,8,NULL,ID no existe en tabla companies (lookup),Fila omitida
879,company_id,8,NULL,ID no existe en tabla companies (lookup),Fila omitida
880,company_id,8,NULL,ID no existe en tabla companies (lookup),Fila omitida
881,company_id,8,NULL,ID no existe en tabla companies (lookup),Fila omitida
882,company_id,8,NULL,ID no existe en tabla companies (lookup),Fila omitida
883,company_id,8,NULL,ID no existe en tabla companies (lookup),Fila omitida
885,company_id,8,NULL,ID no existe en tabla companies (lookup),Fila omitida
886,company_id,8,NULL,ID no existe en tabla companies (lookup),Fila omitida
887,company_id,8,NULL,ID no existe en tabla companies (lookup),Fila omitida
888,company_id,8,NULL,ID no existe en tabla companies (lookup),Fila omitida
889,company_id,8,NULL,ID no existe en tabla companies (lookup),Fila omitida
890,company_id,8,NULL,ID no existe en tabla companies (lookup),Fila omitida
891,company_id,8,NULL,ID no existe en tabla companies (lookup),Fila omitida
892,company_id,3,NULL,ID no existe en tabla companies (lookup),Fila omitida
893,company_id,8,NULL,ID no existe en tabla companies (lookup),Fila omitida
894,company_id,8,NULL,ID no existe en tabla companies (lookup),Fila omitida
895,company_id,8,NULL,ID no existe en tabla companies (lookup),Fila omitida
896,company_id,8,NULL,ID no existe en tabla companies (lookup),Fila omitida
897,company_id,8,NULL,ID no existe en tabla companies (lookup),Fila omitida
898,company_id,8,NULL,ID no existe en tabla companies (lookup),Fila omitida
899,company_id,8,NULL,ID no existe en tabla companies (lookup),Fila omitida
900,company_id,8,NULL,ID no existe en tabla companies (lookup),Fila omitida
901,company_id,8,NULL,ID no existe en tabla companies (lookup),Fila omitida
902,company_id,8,NULL,ID no existe en tabla companies (lookup),Fila omitida
903,company_id,8,NULL,ID no existe en tabla companies (lookup),Fila omitida
904,company_id,8,NULL,ID no existe en tabla companies (lookup),Fila omitida
905,company_id,8,NULL,ID no existe en tabla companies (lookup),Fila omitida
906,company_id,8,NULL,ID no existe en tabla companies (lookup),Fila omitida
907,company_id,8,NULL,ID no existe en tabla companies (lookup),Fila omitida
908,company_id,8,NULL,ID no existe en tabla companies (lookup),Fila omitida
909,company_id,8,NULL,ID no existe en tabla companies (lookup),Fila omitida
910,company_id,8,NULL,ID no existe en tabla companies (lookup),Fila omitida
911,company_id,8,NULL,ID no existe en tabla companies (lookup),Fila omitida
912,company_id,8,NULL,ID no existe en tabla companies (lookup),Fila omitida
913,company_id,8,NULL,ID no existe en tabla companies (lookup),Fila omitida
914,company_id,8,NULL,ID no existe en tabla companies (lookup),Fila omitida
915,company_id,8,NULL,ID no existe en tabla companies (lookup),Fila omitida
916,company_id,8,NULL,ID no existe en tabla companies (lookup),Fila omitida
917,company_id,8,NULL,ID no existe en tabla companies (lookup),Fila omitida
918,company_id,8,NULL,ID no existe en tabla companies (lookup),Fila omitida
919,company_id,8,NULL,ID no existe en tabla companies (lookup),Fila omitida
920,company_id,8,NULL,ID no existe en tabla companies (lookup),Fila omitida
921,company_id,8,NULL,ID no existe en tabla companies (lookup),Fila omitida
922,company_id,8,NULL,ID no existe en tabla companies (lookup),Fila omitida
923,company_id,8,NULL,ID no existe en tabla companies (lookup),Fila omitida
924,company_id,8,NULL,ID no existe en tabla companies (lookup),Fila omitida
925,company_id,8,NULL,ID no existe en tabla companies (lookup),Fila omitida
926,company_id,8,NULL,ID no existe en tabla companies (lookup),Fila omitida
927,company_id,8,NULL,ID no existe en tabla companies (lookup),Fila omitida
928,company_id,8,NULL,ID no existe en tabla companies (lookup),Fila omitida
929,company_id,8,NULL,ID no existe en tabla companies (lookup),Fila omitida
930,company_id,8,NULL,ID no existe en tabla companies (lookup),Fila omitida
931,company_id,8,NULL,ID no existe en tabla companies (lookup),Fila omitida
932,company_id,8,NULL,ID no existe en tabla companies (lookup),Fila omitida
933,company_id,8,NULL,ID no existe en tabla companies (lookup),Fila omitida
934,company_id,8,NULL,ID no existe en tabla companies (lookup),Fila omitida
935,company_id,8,NULL,ID no existe en tabla companies (lookup),Fila omitida
936,company_id,8,NULL,ID no existe en tabla companies (lookup),Fila omitida
937,company_id,8,NULL,ID no existe en tabla companies (lookup),Fila omitida
938,company_id,8,NULL,ID no existe en tabla companies (lookup),Fila omitida
939,company_id,8,NULL,ID no existe en tabla companies (lookup),Fila omitida
940,company_id,8,NULL,ID no existe en tabla companies (lookup),Fila omitida
941,company_id,8,NULL,ID no existe en tabla companies (lookup),Fila omitida
942,company_id,8,NULL,ID no existe en tabla companies (lookup),Fila omitida
943,company_id,8,NULL,ID no existe en tabla companies (lookup),Fila omitida
944,company_id,8,NULL,ID no existe en tabla companies (lookup),Fila omitida
945,company_id,8,NULL,ID no existe en tabla companies (lookup),Fila omitida
946,company_id,8,NULL,ID no existe en tabla companies (lookup),Fila omitida
947,company_id,8,NULL,ID no existe en tabla companies (lookup),Fila omitida
948,company_id,8,NULL,ID no existe en tabla companies (lookup),Fila omitida
949,company_id,3,NULL,ID no existe en tabla companies (lookup),Fila omitida
950,company_id,8,NULL,ID no existe en tabla companies (lookup),Fila omitida
951,company_id,8,NULL,ID no existe en tabla companies (lookup),Fila omitida
952,company_id,8,NULL,ID no existe en tabla companies (lookup),Fila omitida
953,company_id,8,NULL,ID no existe en tabla companies (lookup),Fila omitida
954,company_id,8,NULL,ID no existe en tabla companies (lookup),Fila omitida
955,company_id,8,NULL,ID no existe en tabla companies (lookup),Fila omitida
956,company_id,8,NULL,ID no existe en tabla companies (lookup),Fila omitida
957,company_id,8,NULL,ID no existe en tabla companies (lookup),Fila omitida
958,company_id,8,NULL,ID no existe en tabla companies (lookup),Fila omitida
959,company_id,8,NULL,ID no existe en tabla companies (lookup),Fila omitida
961,company_id,8,NULL,ID no existe en tabla companies (lookup),Fila omitida
962,company_id,8,NULL,ID no existe en tabla companies (lookup),Fila omitida
963,company_id,8,NULL,ID no existe en tabla companies (lookup),Fila omitida
964,company_id,8,NULL,ID no existe en tabla companies (lookup),Fila omitida
965,company_id,8,NULL,ID no existe en tabla companies (lookup),Fila omitida
966,company_id,8,NULL,ID no existe en tabla companies (lookup),Fila omitida
967,company_id,8,NULL,ID no existe en tabla companies (lookup),Fila omitida
968,company_id,8,NULL,ID no existe en tabla companies (lookup),Fila omitida
969,company_id,8,NULL,ID no existe en tabla companies (lookup),Fila omitida
970,company_id,8,NULL,ID no existe en tabla companies (lookup),Fila omitida
971,company_id,8,NULL,ID no existe en tabla companies (lookup),Fila omitida
972,company_id,8,NULL,ID no existe en tabla companies (lookup),Fila omitida
973,company_id,8,NULL,ID no existe en tabla companies (lookup),Fila omitida
974,company_id,8,NULL,ID no existe en tabla companies (lookup),Fila omitida
976,company_id,8,NULL,ID no existe en tabla companies (lookup),Fila omitida
977,company_id,8,NULL,ID no existe en tabla companies (lookup),Fila omitida
978,company_id,8,NULL,ID no existe en tabla companies (lookup),Fila omitida
980,company_id,8,NULL,ID no existe en tabla companies (lookup),Fila omitida
981,company_id,8,NULL,ID no existe en tabla companies (lookup),Fila omitida
982,company_id,8,NULL,ID no existe en tabla companies (lookup),Fila omitida
983,company_id,8,NULL,ID no existe en tabla companies (lookup),Fila omitida
984,company_id,8,NULL,ID no existe en tabla companies (lookup),Fila omitida
985,company_id,8,NULL,ID no existe en tabla companies (lookup),Fila omitida
986,company_id,8,NULL,ID no existe en tabla companies (lookup),Fila omitida
987,company_id,8,NULL,ID no existe en tabla companies (lookup),Fila omitida
988,company_id,8,NULL,ID no existe en tabla companies (lookup),Fila omitida
989,company_id,8,NULL,ID no existe en tabla companies (lookup),Fila omitida
990,company_id,8,NULL,ID no existe en tabla companies (lookup),Fila omitida
991,company_id,8,NULL,ID no existe en tabla companies (lookup),Fila omitida
992,company_id,8,NULL,ID no existe en tabla companies (lookup),Fila omitida
993,company_id,8,NULL,ID no existe en tabla companies (lookup),Fila omitida
994,company_id,8,NULL,ID no existe en tabla companies (lookup),Fila omitida
995,company_id,8,NULL,ID no existe en tabla companies (lookup),Fila omitida
996,company_id,8,NULL,ID no existe en tabla companies (lookup),Fila omitida
997,company_id,8,NULL,ID no existe en tabla companies (lookup),Fila omitida
998,company_id,8,NULL,ID no existe en tabla companies (lookup),Fila omitida
999,company_id,8,NULL,ID no existe en tabla companies (lookup),Fila omitida
1000,company_id,8,NULL,ID no existe en tabla companies (lookup),Fila omitida
1001,company_id,8,NULL,ID no existe en tabla companies (lookup),Fila omitida
1002,company_id,8,NULL,ID no existe en tabla companies (lookup),Fila omitida
1003,company_id,8,NULL,ID no existe en tabla companies (lookup),Fila omitida
1004,company_id,8,NULL,ID no existe en tabla companies (lookup),Fila omitida
1005,company_id,8,NULL,ID no existe en tabla companies (lookup),Fila omitida
1006,company_id,8,NULL,ID no existe en tabla companies (lookup),Fila omitida
1007,company_id,8,NULL,ID no existe en tabla companies (lookup),Fila omitida
1008,company_id,8,NULL,ID no existe en tabla companies (lookup),Fila omitida
1009,company_id,8,NULL,ID no existe en tabla companies (lookup),Fila omitida
1010,company_id,8,NULL,ID no existe en tabla companies (lookup),Fila omitida
1011,company_id,3,NULL,ID no existe en tabla companies (lookup),Fila omitida
1012,company_id,8,NULL,ID no existe en tabla companies (lookup),Fila omitida
1013,company_id,8,NULL,ID no existe en tabla companies (lookup),Fila omitida
1014,company_id,8,NULL,ID no existe en tabla companies (lookup),Fila omitida
1015,company_id,8,NULL,ID no existe en tabla companies (lookup),Fila omitida
1016,company_id,8,NULL,ID no existe en tabla companies (lookup),Fila omitida
1017,company_id,8,NULL,ID no existe en tabla companies (lookup),Fila omitida
1018,company_id,8,NULL,ID no existe en tabla companies (lookup),Fila omitida
1019,company_id,8,NULL,ID no existe en tabla companies (lookup),Fila omitida
1020,company_id,8,NULL,ID no existe en tabla companies (lookup),Fila omitida
1021,company_id,8,NULL,ID no existe en tabla companies (lookup),Fila omitida
1022,company_id,8,NULL,ID no existe en tabla companies (lookup),Fila omitida
1024,company_id,8,NULL,ID no existe en tabla companies (lookup),Fila omitida
1025,company_id,8,NULL,ID no existe en tabla companies (lookup),Fila omitida
1026,company_id,8,NULL,ID no existe en tabla companies (lookup),Fila omitida
1027,company_id,8,NULL,ID no existe en tabla companies (lookup),Fila omitida
1029,company_id,8,NULL,ID no existe en tabla companies (lookup),Fila omitida
1030,company_id,8,NULL,ID no existe en tabla companies (lookup),Fila omitida
1031,company_id,8,NULL,ID no existe en tabla companies (lookup),Fila omitida
1032,company_id,8,NULL,ID no existe en tabla companies (lookup),Fila omitida
1033,company_id,8,NULL,ID no existe en tabla companies (lookup),Fila omitida
1034,company_id,8,NULL,ID no existe en tabla companies (lookup),Fila omitida
1035,company_id,8,NULL,ID no existe en tabla companies (lookup),Fila omitida
1036,company_id,8,NULL,ID no existe en tabla companies (lookup),Fila omitida
1037,company_id,8,NULL,ID no existe en tabla companies (lookup),Fila omitida
1038,company_id,8,NULL,ID no existe en tabla companies (lookup),Fila omitida
1039,company_id,8,NULL,ID no existe en tabla companies (lookup),Fila omitida
1040,company_id,11,NULL,ID no existe en tabla companies (lookup),Fila omitida
1041,company_id,11,NULL,ID no existe en tabla companies (lookup),Fila omitida
1042,company_id,11,NULL,ID no existe en tabla companies (lookup),Fila omitida
1043,company_id,11,NULL,ID no existe en tabla companies (lookup),Fila omitida
1044,company_id,11,NULL,ID no existe en tabla companies (lookup),Fila omitida
1045,company_id,3,NULL,ID no existe en tabla companies (lookup),Fila omitida
1046,company_id,11,NULL,ID no existe en tabla companies (lookup),Fila omitida
1047,company_id,11,NULL,ID no existe en tabla companies (lookup),Fila omitida
1048,company_id,11,NULL,ID no existe en tabla companies (lookup),Fila omitida
1049,company_id,11,NULL,ID no existe en tabla companies (lookup),Fila omitida
1051,company_id,11,NULL,ID no existe en tabla companies (lookup),Fila omitida
1052,company_id,11,NULL,ID no existe en tabla companies (lookup),Fila omitida
1053,company_id,11,NULL,ID no existe en tabla companies (lookup),Fila omitida
1054,company_id,11,NULL,ID no existe en tabla companies (lookup),Fila omitida
1055,company_id,11,NULL,ID no existe en tabla companies (lookup),Fila omitida
1056,company_id,11,NULL,ID no existe en tabla companies (lookup),Fila omitida
1057,company_id,11,NULL,ID no existe en tabla companies (lookup),Fila omitida
1058,company_id,11,NULL,ID no existe en tabla companies (lookup),Fila omitida
1059,company_id,11,NULL,ID no existe en tabla companies (lookup),Fila omitida
1060,company_id,11,NULL,ID no existe en tabla companies (lookup),Fila omitida
1062,company_id,11,NULL,ID no existe en tabla companies (lookup),Fila omitida
1063,company_id,11,NULL,ID no existe en tabla companies (lookup),Fila omitida
1064,company_id,11,NULL,ID no existe en tabla companies (lookup),Fila omitida
1065,company_id,11,NULL,ID no existe en tabla companies (lookup),Fila omitida
1066,company_id,11,NULL,ID no existe en tabla companies (lookup),Fila omitida
1067,company_id,11,NULL,ID no existe en tabla companies (lookup),Fila omitida
1068,company_id,11,NULL,ID no existe en tabla companies (lookup),Fila omitida
1069,company_id,11,NULL,ID no existe en tabla companies (lookup),Fila omitida
1071,company_id,11,NULL,ID no existe en tabla companies (lookup),Fila omitida
1072,company_id,11,NULL,ID no existe en tabla companies (lookup),Fila omitida
1073,company_id,11,NULL,ID no existe en tabla companies (lookup),Fila omitida
1074,company_id,11,NULL,ID no existe en tabla companies (lookup),Fila omitida
1075,company_id,11,NULL,ID no existe en tabla companies (lookup),Fila omitida
1076,company_id,11,NULL,ID no existe en tabla companies (lookup),Fila omitida
1077,company_id,11,NULL,ID no existe en tabla companies (lookup),Fila omitida
1078,company_id,11,NULL,ID no existe en tabla companies (lookup),Fila omitida
1079,company_id,11,NULL,ID no existe en tabla companies (lookup),Fila omitida
1080,company_id,11,NULL,ID no existe en tabla companies (lookup),Fila omitida
1081,company_id,11,NULL,ID no existe en tabla companies (lookup),Fila omitida
1082,company_id,11,NULL,ID no existe en tabla companies (lookup),Fila omitida
1083,company_id,11,NULL,ID no existe en tabla companies (lookup),Fila omitida
1084,company_id,11,NULL,ID no existe en tabla companies (lookup),Fila omitida
1085,company_id,11,NULL,ID no existe en tabla companies (lookup),Fila omitida
1086,company_id,11,NULL,ID no existe en tabla companies (lookup),Fila omitida
1087,company_id,11,NULL,ID no existe en tabla companies (lookup),Fila omitida
1088,company_id,11,NULL,ID no existe en tabla companies (lookup),Fila omitida
1089,company_id,11,NULL,ID no existe en tabla companies (lookup),Fila omitida
1090,company_id,11,NULL,ID no existe en tabla companies (lookup),Fila omitida
1091,company_id,11,NULL,ID no existe en tabla companies (lookup),Fila omitida
1092,company_id,11,NULL,ID no existe en tabla companies (lookup),Fila omitida
1093,company_id,11,NULL,ID no existe en tabla companies (lookup),Fila omitida
1094,company_id,11,NULL,ID no existe en tabla companies (lookup),Fila omitida
1095,company_id,11,NULL,ID no existe en tabla companies (lookup),Fila omitida
1096,company_id,11,NULL,ID no existe en tabla companies (lookup),Fila omitida
1097,company_id,11,NULL,ID no existe en tabla companies (lookup),Fila omitida
1098,company_id,11,NULL,ID no existe en tabla companies (lookup),Fila omitida
1099,company_id,11,NULL,ID no existe en tabla companies (lookup),Fila omitida
1101,company_id,11,NULL,ID no existe en tabla companies (lookup),Fila omitida
1102,company_id,11,NULL,ID no existe en tabla companies (lookup),Fila omitida
1103,company_id,3,NULL,ID no existe en tabla companies (lookup),Fila omitida
1104,company_id,11,NULL,ID no existe en tabla companies (lookup),Fila omitida
1105,company_id,11,NULL,ID no existe en tabla companies (lookup),Fila omitida
1106,company_id,11,NULL,ID no existe en tabla companies (lookup),Fila omitida
1107,company_id,11,NULL,ID no existe en tabla companies (lookup),Fila omitida
1108,company_id,11,NULL,ID no existe en tabla companies (lookup),Fila omitida
1109,company_id,11,NULL,ID no existe en tabla companies (lookup),Fila omitida
1110,company_id,11,NULL,ID no existe en tabla companies (lookup),Fila omitida
1111,company_id,11,NULL,ID no existe en tabla companies (lookup),Fila omitida
1112,company_id,11,NULL,ID no existe en tabla companies (lookup),Fila omitida
1113,company_id,11,NULL,ID no existe en tabla companies (lookup),Fila omitida
1114,company_id,11,NULL,ID no existe en tabla companies (lookup),Fila omitida
1115,company_id,11,NULL,ID no existe en tabla companies (lookup),Fila omitida
1116,company_id,11,NULL,ID no existe en tabla companies (lookup),Fila omitida
1117,company_id,11,NULL,ID no existe en tabla companies (lookup),Fila omitida
1118,company_id,11,NULL,ID no existe en tabla companies (lookup),Fila omitida
1120,company_id,11,NULL,ID no existe en tabla companies (lookup),Fila omitida
1121,company_id,3,NULL,ID no existe en tabla companies (lookup),Fila omitida
1122,company_id,11,NULL,ID no existe en tabla companies (lookup),Fila omitida
1123,company_id,11,NULL,ID no existe en tabla companies (lookup),Fila omitida
1124,company_id,11,NULL,ID no existe en tabla companies (lookup),Fila omitida
1125,company_id,11,NULL,ID no existe en tabla companies (lookup),Fila omitida
1126,company_id,11,NULL,ID no existe en tabla companies (lookup),Fila omitida
1127,company_id,11,NULL,ID no existe en tabla companies (lookup),Fila omitida
1128,company_id,3,NULL,ID no existe en tabla companies (lookup),Fila omitida
1129,company_id,11,NULL,ID no existe en tabla companies (lookup),Fila omitida
1130,company_id,11,NULL,ID no existe en tabla companies (lookup),Fila omitida
1131,company_id,11,NULL,ID no existe en tabla companies (lookup),Fila omitida
1132,company_id,11,NULL,ID no existe en tabla companies (lookup),Fila omitida
1133,company_id,11,NULL,ID no existe en tabla companies (lookup),Fila omitida
1134,company_id,11,NULL,ID no existe en tabla companies (lookup),Fila omitida
1135,company_id,11,NULL,ID no existe en tabla companies (lookup),Fila omitida
1136,company_id,11,NULL,ID no existe en tabla companies (lookup),Fila omitida
1137,company_id,11,NULL,ID no existe en tabla companies (lookup),Fila omitida
1138,company_id,11,NULL,ID no existe en tabla companies (lookup),Fila omitida
1139,company_id,11,NULL,ID no existe en tabla companies (lookup),Fila omitida
1140,company_id,11,NULL,ID no existe en tabla companies (lookup),Fila omitida
1141,company_id,3,NULL,ID no existe en tabla companies (lookup),Fila omitida
1142,company_id,11,NULL,ID no existe en tabla companies (lookup),Fila omitida
1143,company_id,3,NULL,ID no existe en tabla companies (lookup),Fila omitida
1144,company_id,11,NULL,ID no existe en tabla companies (lookup),Fila omitida
1145,company_id,11,NULL,ID no existe en tabla companies (lookup),Fila omitida
1146,company_id,11,NULL,ID no existe en tabla companies (lookup),Fila omitida
1147,company_id,11,NULL,ID no existe en tabla companies (lookup),Fila omitida
1148,company_id,11,NULL,ID no existe en tabla companies (lookup),Fila omitida
1150,company_id,11,NULL,ID no existe en tabla companies (lookup),Fila omitida
1151,company_id,11,NULL,ID no existe en tabla companies (lookup),Fila omitida
1152,company_id,11,NULL,ID no existe en tabla companies (lookup),Fila omitida
1153,company_id,11,NULL,ID no existe en tabla companies (lookup),Fila omitida
1154,company_id,11,NULL,ID no existe en tabla companies (lookup),Fila omitida
1155,company_id,11,NULL,ID no existe en tabla companies (lookup),Fila omitida
1156,company_id,11,NULL,ID no existe en tabla companies (lookup),Fila omitida
1157,company_id,11,NULL,ID no existe en tabla companies (lookup),Fila omitida
1158,company_id,11,NULL,ID no existe en tabla companies (lookup),Fila omitida
1159,company_id,11,NULL,ID no existe en tabla companies (lookup),Fila omitida
1160,company_id,11,NULL,ID no existe en tabla companies (lookup),Fila omitida
1161,company_id,11,NULL,ID no existe en tabla companies (lookup),Fila omitida
1162,company_id,11,NULL,ID no existe en tabla companies (lookup),Fila omitida
1163,company_id,11,NULL,ID no existe en tabla companies (lookup),Fila omitida
1164,company_id,11,NULL,ID no existe en tabla companies (lookup),Fila omitida
1165,company_id,11,NULL,ID no existe en tabla companies (lookup),Fila omitida
1166,company_id,11,NULL,ID no existe en tabla companies (lookup),Fila omitida
1168,company_id,11,NULL,ID no existe en tabla companies (lookup),Fila omitida
1169,company_id,11,NULL,ID no existe en tabla companies (lookup),Fila omitida
1170,company_id,11,NULL,ID no existe en tabla companies (lookup),Fila omitida
1171,company_id,11,NULL,ID no existe en tabla companies (lookup),Fila omitida
1172,company_id,11,NULL,ID no existe en tabla companies (lookup),Fila omitida
1173,company_id,11,NULL,ID no existe en tabla companies (lookup),Fila omitida
1174,company_id,11,NULL,ID no existe en tabla companies (lookup),Fila omitida
1175,company_id,11,NULL,ID no existe en tabla companies (lookup),Fila omitida
1177,company_id,11,NULL,ID no existe en tabla companies (lookup),Fila omitida
1178,company_id,11,NULL,ID no existe en tabla companies (lookup),Fila omitida
1179,company_id,11,NULL,ID no existe en tabla companies (lookup),Fila omitida
1180,company_id,11,NULL,ID no existe en tabla companies (lookup),Fila omitida
1181,company_id,11,NULL,ID no existe en tabla companies (lookup),Fila omitida
1182,company_id,11,NULL,ID no existe en tabla companies (lookup),Fila omitida
1184,company_id,11,NULL,ID no existe en tabla companies (lookup),Fila omitida
1185,company_id,11,NULL,ID no existe en tabla companies (lookup),Fila omitida
1186,company_id,11,NULL,ID no existe en tabla companies (lookup),Fila omitida
1187,company_id,11,NULL,ID no existe en tabla companies (lookup),Fila omitida
1188,company_id,11,NULL,ID no existe en tabla companies (lookup),Fila omitida
1189,company_id,11,NULL,ID no existe en tabla companies (lookup),Fila omitida
1190,company_id,11,NULL,ID no existe en tabla companies (lookup),Fila omitida
1191,company_id,11,NULL,ID no existe en tabla companies (lookup),Fila omitida
1192,company_id,11,NULL,ID no existe en tabla companies (lookup),Fila omitida
1193,company_id,11,NULL,ID no existe en tabla companies (lookup),Fila omitida
1194,company_id,11,NULL,ID no existe en tabla companies (lookup),Fila omitida
1195,company_id,11,NULL,ID no existe en tabla companies (lookup),Fila omitida
1196,company_id,11,NULL,ID no existe en tabla companies (lookup),Fila omitida
1197,company_id,11,NULL,ID no existe en tabla companies (lookup),Fila omitida
1198,company_id,11,NULL,ID no existe en tabla companies (lookup),Fila omitida
1199,company_id,11,NULL,ID no existe en tabla companies (lookup),Fila omitida
1200,company_id,11,NULL,ID no existe en tabla companies (lookup),Fila omitida
1201,company_id,11,NULL,ID no existe en tabla companies (lookup),Fila omitida
1202,company_id,11,NULL,ID no existe en tabla companies (lookup),Fila omitida
1203,company_id,11,NULL,ID no existe en tabla companies (lookup),Fila omitida
1204,company_id,11,NULL,ID no existe en tabla companies (lookup),Fila omitida
1205,company_id,11,NULL,ID no existe en tabla companies (lookup),Fila omitida
1206,company_id,11,NULL,ID no existe en tabla companies (lookup),Fila omitida
1207,company_id,11,NULL,ID no existe en tabla companies (lookup),Fila omitida
1208,company_id,11,NULL,ID no existe en tabla companies (lookup),Fila omitida
1209,company_id,11,NULL,ID no existe en tabla companies (lookup),Fila omitida
1210,company_id,11,NULL,ID no existe en tabla companies (lookup),Fila omitida
1211,company_id,11,NULL,ID no existe en tabla companies (lookup),Fila omitida
1212,company_id,11,NULL,ID no existe en tabla companies (lookup),Fila omitida
1213,company_id,11,NULL,ID no existe en tabla companies (lookup),Fila omitida
1214,company_id,11,NULL,ID no existe en tabla companies (lookup),Fila omitida
1215,company_id,11,NULL,ID no existe en tabla companies (lookup),Fila omitida
1216,company_id,11,NULL,ID no existe en tabla companies (lookup),Fila omitida
1217,company_id,11,NULL,ID no existe en tabla companies (lookup),Fila omitida
1218,company_id,11,NULL,ID no existe en tabla companies (lookup),Fila omitida
1219,company_id,11,NULL,ID no existe en tabla companies (lookup),Fila omitida
1220,company_id,11,NULL,ID no existe en tabla companies (lookup),Fila omitida
1221,company_id,11,NULL,ID no existe en tabla companies (lookup),Fila omitida
1222,company_id,11,NULL,ID no existe en tabla companies (lookup),Fila omitida
1223,company_id,11,NULL,ID no existe en tabla companies (lookup),Fila omitida
1225,company_id,11,NULL,ID no existe en tabla companies (lookup),Fila omitida
1226,company_id,11,NULL,ID no existe en tabla companies (lookup),Fila omitida
1227,company_id,11,NULL,ID no existe en tabla companies (lookup),Fila omitida
1228,company_id,11,NULL,ID no existe en tabla companies (lookup),Fila omitida
1229,company_id,11,NULL,ID no existe en tabla companies (lookup),Fila omitida
1230,company_id,11,NULL,ID no existe en tabla companies (lookup),Fila omitida
1231,company_id,11,NULL,ID no existe en tabla companies (lookup),Fila omitida
1232,company_id,11,NULL,ID no existe en tabla companies (lookup),Fila omitida
1233,company_id,11,NULL,ID no existe en tabla companies (lookup),Fila omitida
1234,company_id,11,NULL,ID no existe en tabla companies (lookup),Fila omitida
1235,company_id,11,NULL,ID no existe en tabla companies (lookup),Fila omitida
1236,company_id,11,NULL,ID no existe en tabla companies (lookup),Fila omitida
1237,company_id,11,NULL,ID no existe en tabla companies (lookup),Fila omitida
1239,company_id,11,NULL,ID no existe en tabla companies (lookup),Fila omitida
1240,company_id,11,NULL,ID no existe en tabla companies (lookup),Fila omitida
1241,company_id,11,NULL,ID no existe en tabla companies (lookup),Fila omitida
1242,company_id,11,NULL,ID no existe en tabla companies (lookup),Fila omitida
1243,company_id,11,NULL,ID no existe en tabla companies (lookup),Fila omitida
1244,company_id,11,NULL,ID no existe en tabla companies (lookup),Fila omitida
1245,company_id,11,NULL,ID no existe en tabla companies (lookup),Fila omitida
1246,company_id,11,NULL,ID no existe en tabla companies (lookup),Fila omitida
1247,company_id,11,NULL,ID no existe en tabla companies (lookup),Fila omitida
1248,company_id,11,NULL,ID no existe en tabla companies (lookup),Fila omitida
1249,company_id,11,NULL,ID no existe en tabla companies (lookup),Fila omitida
1250,company_id,11,NULL,ID no existe en tabla companies (lookup),Fila omitida
1251,company_id,11,NULL,ID no existe en tabla companies (lookup),Fila omitida
1252,company_id,11,NULL,ID no existe en tabla companies (lookup),Fila omitida
1253,company_id,11,NULL,ID no existe en tabla companies (lookup),Fila omitida
1254,company_id,11,NULL,ID no existe en tabla companies (lookup),Fila omitida
1255,company_id,11,NULL,ID no existe en tabla companies (lookup),Fila omitida
1256,company_id,11,NULL,ID no existe en tabla companies (lookup),Fila omitida
1257,company_id,11,NULL,ID no existe en tabla companies (lookup),Fila omitida
1258,company_id,11,NULL,ID no existe en tabla companies (lookup),Fila omitida
1259,company_id,11,NULL,ID no existe en tabla companies (lookup),Fila omitida
1260,company_id,11,NULL,ID no existe en tabla companies (lookup),Fila omitida
1261,company_id,11,NULL,ID no existe en tabla companies (lookup),Fila omitida
1262,company_id,11,NULL,ID no existe en tabla companies (lookup),Fila omitida
1263,company_id,11,NULL,ID no existe en tabla companies (lookup),Fila omitida
1264,company_id,8,NULL,ID no existe en tabla companies (lookup),Fila omitida
1265,company_id,11,NULL,ID no existe en tabla companies (lookup),Fila omitida
1266,company_id,12,NULL,ID no existe en tabla companies (lookup),Fila omitida
1267,company_id,12,NULL,ID no existe en tabla companies (lookup),Fila omitida
1268,company_id,12,NULL,ID no existe en tabla companies (lookup),Fila omitida
1269,company_id,12,NULL,ID no existe en tabla companies (lookup),Fila omitida
1271,company_id,12,NULL,ID no existe en tabla companies (lookup),Fila omitida
1272,company_id,3,NULL,ID no existe en tabla companies (lookup),Fila omitida
1273,company_id,12,NULL,ID no existe en tabla companies (lookup),Fila omitida
1274,company_id,12,NULL,ID no existe en tabla companies (lookup),Fila omitida
1275,company_id,12,NULL,ID no existe en tabla companies (lookup),Fila omitida
1276,company_id,12,NULL,ID no existe en tabla companies (lookup),Fila omitida
1277,company_id,12,NULL,ID no existe en tabla companies (lookup),Fila omitida
1278,company_id,12,NULL,ID no existe en tabla companies (lookup),Fila omitida
1279,company_id,12,NULL,ID no existe en tabla companies (lookup),Fila omitida
1280,company_id,12,NULL,ID no existe en tabla companies (lookup),Fila omitida
1281,company_id,12,NULL,ID no existe en tabla companies (lookup),Fila omitida
1282,company_id,12,NULL,ID no existe en tabla companies (lookup),Fila omitida
1283,company_id,12,NULL,ID no existe en tabla companies (lookup),Fila omitida
1284,company_id,12,NULL,ID no existe en tabla companies (lookup),Fila omitida
1285,company_id,12,NULL,ID no existe en tabla companies (lookup),Fila omitida
1286,company_id,12,NULL,ID no existe en tabla companies (lookup),Fila omitida
1287,company_id,12,NULL,ID no existe en tabla companies (lookup),Fila omitida
1288,company_id,12,NULL,ID no existe en tabla companies (lookup),Fila omitida
1289,company_id,12,NULL,ID no existe en tabla companies (lookup),Fila omitida
1290,company_id,12,NULL,ID no existe en tabla companies (lookup),Fila omitida
1292,company_id,12,NULL,ID no existe en tabla companies (lookup),Fila omitida
1293,company_id,12,NULL,ID no existe en tabla companies (lookup),Fila omitida
1294,company_id,12,NULL,ID no existe en tabla companies (lookup),Fila omitida
1295,company_id,12,NULL,ID no existe en tabla companies (lookup),Fila omitida
1296,company_id,12,NULL,ID no existe en tabla companies (lookup),Fila omitida
1297,company_id,12,NULL,ID no existe en tabla companies (lookup),Fila omitida
1298,company_id,12,NULL,ID no existe en tabla companies (lookup),Fila omitida
1299,company_id,12,NULL,ID no existe en tabla companies (lookup),Fila omitida
1300,company_id,12,NULL,ID no existe en tabla companies (lookup),Fila omitida
1301,company_id,12,NULL,ID no existe en tabla companies (lookup),Fila omitida
1302,company_id,12,NULL,ID no existe en tabla companies (lookup),Fila omitida
1303,company_id,12,NULL,ID no existe en tabla companies (lookup),Fila omitida
1304,company_id,12,NULL,ID no existe en tabla companies (lookup),Fila omitida
1305,company_id,12,NULL,ID no existe en tabla companies (lookup),Fila omitida
1306,company_id,12,NULL,ID no existe en tabla companies (lookup),Fila omitida
1307,company_id,12,NULL,ID no existe en tabla companies (lookup),Fila omitida
1308,company_id,12,NULL,ID no existe en tabla companies (lookup),Fila omitida
1309,company_id,12,NULL,ID no existe en tabla companies (lookup),Fila omitida
1310,company_id,12,NULL,ID no existe en tabla companies (lookup),Fila omitida
1311,company_id,12,NULL,ID no existe en tabla companies (lookup),Fila omitida
1312,company_id,12,NULL,ID no existe en tabla companies (lookup),Fila omitida
1313,company_id,12,NULL,ID no existe en tabla companies (lookup),Fila omitida
1314,company_id,12,NULL,ID no existe en tabla companies (lookup),Fila omitida
1315,company_id,12,NULL,ID no existe en tabla companies (lookup),Fila omitida
1316,company_id,12,NULL,ID no existe en tabla companies (lookup),Fila omitida
1317,company_id,12,NULL,ID no existe en tabla companies (lookup),Fila omitida
1318,company_id,12,NULL,ID no existe en tabla companies (lookup),Fila omitida
1319,company_id,12,NULL,ID no existe en tabla companies (lookup),Fila omitida
1320,company_id,12,NULL,ID no existe en tabla companies (lookup),Fila omitida
1321,company_id,12,NULL,ID no existe en tabla companies (lookup),Fila omitida
1322,company_id,12,NULL,ID no existe en tabla companies (lookup),Fila omitida
1323,company_id,12,NULL,ID no existe en tabla companies (lookup),Fila omitida
1324,company_id,12,NULL,ID no existe en tabla companies (lookup),Fila omitida
1325,company_id,12,NULL,ID no existe en tabla companies (lookup),Fila omitida
1326,company_id,12,NULL,ID no existe en tabla companies (lookup),Fila omitida
1327,company_id,12,NULL,ID no existe en tabla companies (lookup),Fila omitida
1328,company_id,12,NULL,ID no existe en tabla companies (lookup),Fila omitida
1329,company_id,12,NULL,ID no existe en tabla companies (lookup),Fila omitida
1330,company_id,12,NULL,ID no existe en tabla companies (lookup),Fila omitida
1331,company_id,12,NULL,ID no existe en tabla companies (lookup),Fila omitida
1332,company_id,12,NULL,ID no existe en tabla companies (lookup),Fila omitida
1333,company_id,12,NULL,ID no existe en tabla companies (lookup),Fila omitida
1334,company_id,3,NULL,ID no existe en tabla companies (lookup),Fila omitida
1335,company_id,12,NULL,ID no existe en tabla companies (lookup),Fila omitida
1336,company_id,12,NULL,ID no existe en tabla companies (lookup),Fila omitida
1337,company_id,12,NULL,ID no existe en tabla companies (lookup),Fila omitida
1338,company_id,12,NULL,ID no existe en tabla companies (lookup),Fila omitida
1339,company_id,12,NULL,ID no existe en tabla companies (lookup),Fila omitida
1340,company_id,12,NULL,ID no existe en tabla companies (lookup),Fila omitida
1341,company_id,12,NULL,ID no existe en tabla companies (lookup),Fila omitida
1342,company_id,3,NULL,ID no existe en tabla companies (lookup),Fila omitida
1343,company_id,12,NULL,ID no existe en tabla companies (lookup),Fila omitida
1344,company_id,12,NULL,ID no existe en tabla companies (lookup),Fila omitida
1345,company_id,12,NULL,ID no existe en tabla companies (lookup),Fila omitida
1346,company_id,12,NULL,ID no existe en tabla companies (lookup),Fila omitida
1347,company_id,12,NULL,ID no existe en tabla companies (lookup),Fila omitida
1348,company_id,12,NULL,ID no existe en tabla companies (lookup),Fila omitida
1349,company_id,12,NULL,ID no existe en tabla companies (lookup),Fila omitida
1350,company_id,12,NULL,ID no existe en tabla companies (lookup),Fila omitida
1351,company_id,12,NULL,ID no existe en tabla companies (lookup),Fila omitida
1352,company_id,12,NULL,ID no existe en tabla companies (lookup),Fila omitida
1353,company_id,12,NULL,ID no existe en tabla companies (lookup),Fila omitida
1354,company_id,12,NULL,ID no existe en tabla companies (lookup),Fila omitida
1355,company_id,12,NULL,ID no existe en tabla companies (lookup),Fila omitida
1356,company_id,12,NULL,ID no existe en tabla companies (lookup),Fila omitida
1357,company_id,12,NULL,ID no existe en tabla companies (lookup),Fila omitida
1358,company_id,12,NULL,ID no existe en tabla companies (lookup),Fila omitida
1359,company_id,12,NULL,ID no existe en tabla companies (lookup),Fila omitida
1360,company_id,12,NULL,ID no existe en tabla companies (lookup),Fila omitida
1361,company_id,12,NULL,ID no existe en tabla companies (lookup),Fila omitida
1362,company_id,12,NULL,ID no existe en tabla companies (lookup),Fila omitida
1363,company_id,12,NULL,ID no existe en tabla companies (lookup),Fila omitida
1364,company_id,12,NULL,ID no existe en tabla companies (lookup),Fila omitida
1365,company_id,12,NULL,ID no existe en tabla companies (lookup),Fila omitida
1366,company_id,12,NULL,ID no existe en tabla companies (lookup),Fila omitida
1367,company_id,12,NULL,ID no existe en tabla companies (lookup),Fila omitida
1368,company_id,12,NULL,ID no existe en tabla companies (lookup),Fila omitida
1369,company_id,12,NULL,ID no existe en tabla companies (lookup),Fila omitida
1370,company_id,12,NULL,ID no existe en tabla companies (lookup),Fila omitida
1371,company_id,12,NULL,ID no existe en tabla companies (lookup),Fila omitida
1372,company_id,12,NULL,ID no existe en tabla companies (lookup),Fila omitida
1373,company_id,12,NULL,ID no existe en tabla companies (lookup),Fila omitida
1374,company_id,12,NULL,ID no existe en tabla companies (lookup),Fila omitida
1375,company_id,12,NULL,ID no existe en tabla companies (lookup),Fila omitida
1376,company_id,12,NULL,ID no existe en tabla companies (lookup),Fila omitida
1377,company_id,12,NULL,ID no existe en tabla companies (lookup),Fila omitida
1378,company_id,12,NULL,ID no existe en tabla companies (lookup),Fila omitida
1379,company_id,12,NULL,ID no existe en tabla companies (lookup),Fila omitida
1380,company_id,12,NULL,ID no existe en tabla companies (lookup),Fila omitida
1381,company_id,12,NULL,ID no existe en tabla companies (lookup),Fila omitida
1382,company_id,12,NULL,ID no existe en tabla companies (lookup),Fila omitida
1383,company_id,12,NULL,ID no existe en tabla companies (lookup),Fila omitida
1384,company_id,12,NULL,ID no existe en tabla companies (lookup),Fila omitida
1385,company_id,12,NULL,ID no existe en tabla companies (lookup),Fila omitida
1386,company_id,12,NULL,ID no existe en tabla companies (lookup),Fila omitida
1387,company_id,12,NULL,ID no existe en tabla companies (lookup),Fila omitida
1388,company_id,12,NULL,ID no existe en tabla companies (lookup),Fila omitida
1389,company_id,12,NULL,ID no existe en tabla companies (lookup),Fila omitida
1390,company_id,12,NULL,ID no existe en tabla companies (lookup),Fila omitida
1391,company_id,12,NULL,ID no existe en tabla companies (lookup),Fila omitida
1392,company_id,12,NULL,ID no existe en tabla companies (lookup),Fila omitida
1393,company_id,12,NULL,ID no existe en tabla companies (lookup),Fila omitida
1394,company_id,12,NULL,ID no existe en tabla companies (lookup),Fila omitida
1395,company_id,12,NULL,ID no existe en tabla companies (lookup),Fila omitida
1396,company_id,12,NULL,ID no existe en tabla companies (lookup),Fila omitida
1397,company_id,12,NULL,ID no existe en tabla companies (lookup),Fila omitida
1398,company_id,12,NULL,ID no existe en tabla companies (lookup),Fila omitida
1399,company_id,12,NULL,ID no existe en tabla companies (lookup),Fila omitida
1400,company_id,12,NULL,ID no existe en tabla companies (lookup),Fila omitida
1401,company_id,12,NULL,ID no existe en tabla companies (lookup),Fila omitida
1402,company_id,12,NULL,ID no existe en tabla companies (lookup),Fila omitida
1403,company_id,12,NULL,ID no existe en tabla companies (lookup),Fila omitida
1404,company_id,12,NULL,ID no existe en tabla companies (lookup),Fila omitida
1405,company_id,12,NULL,ID no existe en tabla companies (lookup),Fila omitida
1406,company_id,12,NULL,ID no existe en tabla companies (lookup),Fila omitida
1407,company_id,12,NULL,ID no existe en tabla companies (lookup),Fila omitida
1408,company_id,12,NULL,ID no existe en tabla companies (lookup),Fila omitida
1409,company_id,12,NULL,ID no existe en tabla companies (lookup),Fila omitida
1410,company_id,12,NULL,ID no existe en tabla companies (lookup),Fila omitida
1411,company_id,12,NULL,ID no existe en tabla companies (lookup),Fila omitida
1412,company_id,12,NULL,ID no existe en tabla companies (lookup),Fila omitida
1413,company_id,12,NULL,ID no existe en tabla companies (lookup),Fila omitida
1414,company_id,12,NULL,ID no existe en tabla companies (lookup),Fila omitida
1415,company_id,12,NULL,ID no existe en tabla companies (lookup),Fila omitida
1416,company_id,12,NULL,ID no existe en tabla companies (lookup),Fila omitida
1417,company_id,12,NULL,ID no existe en tabla companies (lookup),Fila omitida
1419,company_id,12,NULL,ID no existe en tabla companies (lookup),Fila omitida
1420,company_id,12,NULL,ID no existe en tabla companies (lookup),Fila omitida
1421,company_id,12,NULL,ID no existe en tabla companies (lookup),Fila omitida
1422,company_id,12,NULL,ID no existe en tabla companies (lookup),Fila omitida
1423,company_id,12,NULL,ID no existe en tabla companies (lookup),Fila omitida
1424,company_id,12,NULL,ID no existe en tabla companies (lookup),Fila omitida
1425,company_id,12,NULL,ID no existe en tabla companies (lookup),Fila omitida
1426,company_id,12,NULL,ID no existe en tabla companies (lookup),Fila omitida
1427,company_id,12,NULL,ID no existe en tabla companies (lookup),Fila omitida
1428,company_id,12,NULL,ID no existe en tabla companies (lookup),Fila omitida
1429,company_id,12,NULL,ID no existe en tabla companies (lookup),Fila omitida
1430,company_id,12,NULL,ID no existe en tabla companies (lookup),Fila omitida
1431,company_id,12,NULL,ID no existe en tabla companies (lookup),Fila omitida
1432,company_id,12,NULL,ID no existe en tabla companies (lookup),Fila omitida
1433,company_id,12,NULL,ID no existe en tabla companies (lookup),Fila omitida
1434,company_id,12,NULL,ID no existe en tabla companies (lookup),Fila omitida
1435,company_id,12,NULL,ID no existe en tabla companies (lookup),Fila omitida
1436,company_id,12,NULL,ID no existe en tabla companies (lookup),Fila omitida
1437,company_id,12,NULL,ID no existe en tabla companies (lookup),Fila omitida
1438,company_id,12,NULL,ID no existe en tabla companies (lookup),Fila omitida
1439,company_id,12,NULL,ID no existe en tabla companies (lookup),Fila omitida
1440,company_id,12,NULL,ID no existe en tabla companies (lookup),Fila omitida
1441,company_id,12,NULL,ID no existe en tabla companies (lookup),Fila omitida
1442,company_id,12,NULL,ID no existe en tabla companies (lookup),Fila omitida
1443,company_id,12,NULL,ID no existe en tabla companies (lookup),Fila omitida
1444,company_id,12,NULL,ID no existe en tabla companies (lookup),Fila omitida
1445,company_id,12,NULL,ID no existe en tabla companies (lookup),Fila omitida
1446,company_id,12,NULL,ID no existe en tabla companies (lookup),Fila omitida
1447,company_id,12,NULL,ID no existe en tabla companies (lookup),Fila omitida
1448,company_id,12,NULL,ID no existe en tabla companies (lookup),Fila omitida
1449,company_id,12,NULL,ID no existe en tabla companies (lookup),Fila omitida
1450,company_id,12,NULL,ID no existe en tabla companies (lookup),Fila omitida
1451,company_id,12,NULL,ID no existe en tabla companies (lookup),Fila omitida
1452,company_id,12,NULL,ID no existe en tabla companies (lookup),Fila omitida
1453,company_id,12,NULL,ID no existe en tabla companies (lookup),Fila omitida
1454,company_id,12,NULL,ID no existe en tabla companies (lookup),Fila omitida
1455,company_id,12,NULL,ID no existe en tabla companies (lookup),Fila omitida
1456,company_id,12,NULL,ID no existe en tabla companies (lookup),Fila omitida
1457,company_id,12,NULL,ID no existe en tabla companies (lookup),Fila omitida
1458,company_id,12,NULL,ID no existe en tabla companies (lookup),Fila omitida
1459,company_id,12,NULL,ID no existe en tabla companies (lookup),Fila omitida
1460,company_id,12,NULL,ID no existe en tabla companies (lookup),Fila omitida
1461,company_id,12,NULL,ID no existe en tabla companies (lookup),Fila omitida
1462,company_id,12,NULL,ID no existe en tabla companies (lookup),Fila omitida
1463,company_id,12,NULL,ID no existe en tabla companies (lookup),Fila omitida
1464,company_id,12,NULL,ID no existe en tabla companies (lookup),Fila omitida
1465,company_id,12,NULL,ID no existe en tabla companies (lookup),Fila omitida
1466,company_id,12,NULL,ID no existe en tabla companies (lookup),Fila omitida
1467,company_id,12,NULL,ID no existe en tabla companies (lookup),Fila omitida
1468,company_id,12,NULL,ID no existe en tabla companies (lookup),Fila omitida
1469,company_id,12,NULL,ID no existe en tabla companies (lookup),Fila omitida
1470,company_id,12,NULL,ID no existe en tabla companies (lookup),Fila omitida
1471,company_id,12,NULL,ID no existe en tabla companies (lookup),Fila omitida
1472,company_id,12,NULL,ID no existe en tabla companies (lookup),Fila omitida
1473,company_id,12,NULL,ID no existe en tabla companies (lookup),Fila omitida
1474,company_id,12,NULL,ID no existe en tabla companies (lookup),Fila omitida
1475,company_id,12,NULL,ID no existe en tabla companies (lookup),Fila omitida
1476,company_id,12,NULL,ID no existe en tabla companies (lookup),Fila omitida
1477,company_id,12,NULL,ID no existe en tabla companies (lookup),Fila omitida
1478,company_id,12,NULL,ID no existe en tabla companies (lookup),Fila omitida
1479,company_id,12,NULL,ID no existe en tabla companies (lookup),Fila omitida
1480,company_id,3,NULL,ID no existe en tabla companies (lookup),Fila omitida
1481,company_id,12,NULL,ID no existe en tabla companies (lookup),Fila omitida
1482,company_id,12,NULL,ID no existe en tabla companies (lookup),Fila omitida
1483,company_id,12,NULL,ID no existe en tabla companies (lookup),Fila omitida
1484,company_id,12,NULL,ID no existe en tabla companies (lookup),Fila omitida
1485,company_id,12,NULL,ID no existe en tabla companies (lookup),Fila omitida
1486,company_id,3,NULL,ID no existe en tabla companies (lookup),Fila omitida
1487,company_id,12,NULL,ID no existe en tabla companies (lookup),Fila omitida
1488,company_id,12,NULL,ID no existe en tabla companies (lookup),Fila omitida
1489,company_id,12,NULL,ID no existe en tabla companies (lookup),Fila omitida
1490,company_id,12,NULL,ID no existe en tabla companies (lookup),Fila omitida
1491,company_id,12,NULL,ID no existe en tabla companies (lookup),Fila omitida
1492,company_id,12,NULL,ID no existe en tabla companies (lookup),Fila omitida
1493,company_id,12,NULL,ID no existe en tabla companies (lookup),Fila omitida
1494,company_id,12,NULL,ID no existe en tabla companies (lookup),Fila omitida
1495,company_id,12,NULL,ID no existe en tabla companies (lookup),Fila omitida
1496,company_id,12,NULL,ID no existe en tabla companies (lookup),Fila omitida
1497,company_id,12,NULL,ID no existe en tabla companies (lookup),Fila omitida
1498,company_id,12,NULL,ID no existe en tabla companies (lookup),Fila omitida
1499,company_id,12,NULL,ID no existe en tabla companies (lookup),Fila omitida
1500,company_id,12,NULL,ID no existe en tabla companies (lookup),Fila omitida
1501,company_id,12,NULL,ID no existe en tabla companies (lookup),Fila omitida
1502,company_id,16,NULL,ID no existe en tabla companies (lookup),Fila omitida
1503,company_id,16,NULL,ID no existe en tabla companies (lookup),Fila omitida
1504,company_id,16,NULL,ID no existe en tabla companies (lookup),Fila omitida
1505,company_id,12,NULL,ID no existe en tabla companies (lookup),Fila omitida
1506,company_id,3,NULL,ID no existe en tabla companies (lookup),Fila omitida
1507,company_id,16,NULL,ID no existe en tabla companies (lookup),Fila omitida
1508,company_id,3,NULL,ID no existe en tabla companies (lookup),Fila omitida
1509,company_id,16,NULL,ID no existe en tabla companies (lookup),Fila omitida
1510,company_id,16,NULL,ID no existe en tabla companies (lookup),Fila omitida
1511,company_id,16,NULL,ID no existe en tabla companies (lookup),Fila omitida
1512,company_id,16,NULL,ID no existe en tabla companies (lookup),Fila omitida
1513,company_id,11,NULL,ID no existe en tabla companies (lookup),Fila omitida
1514,company_id,16,NULL,ID no existe en tabla companies (lookup),Fila omitida
1515,company_id,16,NULL,ID no existe en tabla companies (lookup),Fila omitida
1516,company_id,16,NULL,ID no existe en tabla companies (lookup),Fila omitida
1517,company_id,16,NULL,ID no existe en tabla companies (lookup),Fila omitida
1518,company_id,16,NULL,ID no existe en tabla companies (lookup),Fila omitida
1519,company_id,16,NULL,ID no existe en tabla companies (lookup),Fila omitida
1520,company_id,16,NULL,ID no existe en tabla companies (lookup),Fila omitida
1521,company_id,8,NULL,ID no existe en tabla companies (lookup),Fila omitida
1522,company_id,8,NULL,ID no existe en tabla companies (lookup),Fila omitida
1523,company_id,8,NULL,ID no existe en tabla companies (lookup),Fila omitida
1524,company_id,8,NULL,ID no existe en tabla companies (lookup),Fila omitida
1525,company_id,8,NULL,ID no existe en tabla companies (lookup),Fila omitida
1526,company_id,8,NULL,ID no existe en tabla companies (lookup),Fila omitida
1527,company_id,8,NULL,ID no existe en tabla companies (lookup),Fila omitida
1528,company_id,11,NULL,ID no existe en tabla companies (lookup),Fila omitida
1529,company_id,11,NULL,ID no existe en tabla companies (lookup),Fila omitida
1530,company_id,11,NULL,ID no existe en tabla companies (lookup),Fila omitida
1531,company_id,11,NULL,ID no existe en tabla companies (lookup),Fila omitida
1532,company_id,11,NULL,ID no existe en tabla companies (lookup),Fila omitida
1533,company_id,11,NULL,ID no existe en tabla companies (lookup),Fila omitida
1534,company_id,11,NULL,ID no existe en tabla companies (lookup),Fila omitida
1535,company_id,11,NULL,ID no existe en tabla companies (lookup),Fila omitida
1537,company_id,11,NULL,ID no existe en tabla companies (lookup),Fila omitida
1538,company_id,3,NULL,ID no existe en tabla companies (lookup),Fila omitida
1539,company_id,3,NULL,ID no existe en tabla companies (lookup),Fila omitida
1540,company_id,3,NULL,ID no existe en tabla companies (lookup),Fila omitida
1541,company_id,3,NULL,ID no existe en tabla companies (lookup),Fila omitida
1542,company_id,3,NULL,ID no existe en tabla companies (lookup),Fila omitida
1543,company_id,3,NULL,ID no existe en tabla companies (lookup),Fila omitida
1544,company_id,3,NULL,ID no existe en tabla companies (lookup),Fila omitida
1545,company_id,3,NULL,ID no existe en tabla companies (lookup),Fila omitida
1546,company_id,3,NULL,ID no existe en tabla companies (lookup),Fila omitida
1547,company_id,3,NULL,ID no existe en tabla companies (lookup),Fila omitida
1548,company_id,12,NULL,ID no existe en tabla companies (lookup),Fila omitida
1549,company_id,8,NULL,ID no existe en tabla companies (lookup),Fila omitida
1551,company_id,8,NULL,ID no existe en tabla companies (lookup),Fila omitida
1552,company_id,8,NULL,ID no existe en tabla companies (lookup),Fila omitida
1553,company_id,8,NULL,ID no existe en tabla companies (lookup),Fila omitida
1554,company_id,8,NULL,ID no existe en tabla companies (lookup),Fila omitida
1555,company_id,8,NULL,ID no existe en tabla companies (lookup),Fila omitida
1556,company_id,8,NULL,ID no existe en tabla companies (lookup),Fila omitida
1557,company_id,8,NULL,ID no existe en tabla companies (lookup),Fila omitida
1558,company_id,8,NULL,ID no existe en tabla companies (lookup),Fila omitida
1559,company_id,8,NULL,ID no existe en tabla companies (lookup),Fila omitida
1560,company_id,8,NULL,ID no existe en tabla companies (lookup),Fila omitida
1561,company_id,8,NULL,ID no existe en tabla companies (lookup),Fila omitida
1562,company_id,8,NULL,ID no existe en tabla companies (lookup),Fila omitida
1563,company_id,8,NULL,ID no existe en tabla companies (lookup),Fila omitida
1564,company_id,8,NULL,ID no existe en tabla companies (lookup),Fila omitida
1565,company_id,8,NULL,ID no existe en tabla companies (lookup),Fila omitida
1566,company_id,8,NULL,ID no existe en tabla companies (lookup),Fila omitida
1567,company_id,11,NULL,ID no existe en tabla companies (lookup),Fila omitida
1568,company_id,11,NULL,ID no existe en tabla companies (lookup),Fila omitida
1569,company_id,11,NULL,ID no existe en tabla companies (lookup),Fila omitida
1570,company_id,11,NULL,ID no existe en tabla companies (lookup),Fila omitida
1571,company_id,11,NULL,ID no existe en tabla companies (lookup),Fila omitida
1572,company_id,3,NULL,ID no existe en tabla companies (lookup),Fila omitida
1573,company_id,3,NULL,ID no existe en tabla companies (lookup),Fila omitida
1574,company_id,3,NULL,ID no existe en tabla companies (lookup),Fila omitida
1575,company_id,3,NULL,ID no existe en tabla companies (lookup),Fila omitida
1576,company_id,3,NULL,ID no existe en tabla companies (lookup),Fila omitida
1577,company_id,3,NULL,ID no existe en tabla companies (lookup),Fila omitida
1578,company_id,3,NULL,ID no existe en tabla companies (lookup),Fila omitida
1579,company_id,3,NULL,ID no existe en tabla companies (lookup),Fila omitida
1580,company_id,3,NULL,ID no existe en tabla companies (lookup),Fila omitida
1581,company_id,3,NULL,ID no existe en tabla companies (lookup),Fila omitida
1582,company_id,3,NULL,ID no existe en tabla companies (lookup),Fila omitida
1583,company_id,3,NULL,ID no existe en tabla companies (lookup),Fila omitida
1584,company_id,3,NULL,ID no existe en tabla companies (lookup),Fila omitida
1585,company_id,3,NULL,ID no existe en tabla companies (lookup),Fila omitida
1586,company_id,12,NULL,ID no existe en tabla companies (lookup),Fila omitida
1587,company_id,8,NULL,ID no existe en tabla companies (lookup),Fila omitida
1588,company_id,8,NULL,ID no existe en tabla companies (lookup),Fila omitida
1589,company_id,8,NULL,ID no existe en tabla companies (lookup),Fila omitida
1590,company_id,8,NULL,ID no existe en tabla companies (lookup),Fila omitida
1591,company_id,8,NULL,ID no existe en tabla companies (lookup),Fila omitida
1592,company_id,8,NULL,ID no existe en tabla companies (lookup),Fila omitida
1593,company_id,8,NULL,ID no existe en tabla companies (lookup),Fila omitida
1594,company_id,8,NULL,ID no existe en tabla companies (lookup),Fila omitida
1595,company_id,8,NULL,ID no existe en tabla companies (lookup),Fila omitida
1596,company_id,8,NULL,ID no existe en tabla companies (lookup),Fila omitida
1597,company_id,8,NULL,ID no existe en tabla companies (lookup),Fila omitida
1598,company_id,8,NULL,ID no existe en tabla companies (lookup),Fila omitida
1599,company_id,8,NULL,ID no existe en tabla companies (lookup),Fila omitida
1600,company_id,8,NULL,ID no existe en tabla companies (lookup),Fila omitida
1601,company_id,8,NULL,ID no existe en tabla companies (lookup),Fila omitida
1602,company_id,8,NULL,ID no existe en tabla companies (lookup),Fila omitida
1603,company_id,8,NULL,ID no existe en tabla companies (lookup),Fila omitida
1604,company_id,8,NULL,ID no existe en tabla companies (lookup),Fila omitida
1605,company_id,11,NULL,ID no existe en tabla companies (lookup),Fila omitida
1606,company_id,11,NULL,ID no existe en tabla companies (lookup),Fila omitida
1607,company_id,11,NULL,ID no existe en tabla companies (lookup),Fila omitida
1608,company_id,11,NULL,ID no existe en tabla companies (lookup),Fila omitida
1609,company_id,11,NULL,ID no existe en tabla companies (lookup),Fila omitida
1610,company_id,3,NULL,ID no existe en tabla companies (lookup),Fila omitida
1611,company_id,3,NULL,ID no existe en tabla companies (lookup),Fila omitida
1612,company_id,3,NULL,ID no existe en tabla companies (lookup),Fila omitida
1613,company_id,3,NULL,ID no existe en tabla companies (lookup),Fila omitida
1614,company_id,3,NULL,ID no existe en tabla companies (lookup),Fila omitida
1615,company_id,3,NULL,ID no existe en tabla companies (lookup),Fila omitida
1616,company_id,3,NULL,ID no existe en tabla companies (lookup),Fila omitida
1617,company_id,3,NULL,ID no existe en tabla companies (lookup),Fila omitida
1618,company_id,3,NULL,ID no existe en tabla companies (lookup),Fila omitida
1619,company_id,3,NULL,ID no existe en tabla companies (lookup),Fila omitida
1620,company_id,12,NULL,ID no existe en tabla companies (lookup),Fila omitida
1621,company_id,12,NULL,ID no existe en tabla companies (lookup),Fila omitida
1622,company_id,8,NULL,ID no existe en tabla companies (lookup),Fila omitida
1623,company_id,8,NULL,ID no existe en tabla companies (lookup),Fila omitida
1624,company_id,8,NULL,ID no existe en tabla companies (lookup),Fila omitida
1625,company_id,8,NULL,ID no existe en tabla companies (lookup),Fila omitida
1626,company_id,8,NULL,ID no existe en tabla companies (lookup),Fila omitida
1627,company_id,8,NULL,ID no existe en tabla companies (lookup),Fila omitida
1628,company_id,8,NULL,ID no existe en tabla companies (lookup),Fila omitida
1629,company_id,8,NULL,ID no existe en tabla companies (lookup),Fila omitida
1630,company_id,8,NULL,ID no existe en tabla companies (lookup),Fila omitida
1631,company_id,8,NULL,ID no existe en tabla companies (lookup),Fila omitida
1632,company_id,8,NULL,ID no existe en tabla companies (lookup),Fila omitida
1633,company_id,8,NULL,ID no existe en tabla companies (lookup),Fila omitida
1634,company_id,8,NULL,ID no existe en tabla companies (lookup),Fila omitida
1635,company_id,11,NULL,ID no existe en tabla companies (lookup),Fila omitida
1636,company_id,11,NULL,ID no existe en tabla companies (lookup),Fila omitida
1637,company_id,11,NULL,ID no existe en tabla companies (lookup),Fila omitida
1638,company_id,11,NULL,ID no existe en tabla companies (lookup),Fila omitida
1639,company_id,11,NULL,ID no existe en tabla companies (lookup),Fila omitida
1640,company_id,3,NULL,ID no existe en tabla companies (lookup),Fila omitida
1641,company_id,3,NULL,ID no existe en tabla companies (lookup),Fila omitida
1642,company_id,3,NULL,ID no existe en tabla companies (lookup),Fila omitida
1643,company_id,3,NULL,ID no existe en tabla companies (lookup),Fila omitida
1644,company_id,3,NULL,ID no existe en tabla companies (lookup),Fila omitida
1645,company_id,3,NULL,ID no existe en tabla companies (lookup),Fila omitida
1646,company_id,12,NULL,ID no existe en tabla companies (lookup),Fila omitida
1647,company_id,12,NULL,ID no existe en tabla companies (lookup),Fila omitida
1648,company_id,12,NULL,ID no existe en tabla companies (lookup),Fila omitida
1649,company_id,8,NULL,ID no existe en tabla companies (lookup),Fila omitida
1650,company_id,8,NULL,ID no existe en tabla companies (lookup),Fila omitida
1651,company_id,8,NULL,ID no existe en tabla companies (lookup),Fila omitida
1652,company_id,8,NULL,ID no existe en tabla companies (lookup),Fila omitida
1653,company_id,8,NULL,ID no existe en tabla companies (lookup),Fila omitida
1654,company_id,8,NULL,ID no existe en tabla companies (lookup),Fila omitida
1655,company_id,8,NULL,ID no existe en tabla companies (lookup),Fila omitida
1657,company_id,8,NULL,ID no existe en tabla companies (lookup),Fila omitida
1658,company_id,8,NULL,ID no existe en tabla companies (lookup),Fila omitida
1659,company_id,8,NULL,ID no existe en tabla companies (lookup),Fila omitida
1660,company_id,8,NULL,ID no existe en tabla companies (lookup),Fila omitida
1661,company_id,11,NULL,ID no existe en tabla companies (lookup),Fila omitida
1662,company_id,11,NULL,ID no existe en tabla companies (lookup),Fila omitida
1663,company_id,11,NULL,ID no existe en tabla companies (lookup),Fila omitida
1664,company_id,3,NULL,ID no existe en tabla companies (lookup),Fila omitida
1665,company_id,3,NULL,ID no existe en tabla companies (lookup),Fila omitida
1666,company_id,3,NULL,ID no existe en tabla companies (lookup),Fila omitida
1667,company_id,3,NULL,ID no existe en tabla companies (lookup),Fila omitida
1668,company_id,3,NULL,ID no existe en tabla companies (lookup),Fila omitida
1669,company_id,3,NULL,ID no existe en tabla companies (lookup),Fila omitida
1670,company_id,3,NULL,ID no existe en tabla companies (lookup),Fila omitida
1671,company_id,3,NULL,ID no existe en tabla companies (lookup),Fila omitida
1672,company_id,3,NULL,ID no existe en tabla companies (lookup),Fila omitida
1673,company_id,3,NULL,ID no existe en tabla companies (lookup),Fila omitida
1674,company_id,3,NULL,ID no existe en tabla companies (lookup),Fila omitida
1675,company_id,3,NULL,ID no existe en tabla companies (lookup),Fila omitida
1676,company_id,3,NULL,ID no existe en tabla companies (lookup),Fila omitida
1677,company_id,3,NULL,ID no existe en tabla companies (lookup),Fila omitida
1678,company_id,3,NULL,ID no existe en tabla companies (lookup),Fila omitida
1679,company_id,3,NULL,ID no existe en tabla companies (lookup),Fila omitida
1680,company_id,3,NULL,ID no existe en tabla companies (lookup),Fila omitida
1681,company_id,3,NULL,ID no existe en tabla companies (lookup),Fila omitida
1683,company_id,12,NULL,ID no existe en tabla companies (lookup),Fila omitida
1685,company_id,3,NULL,ID no existe en tabla companies (lookup),Fila omitida
1686,company_id,3,NULL,ID no existe en tabla companies (lookup),Fila omitida
1687,company_id,3,NULL,ID no existe en tabla companies (lookup),Fila omitida
1688,company_id,3,NULL,ID no existe en tabla companies (lookup),Fila omitida
1690,company_id,3,NULL,ID no existe en tabla companies (lookup),Fila omitida
1692,company_id,11,NULL,ID no existe en tabla companies (lookup),Fila omitida
1693,company_id,11,NULL,ID no existe en tabla companies (lookup),Fila omitida
1694,company_id,11,NULL,ID no existe en tabla companies (lookup),Fila omitida
1695,company_id,3,NULL,ID no existe en tabla companies (lookup),Fila omitida
1696,company_id,11,NULL,ID no existe en tabla companies (lookup),Fila omitida
1697,company_id,11,NULL,ID no existe en tabla companies (lookup),Fila omitida
1698,company_id,8,NULL,ID no existe en tabla companies (lookup),Fila omitida
1699,company_id,8,NULL,ID no existe en tabla companies (lookup),Fila omitida
1700,company_id,8,NULL,ID no existe en tabla companies (lookup),Fila omitida
1701,company_id,8,NULL,ID no existe en tabla companies (lookup),Fila omitida
1702,company_id,8,NULL,ID no existe en tabla companies (lookup),Fila omitida
1703,company_id,8,NULL,ID no existe en tabla companies (lookup),Fila omitida
1704,company_id,8,NULL,ID no existe en tabla companies (lookup),Fila omitida
1705,company_id,12,NULL,ID no existe en tabla companies (lookup),Fila omitida
1706,company_id,12,NULL,ID no existe en tabla companies (lookup),Fila omitida
1707,company_id,12,NULL,ID no existe en tabla companies (lookup),Fila omitida
1708,company_id,3,NULL,ID no existe en tabla companies (lookup),Fila omitida
1709,company_id,3,NULL,ID no existe en tabla companies (lookup),Fila omitida
1710,company_id,8,NULL,ID no existe en tabla companies (lookup),Fila omitida
1711,company_id,8,NULL,ID no existe en tabla companies (lookup),Fila omitida
1712,company_id,8,NULL,ID no existe en tabla companies (lookup),Fila omitida
1713,company_id,8,NULL,ID no existe en tabla companies (lookup),Fila omitida
1714,company_id,8,NULL,ID no existe en tabla companies (lookup),Fila omitida
1715,company_id,8,NULL,ID no existe en tabla companies (lookup),Fila omitida
1716,company_id,8,NULL,ID no existe en tabla companies (lookup),Fila omitida
1717,company_id,8,NULL,ID no existe en tabla companies (lookup),Fila omitida
1718,company_id,8,NULL,ID no existe en tabla companies (lookup),Fila omitida
1719,company_id,12,NULL,ID no existe en tabla companies (lookup),Fila omitida
1720,company_id,11,NULL,ID no existe en tabla companies (lookup),Fila omitida
1721,company_id,11,NULL,ID no existe en tabla companies (lookup),Fila omitida
1722,company_id,11,NULL,ID no existe en tabla companies (lookup),Fila omitida
1723,company_id,11,NULL,ID no existe en tabla companies (lookup),Fila omitida
1724,company_id,11,NULL,ID no existe en tabla companies (lookup),Fila omitida
1725,company_id,11,NULL,ID no existe en tabla companies (lookup),Fila omitida
1726,company_id,11,NULL,ID no existe en tabla companies (lookup),Fila omitida
1728,company_id,3,NULL,ID no existe en tabla companies (lookup),Fila omitida
1729,company_id,3,NULL,ID no existe en tabla companies (lookup),Fila omitida
1730,company_id,3,NULL,ID no existe en tabla companies (lookup),Fila omitida
1731,company_id,3,NULL,ID no existe en tabla companies (lookup),Fila omitida
1732,company_id,3,NULL,ID no existe en tabla companies (lookup),Fila omitida
1733,company_id,3,NULL,ID no existe en tabla companies (lookup),Fila omitida
1734,company_id,3,NULL,ID no existe en tabla companies (lookup),Fila omitida
1735,company_id,3,NULL,ID no existe en tabla companies (lookup),Fila omitida
1736,company_id,3,NULL,ID no existe en tabla companies (lookup),Fila omitida
1737,company_id,3,NULL,ID no existe en tabla companies (lookup),Fila omitida
1738,company_id,3,NULL,ID no existe en tabla companies (lookup),Fila omitida
1739,company_id,12,NULL,ID no existe en tabla companies (lookup),Fila omitida
1740,company_id,3,NULL,ID no existe en tabla companies (lookup),Fila omitida
1741,company_id,11,NULL,ID no existe en tabla companies (lookup),Fila omitida
1742,company_id,11,NULL,ID no existe en tabla companies (lookup),Fila omitida
1743,company_id,11,NULL,ID no existe en tabla companies (lookup),Fila omitida
1744,company_id,11,NULL,ID no existe en tabla companies (lookup),Fila omitida
1745,company_id,8,NULL,ID no existe en tabla companies (lookup),Fila omitida
1746,company_id,8,NULL,ID no existe en tabla companies (lookup),Fila omitida
1747,company_id,8,NULL,ID no existe en tabla companies (lookup),Fila omitida
1748,company_id,8,NULL,ID no existe en tabla companies (lookup),Fila omitida
1749,company_id,8,NULL,ID no existe en tabla companies (lookup),Fila omitida
1750,company_id,8,NULL,ID no existe en tabla companies (lookup),Fila omitida
1751,company_id,8,NULL,ID no existe en tabla companies (lookup),Fila omitida
1752,company_id,8,NULL,ID no existe en tabla companies (lookup),Fila omitida
1753,company_id,8,NULL,ID no existe en tabla companies (lookup),Fila omitida
1754,company_id,8,NULL,ID no existe en tabla companies (lookup),Fila omitida
1755,company_id,8,NULL,ID no existe en tabla companies (lookup),Fila omitida
1756,company_id,3,NULL,ID no existe en tabla companies (lookup),Fila omitida
1757,company_id,12,NULL,ID no existe en tabla companies (lookup),Fila omitida
1758,company_id,3,NULL,ID no existe en tabla companies (lookup),Fila omitida
1759,company_id,3,NULL,ID no existe en tabla companies (lookup),Fila omitida
1760,company_id,3,NULL,ID no existe en tabla companies (lookup),Fila omitida
1761,company_id,3,NULL,ID no existe en tabla companies (lookup),Fila omitida
1762,company_id,3,NULL,ID no existe en tabla companies (lookup),Fila omitida
1763,company_id,3,NULL,ID no existe en tabla companies (lookup),Fila omitida
1764,company_id,3,NULL,ID no existe en tabla companies (lookup),Fila omitida
1765,company_id,3,NULL,ID no existe en tabla companies (lookup),Fila omitida
1766,company_id,3,NULL,ID no existe en tabla companies (lookup),Fila omitida
1767,company_id,3,NULL,ID no existe en tabla companies (lookup),Fila omitida
1768,company_id,3,NULL,ID no existe en tabla companies (lookup),Fila omitida
1769,company_id,3,NULL,ID no existe en tabla companies (lookup),Fila omitida
1771,company_id,3,NULL,ID no existe en tabla companies (lookup),Fila omitida
1772,company_id,3,NULL,ID no existe en tabla companies (lookup),Fila omitida
1773,company_id,3,NULL,ID no existe en tabla companies (lookup),Fila omitida
1774,company_id,3,NULL,ID no existe en tabla companies (lookup),Fila omitida
1775,company_id,3,NULL,ID no existe en tabla companies (lookup),Fila omitida
1776,company_id,3,NULL,ID no existe en tabla companies (lookup),Fila omitida
1777,company_id,11,NULL,ID no existe en tabla companies (lookup),Fila omitida
1778,company_id,11,NULL,ID no existe en tabla companies (lookup),Fila omitida
1779,company_id,3,NULL,ID no existe en tabla companies (lookup),Fila omitida
1780,company_id,3,NULL,ID no existe en tabla companies (lookup),Fila omitida
1781,company_id,3,NULL,ID no existe en tabla companies (lookup),Fila omitida
1782,company_id,3,NULL,ID no existe en tabla companies (lookup),Fila omitida
1783,company_id,3,NULL,ID no existe en tabla companies (lookup),Fila omitida
1784,company_id,3,NULL,ID no existe en tabla companies (lookup),Fila omitida
1785,company_id,3,NULL,ID no existe en tabla companies (lookup),Fila omitida
1786,company_id,3,NULL,ID no existe en tabla companies (lookup),Fila omitida
1787,company_id,3,NULL,ID no existe en tabla companies (lookup),Fila omitida
1788,company_id,3,NULL,ID no existe en tabla companies (lookup),Fila omitida
1789,company_id,3,NULL,ID no existe en tabla companies (lookup),Fila omitida
1790,company_id,8,NULL,ID no existe en tabla companies (lookup),Fila omitida
1791,company_id,8,NULL,ID no existe en tabla companies (lookup),Fila omitida
1792,company_id,8,NULL,ID no existe en tabla companies (lookup),Fila omitida
1793,company_id,8,NULL,ID no existe en tabla companies (lookup),Fila omitida
1794,company_id,8,NULL,ID no existe en tabla companies (lookup),Fila omitida
1795,company_id,8,NULL,ID no existe en tabla companies (lookup),Fila omitida
1796,company_id,8,NULL,ID no existe en tabla companies (lookup),Fila omitida
1797,company_id,8,NULL,ID no existe en tabla companies (lookup),Fila omitida
1798,company_id,8,NULL,ID no existe en tabla companies (lookup),Fila omitida
1799,company_id,8,NULL,ID no existe en tabla companies (lookup),Fila omitida
1800,company_id,8,NULL,ID no existe en tabla companies (lookup),Fila omitida
1801,company_id,8,NULL,ID no existe en tabla companies (lookup),Fila omitida
1803,company_id,8,NULL,ID no existe en tabla companies (lookup),Fila omitida
1804,company_id,8,NULL,ID no existe en tabla companies (lookup),Fila omitida
1805,company_id,8,NULL,ID no existe en tabla companies (lookup),Fila omitida
1806,company_id,8,NULL,ID no existe en tabla companies (lookup),Fila omitida
1807,company_id,8,NULL,ID no existe en tabla companies (lookup),Fila omitida
1808,company_id,8,NULL,ID no existe en tabla companies (lookup),Fila omitida
1809,company_id,8,NULL,ID no existe en tabla companies (lookup),Fila omitida
1810,company_id,8,NULL,ID no existe en tabla companies (lookup),Fila omitida
1811,company_id,8,NULL,ID no existe en tabla companies (lookup),Fila omitida
1812,company_id,8,NULL,ID no existe en tabla companies (lookup),Fila omitida
1813,company_id,8,NULL,ID no existe en tabla companies (lookup),Fila omitida
1814,company_id,8,NULL,ID no existe en tabla companies (lookup),Fila omitida
1816,company_id,8,NULL,ID no existe en tabla companies (lookup),Fila omitida
1817,company_id,8,NULL,ID no existe en tabla companies (lookup),Fila omitida
1818,company_id,8,NULL,ID no existe en tabla companies (lookup),Fila omitida
1819,company_id,8,NULL,ID no existe en tabla companies (lookup),Fila omitida
1820,company_id,8,NULL,ID no existe en tabla companies (lookup),Fila omitida
1821,company_id,8,NULL,ID no existe en tabla companies (lookup),Fila omitida
1822,company_id,8,NULL,ID no existe en tabla companies (lookup),Fila omitida
1823,company_id,8,NULL,ID no existe en tabla companies (lookup),Fila omitida
1824,company_id,8,NULL,ID no existe en tabla companies (lookup),Fila omitida
1825,company_id,12,NULL,ID no existe en tabla companies (lookup),Fila omitida
1826,company_id,3,NULL,ID no existe en tabla companies (lookup),Fila omitida
1828,company_id,3,NULL,ID no existe en tabla companies (lookup),Fila omitida
1829,company_id,3,NULL,ID no existe en tabla companies (lookup),Fila omitida
1830,company_id,3,NULL,ID no existe en tabla companies (lookup),Fila omitida
1831,company_id,3,NULL,ID no existe en tabla companies (lookup),Fila omitida
1832,company_id,3,NULL,ID no existe en tabla companies (lookup),Fila omitida
1833,company_id,3,NULL,ID no existe en tabla companies (lookup),Fila omitida
1835,company_id,3,NULL,ID no existe en tabla companies (lookup),Fila omitida
1836,company_id,3,NULL,ID no existe en tabla companies (lookup),Fila omitida
1837,company_id,3,NULL,ID no existe en tabla companies (lookup),Fila omitida
1838,company_id,3,NULL,ID no existe en tabla companies (lookup),Fila omitida
1839,company_id,3,NULL,ID no existe en tabla companies (lookup),Fila omitida
1840,company_id,3,NULL,ID no existe en tabla companies (lookup),Fila omitida
1841,company_id,3,NULL,ID no existe en tabla companies (lookup),Fila omitida
1842,company_id,3,NULL,ID no existe en tabla companies (lookup),Fila omitida
1843,company_id,3,NULL,ID no existe en tabla companies (lookup),Fila omitida
1844,company_id,3,NULL,ID no existe en tabla companies (lookup),Fila omitida
1846,company_id,3,NULL,ID no existe en tabla companies (lookup),Fila omitida
1847,company_id,3,NULL,ID no existe en tabla companies (lookup),Fila omitida
1848,company_id,11,NULL,ID no existe en tabla companies (lookup),Fila omitida
1849,company_id,11,NULL,ID no existe en tabla companies (lookup),Fila omitida
1850,company_id,11,NULL,ID no existe en tabla companies (lookup),Fila omitida
1851,company_id,11,NULL,ID no existe en tabla companies (lookup),Fila omitida
1852,company_id,11,NULL,ID no existe en tabla companies (lookup),Fila omitida
1853,company_id,11,NULL,ID no existe en tabla companies (lookup),Fila omitida
1854,company_id,11,NULL,ID no existe en tabla companies (lookup),Fila omitida
1855,company_id,11,NULL,ID no existe en tabla companies (lookup),Fila omitida
1856,company_id,11,NULL,ID no existe en tabla companies (lookup),Fila omitida
1857,company_id,8,NULL,ID no existe en tabla companies (lookup),Fila omitida
1858,company_id,8,NULL,ID no existe en tabla companies (lookup),Fila omitida
1859,company_id,8,NULL,ID no existe en tabla companies (lookup),Fila omitida
1860,company_id,8,NULL,ID no existe en tabla companies (lookup),Fila omitida
1861,company_id,8,NULL,ID no existe en tabla companies (lookup),Fila omitida
1862,company_id,8,NULL,ID no existe en tabla companies (lookup),Fila omitida
1863,company_id,8,NULL,ID no existe en tabla companies (lookup),Fila omitida
1864,company_id,8,NULL,ID no existe en tabla companies (lookup),Fila omitida
1865,company_id,8,NULL,ID no existe en tabla companies (lookup),Fila omitida
1866,company_id,8,NULL,ID no existe en tabla companies (lookup),Fila omitida
1867,company_id,8,NULL,ID no existe en tabla companies (lookup),Fila omitida
1868,company_id,8,NULL,ID no existe en tabla companies (lookup),Fila omitida
1869,company_id,8,NULL,ID no existe en tabla companies (lookup),Fila omitida
1870,company_id,8,NULL,ID no existe en tabla companies (lookup),Fila omitida
1871,company_id,8,NULL,ID no existe en tabla companies (lookup),Fila omitida
1873,company_id,8,NULL,ID no existe en tabla companies (lookup),Fila omitida
1874,company_id,8,NULL,ID no existe en tabla companies (lookup),Fila omitida
1875,company_id,8,NULL,ID no existe en tabla companies (lookup),Fila omitida
1876,company_id,8,NULL,ID no existe en tabla companies (lookup),Fila omitida
1877,company_id,8,NULL,ID no existe en tabla companies (lookup),Fila omitida
1878,company_id,8,NULL,ID no existe en tabla companies (lookup),Fila omitida
1879,company_id,8,NULL,ID no existe en tabla companies (lookup),Fila omitida
1880,company_id,8,NULL,ID no existe en tabla companies (lookup),Fila omitida
1881,company_id,8,NULL,ID no existe en tabla companies (lookup),Fila omitida
1882,company_id,8,NULL,ID no existe en tabla companies (lookup),Fila omitida
1883,company_id,8,NULL,ID no existe en tabla companies (lookup),Fila omitida
1886,company_id,8,NULL,ID no existe en tabla companies (lookup),Fila omitida
1887,company_id,12,NULL,ID no existe en tabla companies (lookup),Fila omitida
1888,company_id,12,NULL,ID no existe en tabla companies (lookup),Fila omitida
1890,company_id,3,NULL,ID no existe en tabla companies (lookup),Fila omitida
1891,company_id,3,NULL,ID no existe en tabla companies (lookup),Fila omitida
1892,company_id,3,NULL,ID no existe en tabla companies (lookup),Fila omitida
1894,company_id,3,NULL,ID no existe en tabla companies (lookup),Fila omitida
1895,company_id,3,NULL,ID no existe en tabla companies (lookup),Fila omitida
1897,company_id,3,NULL,ID no existe en tabla companies (lookup),Fila omitida
1898,company_id,3,NULL,ID no existe en tabla companies (lookup),Fila omitida
1899,company_id,3,NULL,ID no existe en tabla companies (lookup),Fila omitida
1900,company_id,3,NULL,ID no existe en tabla companies (lookup),Fila omitida
1901,company_id,3,NULL,ID no existe en tabla companies (lookup),Fila omitida
1903,company_id,3,NULL,ID no existe en tabla companies (lookup),Fila omitida
1904,company_id,3,NULL,ID no existe en tabla companies (lookup),Fila omitida
1905,company_id,3,NULL,ID no existe en tabla companies (lookup),Fila omitida
1906,company_id,3,NULL,ID no existe en tabla companies (lookup),Fila omitida
1907,company_id,3,NULL,ID no existe en tabla companies (lookup),Fila omitida
1908,company_id,3,NULL,ID no existe en tabla companies (lookup),Fila omitida
1909,company_id,3,NULL,ID no existe en tabla companies (lookup),Fila omitida
1910,company_id,3,NULL,ID no existe en tabla companies (lookup),Fila omitida
1911,company_id,3,NULL,ID no existe en tabla companies (lookup),Fila omitida
1913,company_id,3,NULL,ID no existe en tabla companies (lookup),Fila omitida
1914,company_id,3,NULL,ID no existe en tabla companies (lookup),Fila omitida
1915,company_id,3,NULL,ID no existe en tabla companies (lookup),Fila omitida
1916,company_id,3,NULL,ID no existe en tabla companies (lookup),Fila omitida
1917,company_id,3,NULL,ID no existe en tabla companies (lookup),Fila omitida
1918,company_id,3,NULL,ID no existe en tabla companies (lookup),Fila omitida
1919,company_id,3,NULL,ID no existe en tabla companies (lookup),Fila omitida
1920,company_id,12,NULL,ID no existe en tabla companies (lookup),Fila omitida
1921,company_id,12,NULL,ID no existe en tabla companies (lookup),Fila omitida
1922,company_id,12,NULL,ID no existe en tabla companies (lookup),Fila omitida
1923,company_id,12,NULL,ID no existe en tabla companies (lookup),Fila omitida
1924,company_id,8,NULL,ID no existe en tabla companies (lookup),Fila omitida
1925,company_id,8,NULL,ID no existe en tabla companies (lookup),Fila omitida
1926,company_id,8,NULL,ID no existe en tabla companies (lookup),Fila omitida
1927,company_id,8,NULL,ID no existe en tabla companies (lookup),Fila omitida
1928,company_id,8,NULL,ID no existe en tabla companies (lookup),Fila omitida
1929,company_id,8,NULL,ID no existe en tabla companies (lookup),Fila omitida
1930,company_id,8,NULL,ID no existe en tabla companies (lookup),Fila omitida
1931,company_id,8,NULL,ID no existe en tabla companies (lookup),Fila omitida
1932,company_id,8,NULL,ID no existe en tabla companies (lookup),Fila omitida
1933,company_id,8,NULL,ID no existe en tabla companies (lookup),Fila omitida
1934,company_id,8,NULL,ID no existe en tabla companies (lookup),Fila omitida
1935,company_id,8,NULL,ID no existe en tabla companies (lookup),Fila omitida
1936,company_id,8,NULL,ID no existe en tabla companies (lookup),Fila omitida
1937,company_id,8,NULL,ID no existe en tabla companies (lookup),Fila omitida
1938,company_id,8,NULL,ID no existe en tabla companies (lookup),Fila omitida
1939,company_id,8,NULL,ID no existe en tabla companies (lookup),Fila omitida
1940,company_id,8,NULL,ID no existe en tabla companies (lookup),Fila omitida
1941,company_id,8,NULL,ID no existe en tabla companies (lookup),Fila omitida
1942,company_id,8,NULL,ID no existe en tabla companies (lookup),Fila omitida
1943,company_id,8,NULL,ID no existe en tabla companies (lookup),Fila omitida
1944,company_id,8,NULL,ID no existe en tabla companies (lookup),Fila omitida
1945,company_id,8,NULL,ID no existe en tabla companies (lookup),Fila omitida
1946,company_id,8,NULL,ID no existe en tabla companies (lookup),Fila omitida
1947,company_id,8,NULL,ID no existe en tabla companies (lookup),Fila omitida
1948,company_id,8,NULL,ID no existe en tabla companies (lookup),Fila omitida
1949,company_id,8,NULL,ID no existe en tabla companies (lookup),Fila omitida
1950,company_id,8,NULL,ID no existe en tabla companies (lookup),Fila omitida
1951,company_id,8,NULL,ID no existe en tabla companies (lookup),Fila omitida
1952,company_id,8,NULL,ID no existe en tabla companies (lookup),Fila omitida
1953,company_id,8,NULL,ID no existe en tabla companies (lookup),Fila omitida
1954,company_id,8,NULL,ID no existe en tabla companies (lookup),Fila omitida
1956,company_id,11,NULL,ID no existe en tabla companies (lookup),Fila omitida
1957,company_id,11,NULL,ID no existe en tabla companies (lookup),Fila omitida
1958,company_id,11,NULL,ID no existe en tabla companies (lookup),Fila omitida
1959,company_id,11,NULL,ID no existe en tabla companies (lookup),Fila omitida
1960,company_id,11,NULL,ID no existe en tabla companies (lookup),Fila omitida
1961,company_id,3,NULL,ID no existe en tabla companies (lookup),Fila omitida
1962,company_id,3,NULL,ID no existe en tabla companies (lookup),Fila omitida
1963,company_id,3,NULL,ID no existe en tabla companies (lookup),Fila omitida
1964,company_id,3,NULL,ID no existe en tabla companies (lookup),Fila omitida
1965,company_id,3,NULL,ID no existe en tabla companies (lookup),Fila omitida
1967,company_id,3,NULL,ID no existe en tabla companies (lookup),Fila omitida
1968,company_id,3,NULL,ID no existe en tabla companies (lookup),Fila omitida
1971,company_id,3,NULL,ID no existe en tabla companies (lookup),Fila omitida
1972,company_id,3,NULL,ID no existe en tabla companies (lookup),Fila omitida
1973,company_id,3,NULL,ID no existe en tabla companies (lookup),Fila omitida
1974,company_id,3,NULL,ID no existe en tabla companies (lookup),Fila omitida
1975,company_id,3,NULL,ID no existe en tabla companies (lookup),Fila omitida
1977,company_id,3,NULL,ID no existe en tabla companies (lookup),Fila omitida
1978,company_id,3,NULL,ID no existe en tabla companies (lookup),Fila omitida
1979,company_id,3,NULL,ID no existe en tabla companies (lookup),Fila omitida
1980,company_id,3,NULL,ID no existe en tabla companies (lookup),Fila omitida
1981,company_id,3,NULL,ID no existe en tabla companies (lookup),Fila omitida
1982,company_id,3,NULL,ID no existe en tabla companies (lookup),Fila omitida
1983,company_id,3,NULL,ID no existe en tabla companies (lookup),Fila omitida
1985,company_id,3,NULL,ID no existe en tabla companies (lookup),Fila omitida
1986,company_id,3,NULL,ID no existe en tabla companies (lookup),Fila omitida
1987,company_id,3,NULL,ID no existe en tabla companies (lookup),Fila omitida
1988,company_id,3,NULL,ID no existe en tabla companies (lookup),Fila omitida
1989,company_id,3,NULL,ID no existe en tabla companies (lookup),Fila omitida
1990,company_id,3,NULL,ID no existe en tabla companies (lookup),Fila omitida
1991,company_id,3,NULL,ID no existe en tabla companies (lookup),Fila omitida
1992,company_id,3,NULL,ID no existe en tabla companies (lookup),Fila omitida
1993,company_id,3,NULL,ID no existe en tabla companies (lookup),Fila omitida
1994,company_id,3,NULL,ID no existe en tabla companies (lookup),Fila omitida
1995,company_id,3,NULL,ID no existe en tabla companies (lookup),Fila omitida
1996,company_id,3,NULL,ID no existe en tabla companies (lookup),Fila omitida
1997,company_id,3,NULL,ID no existe en tabla companies (lookup),Fila omitida
1998,company_id,3,NULL,ID no existe en tabla companies (lookup),Fila omitida
1999,company_id,3,NULL,ID no existe en tabla companies (lookup),Fila omitida
2000,company_id,3,NULL,ID no existe en tabla companies (lookup),Fila omitida
2001,company_id,3,NULL,ID no existe en tabla companies (lookup),Fila omitida
2002,company_id,3,NULL,ID no existe en tabla companies (lookup),Fila omitida
2004,company_id,3,NULL,ID no existe en tabla companies (lookup),Fila omitida
2005,company_id,3,NULL,ID no existe en tabla companies (lookup),Fila omitida
2006,company_id,11,NULL,ID no existe en tabla companies (lookup),Fila omitida
2007,company_id,11,NULL,ID no existe en tabla companies (lookup),Fila omitida
2008,company_id,3,NULL,ID no existe en tabla companies (lookup),Fila omitida
2010,company_id,3,NULL,ID no existe en tabla companies (lookup),Fila omitida
2011,company_id,3,NULL,ID no existe en tabla companies (lookup),Fila omitida
2012,company_id,3,NULL,ID no existe en tabla companies (lookup),Fila omitida
2013,company_id,3,NULL,ID no existe en tabla companies (lookup),Fila omitida
2014,company_id,3,NULL,ID no existe en tabla companies (lookup),Fila omitida
2015,company_id,3,NULL,ID no existe en tabla companies (lookup),Fila omitida
2016,company_id,3,NULL,ID no existe en tabla companies (lookup),Fila omitida
2017,company_id,3,NULL,ID no existe en tabla companies (lookup),Fila omitida
2018,company_id,3,NULL,ID no existe en tabla companies (lookup),Fila omitida
2019,company_id,3,NULL,ID no existe en tabla companies (lookup),Fila omitida
2020,company_id,3,NULL,ID no existe en tabla companies (lookup),Fila omitida
2021,company_id,3,NULL,ID no existe en tabla companies (lookup),Fila omitida
2022,company_id,3,NULL,ID no existe en tabla companies (lookup),Fila omitida
2023,company_id,3,NULL,ID no existe en tabla companies (lookup),Fila omitida
2024,company_id,3,NULL,ID no existe en tabla companies (lookup),Fila omitida
2025,company_id,3,NULL,ID no existe en tabla companies (lookup),Fila omitida
2026,company_id,3,NULL,ID no existe en tabla companies (lookup),Fila omitida
2027,company_id,3,NULL,ID no existe en tabla companies (lookup),Fila omitida
2028,company_id,3,NULL,ID no existe en tabla companies (lookup),Fila omitida
2029,company_id,3,NULL,ID no existe en tabla companies (lookup),Fila omitida
2030,company_id,3,NULL,ID no existe en tabla companies (lookup),Fila omitida
2031,company_id,3,NULL,ID no existe en tabla companies (lookup),Fila omitida
2032,company_id,3,NULL,ID no existe en tabla companies (lookup),Fila omitida
2033,company_id,3,NULL,ID no existe en tabla companies (lookup),Fila omitida
2034,company_id,3,NULL,ID no existe en tabla companies (lookup),Fila omitida
2035,company_id,3,NULL,ID no existe en tabla companies (lookup),Fila omitida
2036,company_id,3,NULL,ID no existe en tabla companies (lookup),Fila omitida
2037,company_id,3,NULL,ID no existe en tabla companies (lookup),Fila omitida
2038,company_id,3,NULL,ID no existe en tabla companies (lookup),Fila omitida
2039,company_id,3,NULL,ID no existe en tabla companies (lookup),Fila omitida
2041,company_id,3,NULL,ID no existe en tabla companies (lookup),Fila omitida
2042,company_id,3,NULL,ID no existe en tabla companies (lookup),Fila omitida
2043,company_id,3,NULL,ID no existe en tabla companies (lookup),Fila omitida
2044,company_id,3,NULL,ID no existe en tabla companies (lookup),Fila omitida
2045,company_id,3,NULL,ID no existe en tabla companies (lookup),Fila omitida
2046,company_id,3,NULL,ID no existe en tabla companies (lookup),Fila omitida
2047,company_id,3,NULL,ID no existe en tabla companies (lookup),Fila omitida
2048,company_id,3,NULL,ID no existe en tabla companies (lookup),Fila omitida
2049,company_id,8,NULL,ID no existe en tabla companies (lookup),Fila omitida
2050,company_id,8,NULL,ID no existe en tabla companies (lookup),Fila omitida
2051,company_id,8,NULL,ID no existe en tabla companies (lookup),Fila omitida
2052,company_id,8,NULL,ID no existe en tabla companies (lookup),Fila omitida
2053,company_id,8,NULL,ID no existe en tabla companies (lookup),Fila omitida
2054,company_id,8,NULL,ID no existe en tabla companies (lookup),Fila omitida
2055,company_id,8,NULL,ID no existe en tabla companies (lookup),Fila omitida
2056,company_id,8,NULL,ID no existe en tabla companies (lookup),Fila omitida
2057,company_id,8,NULL,ID no existe en tabla companies (lookup),Fila omitida
2058,company_id,8,NULL,ID no existe en tabla companies (lookup),Fila omitida
2059,company_id,8,NULL,ID no existe en tabla companies (lookup),Fila omitida
2060,company_id,8,NULL,ID no existe en tabla companies (lookup),Fila omitida
2061,company_id,8,NULL,ID no existe en tabla companies (lookup),Fila omitida
2062,company_id,8,NULL,ID no existe en tabla companies (lookup),Fila omitida
2063,company_id,8,NULL,ID no existe en tabla companies (lookup),Fila omitida
2064,company_id,8,NULL,ID no existe en tabla companies (lookup),Fila omitida
2065,company_id,8,NULL,ID no existe en tabla companies (lookup),Fila omitida
2066,company_id,8,NULL,ID no existe en tabla companies (lookup),Fila omitida
2067,company_id,8,NULL,ID no existe en tabla companies (lookup),Fila omitida
2068,company_id,8,NULL,ID no existe en tabla companies (lookup),Fila omitida
2069,company_id,8,NULL,ID no existe en tabla companies (lookup),Fila omitida
2070,company_id,8,NULL,ID no existe en tabla companies (lookup),Fila omitida
2072,company_id,8,NULL,ID no existe en tabla companies (lookup),Fila omitida
2073,company_id,8,NULL,ID no existe en tabla companies (lookup),Fila omitida
2074,Id,,NULL,columna obligatoria sin valor,Fila omitida
2074,nombre,,NULL,columna obligatoria sin valor,Fila omitida
2074,cedula,,NULL,columna obligatoria sin valor,Fila omitida
