fila_excel,columna,descripcion
3,Id_cliente,ID 1 no existe en clients. Convertido a NULL.
3,linea_id,ID 3 no existe en lineas. Convertido a NULL.
4,Id_cliente,ID 2 no existe en clients. Convertido a NULL.
4,linea_id,ID 9 no existe en lineas. Convertido a NULL.
5,Id_cliente,ID 3 no existe en clients. Convertido a NULL.
5,linea_id,ID 3 no existe en lineas. Convertido a NULL.
6,Id_cliente,ID 4 no existe en clients. Convertido a NULL.
6,linea_id,ID 3 no existe en lineas. Convertido a NULL.
7,Id_cliente,ID 5 no existe en clients. Convertido a NULL.
8,Id_cliente,ID 6 no existe en clients. Convertido a NULL.
8,linea_id,ID 3 no existe en lineas. Convertido a NULL.
9,Id_cliente,ID 7 no existe en clients. Convertido a NULL.
9,linea_id,ID 3 no existe en lineas. Convertido a NULL.
10,Id_cliente,ID 8 no existe en clients. Convertido a NULL.
10,linea_id,ID 3 no existe en lineas. Convertido a NULL.
11,Id_cliente,ID 9 no existe en clients. Convertido a NULL.
11,linea_id,ID 3 no existe en lineas. Convertido a NULL.
12,Id_cliente,ID 10 no existe en clients. Convertido a NULL.
12,linea_id,ID 3 no existe en lineas. Convertido a NULL.
13,Id_cliente,ID 11 no existe en clients. Convertido a NULL.
13,linea_id,ID 3 no existe en lineas. Convertido a NULL.
14,Id_cliente,ID 12 no existe en clients. Convertido a NULL.
14,linea_id,ID 3 no existe en lineas. Convertido a NULL.
15,Id_cliente,ID 13 no existe en clients. Convertido a NULL.
15,linea_id,ID 3 no existe en lineas. Convertido a NULL.
16,Id_cliente,ID 14 no existe en clients. Convertido a NULL.
16,linea_id,ID 3 no existe en lineas. Convertido a NULL.
17,Id_cliente,ID 15 no existe en clients. Convertido a NULL.
17,linea_id,ID 3 no existe en lineas. Convertido a NULL.
18,Id_cliente,ID 16 no existe en clients. Convertido a NULL.
18,linea_id,ID 3 no existe en lineas. Convertido a NULL.
19,Id_cliente,ID 17 no existe en clients. Convertido a NULL.
19,linea_id,ID 3 no existe en lineas. Convertido a NULL.
20,Id_cliente,ID 18 no existe en clients. Convertido a NULL.
20,linea_id,ID 3 no existe en lineas. Convertido a NULL.
21,Id_cliente,ID 19 no existe en clients. Convertido a NULL.
21,linea_id,ID 3 no existe en lineas. Convertido a NULL.
22,Id_cliente,ID 20 no existe en clients. Convertido a NULL.
23,Id_cliente,ID 21 no existe en clients. Convertido a NULL.
24,Id_cliente,ID 22 no existe en clients. Convertido a NULL.
24,linea_id,ID 3 no existe en lineas. Convertido a NULL.
25,Id_cliente,ID 23 no existe en clients. Convertido a NULL.
25,linea_id,ID 3 no existe en lineas. Convertido a NULL.
26,Id_cliente,ID 24 no existe en clients. Convertido a NULL.
26,linea_id,ID 3 no existe en lineas. Convertido a NULL.
27,Id_cliente,ID 25 no existe en clients. Convertido a NULL.
27,linea_id,ID 3 no existe en lineas. Convertido a NULL.
28,Id_cliente,ID 26 no existe en clients. Convertido a NULL.
28,linea_id,ID 3 no existe en lineas. Convertido a NULL.
29,Id_cliente,ID 27 no existe en clients. Convertido a NULL.
29,linea_id,ID 3 no existe en lineas. Convertido a NULL.
30,Id_cliente,ID 28 no existe en clients. Convertido a NULL.
30,linea_id,ID 3 no existe en lineas. Convertido a NULL.
31,Id_cliente,ID 29 no existe en clients. Convertido a NULL.
31,linea_id,ID 3 no existe en lineas. Convertido a NULL.
32,Id_cliente,ID 30 no existe en clients. Convertido a NULL.
32,linea_id,ID 3 no existe en lineas. Convertido a NULL.
33,Id_cliente,ID 31 no existe en clients. Convertido a NULL.
33,linea_id,ID 3 no existe en lineas. Convertido a NULL.
34,Id_cliente,ID 32 no existe en clients. Convertido a NULL.
34,linea_id,ID 3 no existe en lineas. Convertido a NULL.
35,Id_cliente,ID 33 no existe en clients. Convertido a NULL.
35,linea_id,ID 3 no existe en lineas. Convertido a NULL.
36,Id_cliente,ID 34 no existe en clients. Convertido a NULL.
36,linea_id,ID 3 no existe en lineas. Convertido a NULL.
37,Id_cliente,ID 35 no existe en clients. Convertido a NULL.
37,linea_id,ID 3 no existe en lineas. Convertido a NULL.
38,Id_cliente,ID 36 no existe en clients. Convertido a NULL.
38,linea_id,ID 3 no existe en lineas. Convertido a NULL.
39,Id_cliente,ID 37 no existe en clients. Convertido a NULL.
39,linea_id,ID 3 no existe en lineas. Convertido a NULL.
40,Id_cliente,ID 38 no existe en clients. Convertido a NULL.
40,linea_id,ID 3 no existe en lineas. Convertido a NULL.
41,Id_cliente,ID 39 no existe en clients. Convertido a NULL.
41,linea_id,ID 3 no existe en lineas. Convertido a NULL.
42,Id_cliente,ID 40 no existe en clients. Convertido a NULL.
42,linea_id,ID 9 no existe en lineas. Convertido a NULL.
43,Id_cliente,ID 41 no existe en clients. Convertido a NULL.
43,linea_id,ID 3 no existe en lineas. Convertido a NULL.
44,Id_cliente,ID 42 no existe en clients. Convertido a NULL.
44,linea_id,ID 3 no existe en lineas. Convertido a NULL.
45,Id_cliente,ID 43 no existe en clients. Convertido a NULL.
45,linea_id,ID 3 no existe en lineas. Convertido a NULL.
46,Id_cliente,ID 44 no existe en clients. Convertido a NULL.
46,linea_id,ID 3 no existe en lineas. Convertido a NULL.
47,Id_cliente,ID 45 no existe en clients. Convertido a NULL.
47,linea_id,ID 3 no existe en lineas. Convertido a NULL.
48,Id_cliente,ID 46 no existe en clients. Convertido a NULL.
48,linea_id,ID 3 no existe en lineas. Convertido a NULL.
49,Id_cliente,ID 47 no existe en clients. Convertido a NULL.
49,linea_id,ID 3 no existe en lineas. Convertido a NULL.
50,Id_cliente,ID 48 no existe en clients. Convertido a NULL.
50,linea_id,ID 3 no existe en lineas. Convertido a NULL.
51,Id_cliente,ID 49 no existe en clients. Convertido a NULL.
51,linea_id,ID 3 no existe en lineas. Convertido a NULL.
52,Id_cliente,ID 50 no existe en clients. Convertido a NULL.
52,linea_id,ID 3 no existe en lineas. Convertido a NULL.
53,Id_cliente,ID 51 no existe en clients. Convertido a NULL.
53,linea_id,ID 3 no existe en lineas. Convertido a NULL.
54,Id_cliente,ID 52 no existe en clients. Convertido a NULL.
54,linea_id,ID 3 no existe en lineas. Convertido a NULL.
55,Id_cliente,ID 53 no existe en clients. Convertido a NULL.
55,linea_id,ID 3 no existe en lineas. Convertido a NULL.
56,Id_cliente,ID 54 no existe en clients. Convertido a NULL.
56,linea_id,ID 3 no existe en lineas. Convertido a NULL.
57,Id_cliente,ID 55 no existe en clients. Convertido a NULL.
57,linea_id,ID 3 no existe en lineas. Convertido a NULL.
58,Id_cliente,ID 56 no existe en clients. Convertido a NULL.
58,linea_id,ID 3 no existe en lineas. Convertido a NULL.
59,Id_cliente,ID 57 no existe en clients. Convertido a NULL.
59,linea_id,ID 3 no existe en lineas. Convertido a NULL.
60,Id_cliente,ID 58 no existe en clients. Convertido a NULL.
60,linea_id,ID 3 no existe en lineas. Convertido a NULL.
61,Id_cliente,ID 59 no existe en clients. Convertido a NULL.
61,linea_id,ID 3 no existe en lineas. Convertido a NULL.
62,Id_cliente,ID 60 no existe en clients. Convertido a NULL.
62,linea_id,ID 3 no existe en lineas. Convertido a NULL.
63,Id_cliente,ID 61 no existe en clients. Convertido a NULL.
63,linea_id,ID 3 no existe en lineas. Convertido a NULL.
64,Id_cliente,ID 62 no existe en clients. Convertido a NULL.
64,linea_id,ID 3 no existe en lineas. Convertido a NULL.
65,Id_cliente,ID 63 no existe en clients. Convertido a NULL.
65,linea_id,ID 3 no existe en lineas. Convertido a NULL.
66,Id_cliente,ID 64 no existe en clients. Convertido a NULL.
66,linea_id,ID 3 no existe en lineas. Convertido a NULL.
67,Id_cliente,ID 65 no existe en clients. Convertido a NULL.
67,linea_id,ID 3 no existe en lineas. Convertido a NULL.
68,Id_cliente,ID 66 no existe en clients. Convertido a NULL.
68,linea_id,ID 3 no existe en lineas. Convertido a NULL.
69,Id_cliente,ID 67 no existe en clients. Convertido a NULL.
69,linea_id,ID 3 no existe en lineas. Convertido a NULL.
70,Id_cliente,ID 68 no existe en clients. Convertido a NULL.
70,linea_id,ID 3 no existe en lineas. Convertido a NULL.
71,Id_cliente,ID 69 no existe en clients. Convertido a NULL.
71,linea_id,ID 3 no existe en lineas. Convertido a NULL.
72,Id_cliente,ID 70 no existe en clients. Convertido a NULL.
72,linea_id,ID 3 no existe en lineas. Convertido a NULL.
73,Id_cliente,ID 71 no existe en clients. Convertido a NULL.
73,linea_id,ID 3 no existe en lineas. Convertido a NULL.
74,Id_cliente,ID 72 no existe en clients. Convertido a NULL.
74,linea_id,ID 3 no existe en lineas. Convertido a NULL.
75,Id_cliente,ID 73 no existe en clients. Convertido a NULL.
75,linea_id,ID 3 no existe en lineas. Convertido a NULL.
76,Id_cliente,ID 74 no existe en clients. Convertido a NULL.
76,linea_id,ID 3 no existe en lineas. Convertido a NULL.
77,Id_cliente,ID 75 no existe en clients. Convertido a NULL.
77,linea_id,ID 3 no existe en lineas. Convertido a NULL.
78,Id_cliente,ID 76 no existe en clients. Convertido a NULL.
78,linea_id,ID 3 no existe en lineas. Convertido a NULL.
79,Id_cliente,ID 77 no existe en clients. Convertido a NULL.
79,linea_id,ID 3 no existe en lineas. Convertido a NULL.
80,Id_cliente,ID 78 no existe en clients. Convertido a NULL.
80,linea_id,ID 3 no existe en lineas. Convertido a NULL.
81,Id_cliente,ID 79 no existe en clients. Convertido a NULL.
81,linea_id,ID 3 no existe en lineas. Convertido a NULL.
82,Id_cliente,ID 80 no existe en clients. Convertido a NULL.
82,linea_id,ID 3 no existe en lineas. Convertido a NULL.
83,Id_cliente,ID 81 no existe en clients. Convertido a NULL.
83,linea_id,ID 3 no existe en lineas. Convertido a NULL.
84,Id_cliente,ID 82 no existe en clients. Convertido a NULL.
84,linea_id,ID 3 no existe en lineas. Convertido a NULL.
85,Id_cliente,ID 83 no existe en clients. Convertido a NULL.
85,linea_id,ID 3 no existe en lineas. Convertido a NULL.
86,Id_cliente,ID 84 no existe en clients. Convertido a NULL.
86,linea_id,ID 3 no existe en lineas. Convertido a NULL.
87,Id_cliente,ID 85 no existe en clients. Convertido a NULL.
87,linea_id,ID 3 no existe en lineas. Convertido a NULL.
88,Id_cliente,ID 86 no existe en clients. Convertido a NULL.
88,linea_id,ID 3 no existe en lineas. Convertido a NULL.
89,Id_cliente,ID 87 no existe en clients. Convertido a NULL.
89,linea_id,ID 3 no existe en lineas. Convertido a NULL.
90,Id_cliente,ID 88 no existe en clients. Convertido a NULL.
90,linea_id,ID 3 no existe en lineas. Convertido a NULL.
91,Id_cliente,ID 89 no existe en clients. Convertido a NULL.
91,linea_id,ID 3 no existe en lineas. Convertido a NULL.
92,Id_cliente,ID 90 no existe en clients. Convertido a NULL.
92,linea_id,ID 3 no existe en lineas. Convertido a NULL.
93,Id_cliente,ID 91 no existe en clients. Convertido a NULL.
93,linea_id,ID 3 no existe en lineas. Convertido a NULL.
94,Id_cliente,ID 92 no existe en clients. Convertido a NULL.
94,linea_id,ID 3 no existe en lineas. Convertido a NULL.
95,Id_cliente,ID 93 no existe en clients. Convertido a NULL.
95,linea_id,ID 3 no existe en lineas. Convertido a NULL.
96,Id_cliente,ID 94 no existe en clients. Convertido a NULL.
96,linea_id,ID 3 no existe en lineas. Convertido a NULL.
97,Id_cliente,ID 95 no existe en clients. Convertido a NULL.
97,linea_id,ID 3 no existe en lineas. Convertido a NULL.
98,Id_cliente,ID 96 no existe en clients. Convertido a NULL.
98,linea_id,ID 3 no existe en lineas. Convertido a NULL.
99,Id_cliente,ID 97 no existe en clients. Convertido a NULL.
99,linea_id,ID 3 no existe en lineas. Convertido a NULL.
100,Id_cliente,ID 98 no existe en clients. Convertido a NULL.
100,linea_id,ID 3 no existe en lineas. Convertido a NULL.
101,Id_cliente,ID 99 no existe en clients. Convertido a NULL.
101,linea_id,ID 3 no existe en lineas. Convertido a NULL.
102,Id_cliente,ID 100 no existe en clients. Convertido a NULL.
102,linea_id,ID 3 no existe en lineas. Convertido a NULL.
103,Id_cliente,ID 101 no existe en clients. Convertido a NULL.
103,linea_id,ID 3 no existe en lineas. Convertido a NULL.
104,Id_cliente,ID 102 no existe en clients. Convertido a NULL.
104,linea_id,ID 3 no existe en lineas. Convertido a NULL.
105,Id_cliente,ID 103 no existe en clients. Convertido a NULL.
105,linea_id,ID 3 no existe en lineas. Convertido a NULL.
106,Id_cliente,ID 104 no existe en clients. Convertido a NULL.
106,linea_id,ID 3 no existe en lineas. Convertido a NULL.
107,Id_cliente,ID 105 no existe en clients. Convertido a NULL.
107,linea_id,ID 3 no existe en lineas. Convertido a NULL.
108,Id_cliente,ID 106 no existe en clients. Convertido a NULL.
108,linea_id,ID 3 no existe en lineas. Convertido a NULL.
109,Id_cliente,ID 107 no existe en clients. Convertido a NULL.
109,linea_id,ID 3 no existe en lineas. Convertido a NULL.
110,Id_cliente,ID 108 no existe en clients. Convertido a NULL.
110,linea_id,ID 3 no existe en lineas. Convertido a NULL.
111,Id_cliente,ID 109 no existe en clients. Convertido a NULL.
111,linea_id,ID 3 no existe en lineas. Convertido a NULL.
112,Id_cliente,ID 110 no existe en clients. Convertido a NULL.
112,linea_id,ID 3 no existe en lineas. Convertido a NULL.
113,Id_cliente,ID 111 no existe en clients. Convertido a NULL.
113,linea_id,ID 3 no existe en lineas. Convertido a NULL.
114,Id_cliente,ID 112 no existe en clients. Convertido a NULL.
114,linea_id,ID 3 no existe en lineas. Convertido a NULL.
115,Id_cliente,ID 113 no existe en clients. Convertido a NULL.
115,linea_id,ID 3 no existe en lineas. Convertido a NULL.
116,Id_cliente,ID 114 no existe en clients. Convertido a NULL.
116,linea_id,ID 3 no existe en lineas. Convertido a NULL.
117,Id_cliente,ID 115 no existe en clients. Convertido a NULL.
117,linea_id,ID 3 no existe en lineas. Convertido a NULL.
118,Id_cliente,ID 116 no existe en clients. Convertido a NULL.
118,linea_id,ID 3 no existe en lineas. Convertido a NULL.
119,Id_cliente,ID 117 no existe en clients. Convertido a NULL.
119,linea_id,ID 3 no existe en lineas. Convertido a NULL.
120,Id_cliente,ID 118 no existe en clients. Convertido a NULL.
120,linea_id,ID 3 no existe en lineas. Convertido a NULL.
121,Id_cliente,ID 119 no existe en clients. Convertido a NULL.
121,linea_id,ID 3 no existe en lineas. Convertido a NULL.
122,Id_cliente,ID 120 no existe en clients. Convertido a NULL.
122,linea_id,ID 3 no existe en lineas. Convertido a NULL.
123,Id_cliente,ID 121 no existe en clients. Convertido a NULL.
123,linea_id,ID 3 no existe en lineas. Convertido a NULL.
124,Id_cliente,ID 122 no existe en clients. Convertido a NULL.
124,linea_id,ID 3 no existe en lineas. Convertido a NULL.
125,Id_cliente,ID 123 no existe en clients. Convertido a NULL.
125,linea_id,ID 3 no existe en lineas. Convertido a NULL.
126,Id_cliente,ID 124 no existe en clients. Convertido a NULL.
126,linea_id,ID 3 no existe en lineas. Convertido a NULL.
127,Id_cliente,ID 125 no existe en clients. Convertido a NULL.
127,linea_id,ID 3 no existe en lineas. Convertido a NULL.
128,Id_cliente,ID 126 no existe en clients. Convertido a NULL.
128,linea_id,ID 3 no existe en lineas. Convertido a NULL.
129,Id_cliente,ID 127 no existe en clients. Convertido a NULL.
129,linea_id,ID 3 no existe en lineas. Convertido a NULL.
130,Id_cliente,ID 128 no existe en clients. Convertido a NULL.
130,linea_id,ID 3 no existe en lineas. Convertido a NULL.
131,Id_cliente,ID 129 no existe en clients. Convertido a NULL.
131,linea_id,ID 3 no existe en lineas. Convertido a NULL.
132,Id_cliente,ID 130 no existe en clients. Convertido a NULL.
132,linea_id,ID 3 no existe en lineas. Convertido a NULL.
132,cuota,Decimal inválido. Convertido a NULL (nullable).
133,Id_cliente,ID 131 no existe en clients. Convertido a NULL.
133,linea_id,ID 3 no existe en lineas. Convertido a NULL.
134,Id_cliente,ID 132 no existe en clients. Convertido a NULL.
134,linea_id,ID 3 no existe en lineas. Convertido a NULL.
135,Id_cliente,ID 133 no existe en clients. Convertido a NULL.
135,linea_id,ID 3 no existe en lineas. Convertido a NULL.
136,Id_cliente,ID 134 no existe en clients. Convertido a NULL.
136,linea_id,ID 3 no existe en lineas. Convertido a NULL.
137,Id_cliente,ID 135 no existe en clients. Convertido a NULL.
137,linea_id,ID 3 no existe en lineas. Convertido a NULL.
138,Id_cliente,ID 136 no existe en clients. Convertido a NULL.
138,linea_id,ID 3 no existe en lineas. Convertido a NULL.
139,Id_cliente,ID 137 no existe en clients. Convertido a NULL.
139,linea_id,ID 3 no existe en lineas. Convertido a NULL.
140,Id_cliente,ID 138 no existe en clients. Convertido a NULL.
140,linea_id,ID 3 no existe en lineas. Convertido a NULL.
141,Id_cliente,ID 139 no existe en clients. Convertido a NULL.
141,linea_id,ID 3 no existe en lineas. Convertido a NULL.
142,Id_cliente,ID 140 no existe en clients. Convertido a NULL.
142,linea_id,ID 3 no existe en lineas. Convertido a NULL.
143,Id_cliente,ID 141 no existe en clients. Convertido a NULL.
143,linea_id,ID 3 no existe en lineas. Convertido a NULL.
144,Id_cliente,ID 142 no existe en clients. Convertido a NULL.
144,linea_id,ID 3 no existe en lineas. Convertido a NULL.
145,Id_cliente,ID 143 no existe en clients. Convertido a NULL.
145,linea_id,ID 3 no existe en lineas. Convertido a NULL.
146,Id_cliente,ID 144 no existe en clients. Convertido a NULL.
146,linea_id,ID 3 no existe en lineas. Convertido a NULL.
147,Id_cliente,ID 145 no existe en clients. Convertido a NULL.
147,linea_id,ID 3 no existe en lineas. Convertido a NULL.
148,Id_cliente,ID 146 no existe en clients. Convertido a NULL.
148,linea_id,ID 3 no existe en lineas. Convertido a NULL.
149,Id_cliente,ID 147 no existe en clients. Convertido a NULL.
149,linea_id,ID 3 no existe en lineas. Convertido a NULL.
150,Id_cliente,ID 148 no existe en clients. Convertido a NULL.
150,linea_id,ID 3 no existe en lineas. Convertido a NULL.
151,Id_cliente,ID 149 no existe en clients. Convertido a NULL.
151,linea_id,ID 3 no existe en lineas. Convertido a NULL.
152,Id_cliente,ID 150 no existe en clients. Convertido a NULL.
152,linea_id,ID 3 no existe en lineas. Convertido a NULL.
153,Id_cliente,ID 151 no existe en clients. Convertido a NULL.
153,linea_id,ID 3 no existe en lineas. Convertido a NULL.
154,Id_cliente,ID 152 no existe en clients. Convertido a NULL.
154,linea_id,ID 3 no existe en lineas. Convertido a NULL.
155,Id_cliente,ID 153 no existe en clients. Convertido a NULL.
155,linea_id,ID 3 no existe en lineas. Convertido a NULL.
156,Id_cliente,ID 154 no existe en clients. Convertido a NULL.
156,linea_id,ID 3 no existe en lineas. Convertido a NULL.
157,Id_cliente,ID 155 no existe en clients. Convertido a NULL.
157,linea_id,ID 3 no existe en lineas. Convertido a NULL.
158,Id_cliente,ID 156 no existe en clients. Convertido a NULL.
158,linea_id,ID 3 no existe en lineas. Convertido a NULL.
159,Id_cliente,ID 157 no existe en clients. Convertido a NULL.
159,linea_id,ID 3 no existe en lineas. Convertido a NULL.
160,Id_cliente,ID 158 no existe en clients. Convertido a NULL.
160,linea_id,ID 3 no existe en lineas. Convertido a NULL.
161,Id_cliente,ID 159 no existe en clients. Convertido a NULL.
161,linea_id,ID 3 no existe en lineas. Convertido a NULL.
162,Id_cliente,ID 160 no existe en clients. Convertido a NULL.
162,linea_id,ID 3 no existe en lineas. Convertido a NULL.
163,Id_cliente,ID 162 no existe en clients. Convertido a NULL.
163,linea_id,ID 3 no existe en lineas. Convertido a NULL.
164,Id_cliente,ID 163 no existe en clients. Convertido a NULL.
164,linea_id,ID 3 no existe en lineas. Convertido a NULL.
165,Id_cliente,ID 164 no existe en clients. Convertido a NULL.
165,linea_id,ID 3 no existe en lineas. Convertido a NULL.
166,Id_cliente,ID 165 no existe en clients. Convertido a NULL.
166,linea_id,ID 3 no existe en lineas. Convertido a NULL.
167,Id_cliente,ID 166 no existe en clients. Convertido a NULL.
167,linea_id,ID 3 no existe en lineas. Convertido a NULL.
168,Id_cliente,ID 167 no existe en clients. Convertido a NULL.
168,linea_id,ID 3 no existe en lineas. Convertido a NULL.
169,Id_cliente,ID 168 no existe en clients. Convertido a NULL.
169,linea_id,ID 3 no existe en lineas. Convertido a NULL.
170,Id_cliente,ID 169 no existe en clients. Convertido a NULL.
171,Id_cliente,ID 170 no existe en clients. Convertido a NULL.
171,linea_id,ID 3 no existe en lineas. Convertido a NULL.
172,Id_cliente,ID 171 no existe en clients. Convertido a NULL.
172,linea_id,ID 3 no existe en lineas. Convertido a NULL.
173,Id_cliente,ID 172 no existe en clients. Convertido a NULL.
174,Id_cliente,ID 173 no existe en clients. Convertido a NULL.
174,linea_id,ID 3 no existe en lineas. Convertido a NULL.
175,Id_cliente,ID 174 no existe en clients. Convertido a NULL.
175,linea_id,ID 3 no existe en lineas. Convertido a NULL.
176,Id_cliente,ID 175 no existe en clients. Convertido a NULL.
176,linea_id,ID 3 no existe en lineas. Convertido a NULL.
177,Id_cliente,ID 176 no existe en clients. Convertido a NULL.
177,linea_id,ID 3 no existe en lineas. Convertido a NULL.
178,Id_cliente,ID 177 no existe en clients. Convertido a NULL.
178,linea_id,ID 3 no existe en lineas. Convertido a NULL.
179,Id_cliente,ID 178 no existe en clients. Convertido a NULL.
179,linea_id,ID 3 no existe en lineas. Convertido a NULL.
180,Id_cliente,ID 179 no existe en clients. Convertido a NULL.
180,linea_id,ID 3 no existe en lineas. Convertido a NULL.
181,Id_cliente,ID 180 no existe en clients. Convertido a NULL.
181,linea_id,ID 3 no existe en lineas. Convertido a NULL.
182,Id_cliente,ID 181 no existe en clients. Convertido a NULL.
182,linea_id,ID 3 no existe en lineas. Convertido a NULL.
183,Id_cliente,ID 182 no existe en clients. Convertido a NULL.
183,linea_id,ID 3 no existe en lineas. Convertido a NULL.
184,Id_cliente,ID 183 no existe en clients. Convertido a NULL.
184,linea_id,ID 3 no existe en lineas. Convertido a NULL.
185,Id_cliente,ID 184 no existe en clients. Convertido a NULL.
185,linea_id,ID 3 no existe en lineas. Convertido a NULL.
186,Id_cliente,ID 185 no existe en clients. Convertido a NULL.
186,linea_id,ID 3 no existe en lineas. Convertido a NULL.
187,Id_cliente,ID 186 no existe en clients. Convertido a NULL.
187,linea_id,ID 3 no existe en lineas. Convertido a NULL.
188,Id_cliente,ID 187 no existe en clients. Convertido a NULL.
188,linea_id,ID 3 no existe en lineas. Convertido a NULL.
189,Id_cliente,ID 188 no existe en clients. Convertido a NULL.
189,linea_id,ID 3 no existe en lineas. Convertido a NULL.
190,Id_cliente,ID 189 no existe en clients. Convertido a NULL.
191,Id_cliente,ID 190 no existe en clients. Convertido a NULL.
191,linea_id,ID 3 no existe en lineas. Convertido a NULL.
192,Id_cliente,ID 191 no existe en clients. Convertido a NULL.
192,linea_id,ID 3 no existe en lineas. Convertido a NULL.
193,Id_cliente,ID 192 no existe en clients. Convertido a NULL.
193,linea_id,ID 3 no existe en lineas. Convertido a NULL.
194,Id_cliente,ID 193 no existe en clients. Convertido a NULL.
194,linea_id,ID 3 no existe en lineas. Convertido a NULL.
195,Id_cliente,ID 194 no existe en clients. Convertido a NULL.
195,linea_id,ID 3 no existe en lineas. Convertido a NULL.
196,Id_cliente,ID 195 no existe en clients. Convertido a NULL.
196,linea_id,ID 3 no existe en lineas. Convertido a NULL.
197,Id_cliente,ID 196 no existe en clients. Convertido a NULL.
197,linea_id,ID 3 no existe en lineas. Convertido a NULL.
198,Id_cliente,ID 197 no existe en clients. Convertido a NULL.
198,linea_id,ID 3 no existe en lineas. Convertido a NULL.
199,Id_cliente,ID 198 no existe en clients. Convertido a NULL.
199,linea_id,ID 3 no existe en lineas. Convertido a NULL.
200,Id_cliente,ID 199 no existe en clients. Convertido a NULL.
200,linea_id,ID 3 no existe en lineas. Convertido a NULL.
201,Id_cliente,ID 200 no existe en clients. Convertido a NULL.
201,linea_id,ID 3 no existe en lineas. Convertido a NULL.
202,Id_cliente,ID 201 no existe en clients. Convertido a NULL.
202,linea_id,ID 3 no existe en lineas. Convertido a NULL.
203,Id_cliente,ID 202 no existe en clients. Convertido a NULL.
203,linea_id,ID 3 no existe en lineas. Convertido a NULL.
204,Id_cliente,ID 203 no existe en clients. Convertido a NULL.
204,linea_id,ID 3 no existe en lineas. Convertido a NULL.
205,Id_cliente,ID 204 no existe en clients. Convertido a NULL.
205,linea_id,ID 3 no existe en lineas. Convertido a NULL.
206,Id_cliente,ID 205 no existe en clients. Convertido a NULL.
206,linea_id,ID 3 no existe en lineas. Convertido a NULL.
207,Id_cliente,ID 206 no existe en clients. Convertido a NULL.
207,linea_id,ID 3 no existe en lineas. Convertido a NULL.
208,Id_cliente,ID 207 no existe en clients. Convertido a NULL.
208,linea_id,ID 3 no existe en lineas. Convertido a NULL.
209,Id_cliente,ID 208 no existe en clients. Convertido a NULL.
209,linea_id,ID 3 no existe en lineas. Convertido a NULL.
210,Id_cliente,ID 209 no existe en clients. Convertido a NULL.
210,linea_id,ID 3 no existe en lineas. Convertido a NULL.
211,Id_cliente,ID 210 no existe en clients. Convertido a NULL.
211,linea_id,ID 3 no existe en lineas. Convertido a NULL.
212,Id_cliente,ID 211 no existe en clients. Convertido a NULL.
212,linea_id,ID 3 no existe en lineas. Convertido a NULL.
213,Id_cliente,ID 212 no existe en clients. Convertido a NULL.
213,linea_id,ID 3 no existe en lineas. Convertido a NULL.
214,Id_cliente,ID 213 no existe en clients. Convertido a NULL.
214,linea_id,ID 3 no existe en lineas. Convertido a NULL.
215,Id_cliente,ID 214 no existe en clients. Convertido a NULL.
215,linea_id,ID 3 no existe en lineas. Convertido a NULL.
216,Id_cliente,ID 215 no existe en clients. Convertido a NULL.
216,linea_id,ID 3 no existe en lineas. Convertido a NULL.
217,Id_cliente,ID 216 no existe en clients. Convertido a NULL.
217,linea_id,ID 3 no existe en lineas. Convertido a NULL.
218,Id_cliente,ID 217 no existe en clients. Convertido a NULL.
218,linea_id,ID 3 no existe en lineas. Convertido a NULL.
219,Id_cliente,ID 218 no existe en clients. Convertido a NULL.
219,linea_id,ID 3 no existe en lineas. Convertido a NULL.
220,Id_cliente,ID 219 no existe en clients. Convertido a NULL.
220,linea_id,ID 3 no existe en lineas. Convertido a NULL.
221,Id_cliente,ID 220 no existe en clients. Convertido a NULL.
221,linea_id,ID 3 no existe en lineas. Convertido a NULL.
222,Id_cliente,ID 221 no existe en clients. Convertido a NULL.
222,linea_id,ID 3 no existe en lineas. Convertido a NULL.
223,Id_cliente,ID 222 no existe en clients. Convertido a NULL.
224,Id_cliente,ID 223 no existe en clients. Convertido a NULL.
224,linea_id,ID 3 no existe en lineas. Convertido a NULL.
225,Id_cliente,ID 224 no existe en clients. Convertido a NULL.
225,linea_id,ID 3 no existe en lineas. Convertido a NULL.
226,Id_cliente,ID 225 no existe en clients. Convertido a NULL.
226,linea_id,ID 3 no existe en lineas. Convertido a NULL.
227,Id_cliente,ID 226 no existe en clients. Convertido a NULL.
227,linea_id,ID 3 no existe en lineas. Convertido a NULL.
228,Id_cliente,ID 227 no existe en clients. Convertido a NULL.
228,linea_id,ID 3 no existe en lineas. Convertido a NULL.
229,Id_cliente,ID 228 no existe en clients. Convertido a NULL.
229,linea_id,ID 3 no existe en lineas. Convertido a NULL.
230,Id_cliente,ID 229 no existe en clients. Convertido a NULL.
230,linea_id,ID 3 no existe en lineas. Convertido a NULL.
231,Id_cliente,ID 230 no existe en clients. Convertido a NULL.
231,linea_id,ID 3 no existe en lineas. Convertido a NULL.
232,Id_cliente,ID 231 no existe en clients. Convertido a NULL.
232,linea_id,ID 3 no existe en lineas. Convertido a NULL.
233,Id_cliente,ID 232 no existe en clients. Convertido a NULL.
233,linea_id,ID 3 no existe en lineas. Convertido a NULL.
234,Id_cliente,ID 233 no existe en clients. Convertido a NULL.
234,linea_id,ID 3 no existe en lineas. Convertido a NULL.
235,Id_cliente,ID 234 no existe en clients. Convertido a NULL.
235,linea_id,ID 3 no existe en lineas. Convertido a NULL.
236,Id_cliente,ID 235 no existe en clients. Convertido a NULL.
236,linea_id,ID 3 no existe en lineas. Convertido a NULL.
237,Id_cliente,ID 236 no existe en clients. Convertido a NULL.
237,linea_id,ID 3 no existe en lineas. Convertido a NULL.
238,Id_cliente,ID 237 no existe en clients. Convertido a NULL.
238,linea_id,ID 3 no existe en lineas. Convertido a NULL.
239,Id_cliente,ID 238 no existe en clients. Convertido a NULL.
239,linea_id,ID 3 no existe en lineas. Convertido a NULL.
240,Id_cliente,ID 239 no existe en clients. Convertido a NULL.
240,linea_id,ID 3 no existe en lineas. Convertido a NULL.
241,Id_cliente,ID 240 no existe en clients. Convertido a NULL.
241,linea_id,ID 3 no existe en lineas. Convertido a NULL.
242,Id_cliente,ID 241 no existe en clients. Convertido a NULL.
242,linea_id,ID 3 no existe en lineas. Convertido a NULL.
243,Id_cliente,ID 242 no existe en clients. Convertido a NULL.
243,linea_id,ID 3 no existe en lineas. Convertido a NULL.
244,Id_cliente,ID 243 no existe en clients. Convertido a NULL.
244,linea_id,ID 3 no existe en lineas. Convertido a NULL.
245,Id_cliente,ID 244 no existe en clients. Convertido a NULL.
245,linea_id,ID 3 no existe en lineas. Convertido a NULL.
246,Id_cliente,ID 245 no existe en clients. Convertido a NULL.
246,linea_id,ID 3 no existe en lineas. Convertido a NULL.
247,Id_cliente,ID 246 no existe en clients. Convertido a NULL.
247,linea_id,ID 3 no existe en lineas. Convertido a NULL.
248,Id_cliente,ID 247 no existe en clients. Convertido a NULL.
248,linea_id,ID 3 no existe en lineas. Convertido a NULL.
249,Id_cliente,ID 248 no existe en clients. Convertido a NULL.
249,linea_id,ID 3 no existe en lineas. Convertido a NULL.
250,Id_cliente,ID 249 no existe en clients. Convertido a NULL.
250,linea_id,ID 3 no existe en lineas. Convertido a NULL.
251,Id_cliente,ID 250 no existe en clients. Convertido a NULL.
251,linea_id,ID 3 no existe en lineas. Convertido a NULL.
252,Id_cliente,ID 251 no existe en clients. Convertido a NULL.
252,linea_id,ID 3 no existe en lineas. Convertido a NULL.
253,Id_cliente,ID 252 no existe en clients. Convertido a NULL.
253,linea_id,ID 3 no existe en lineas. Convertido a NULL.
254,Id_cliente,ID 253 no existe en clients. Convertido a NULL.
254,linea_id,ID 3 no existe en lineas. Convertido a NULL.
255,Id_cliente,ID 254 no existe en clients. Convertido a NULL.
255,linea_id,ID 3 no existe en lineas. Convertido a NULL.
256,Id_cliente,ID 255 no existe en clients. Convertido a NULL.
256,linea_id,ID 3 no existe en lineas. Convertido a NULL.
257,Id_cliente,ID 256 no existe en clients. Convertido a NULL.
257,linea_id,ID 3 no existe en lineas. Convertido a NULL.
258,Id_cliente,ID 257 no existe en clients. Convertido a NULL.
258,linea_id,ID 3 no existe en lineas. Convertido a NULL.
259,Id_cliente,ID 258 no existe en clients. Convertido a NULL.
259,linea_id,ID 3 no existe en lineas. Convertido a NULL.
260,Id_cliente,ID 259 no existe en clients. Convertido a NULL.
260,linea_id,ID 3 no existe en lineas. Convertido a NULL.
261,Id_cliente,ID 260 no existe en clients. Convertido a NULL.
262,Id_cliente,ID 261 no existe en clients. Convertido a NULL.
262,linea_id,ID 3 no existe en lineas. Convertido a NULL.
263,Id_cliente,ID 262 no existe en clients. Convertido a NULL.
263,linea_id,ID 9 no existe en lineas. Convertido a NULL.
264,Id_cliente,ID 263 no existe en clients. Convertido a NULL.
264,linea_id,ID 3 no existe en lineas. Convertido a NULL.
265,Id_cliente,ID 264 no existe en clients. Convertido a NULL.
265,linea_id,ID 3 no existe en lineas. Convertido a NULL.
266,Id_cliente,ID 265 no existe en clients. Convertido a NULL.
266,linea_id,ID 3 no existe en lineas. Convertido a NULL.
267,Id_cliente,ID 266 no existe en clients. Convertido a NULL.
267,linea_id,ID 9 no existe en lineas. Convertido a NULL.
268,Id_cliente,ID 267 no existe en clients. Convertido a NULL.
268,linea_id,ID 3 no existe en lineas. Convertido a NULL.
269,Id_cliente,ID 268 no existe en clients. Convertido a NULL.
269,linea_id,ID 3 no existe en lineas. Convertido a NULL.
270,Id_cliente,ID 269 no existe en clients. Convertido a NULL.
270,linea_id,ID 3 no existe en lineas. Convertido a NULL.
271,Id_cliente,ID 270 no existe en clients. Convertido a NULL.
271,linea_id,ID 3 no existe en lineas. Convertido a NULL.
272,Id_cliente,ID 271 no existe en clients. Convertido a NULL.
272,linea_id,ID 3 no existe en lineas. Convertido a NULL.
273,Id_cliente,ID 272 no existe en clients. Convertido a NULL.
273,linea_id,ID 3 no existe en lineas. Convertido a NULL.
274,Id_cliente,ID 273 no existe en clients. Convertido a NULL.
274,linea_id,ID 3 no existe en lineas. Convertido a NULL.
275,Id_cliente,ID 274 no existe en clients. Convertido a NULL.
275,linea_id,ID 3 no existe en lineas. Convertido a NULL.
276,Id_cliente,ID 275 no existe en clients. Convertido a NULL.
276,linea_id,ID 3 no existe en lineas. Convertido a NULL.
277,Id_cliente,ID 276 no existe en clients. Convertido a NULL.
277,linea_id,ID 3 no existe en lineas. Convertido a NULL.
278,Id_cliente,ID 277 no existe en clients. Convertido a NULL.
278,linea_id,ID 3 no existe en lineas. Convertido a NULL.
279,Id_cliente,ID 278 no existe en clients. Convertido a NULL.
279,linea_id,ID 3 no existe en lineas. Convertido a NULL.
280,Id_cliente,ID 279 no existe en clients. Convertido a NULL.
281,Id_cliente,ID 280 no existe en clients. Convertido a NULL.
281,linea_id,ID 3 no existe en lineas. Convertido a NULL.
282,Id_cliente,ID 281 no existe en clients. Convertido a NULL.
282,linea_id,ID 3 no existe en lineas. Convertido a NULL.
283,Id_cliente,ID 282 no existe en clients. Convertido a NULL.
283,linea_id,ID 3 no existe en lineas. Convertido a NULL.
284,Id_cliente,ID 283 no existe en clients. Convertido a NULL.
284,linea_id,ID 3 no existe en lineas. Convertido a NULL.
285,Id_cliente,ID 284 no existe en clients. Convertido a NULL.
285,linea_id,ID 3 no existe en lineas. Convertido a NULL.
286,Id_cliente,ID 285 no existe en clients. Convertido a NULL.
286,linea_id,ID 3 no existe en lineas. Convertido a NULL.
287,Id_cliente,ID 286 no existe en clients. Convertido a NULL.
287,linea_id,ID 3 no existe en lineas. Convertido a NULL.
288,Id_cliente,ID 287 no existe en clients. Convertido a NULL.
288,linea_id,ID 3 no existe en lineas. Convertido a NULL.
289,Id_cliente,ID 288 no existe en clients. Convertido a NULL.
289,linea_id,ID 3 no existe en lineas. Convertido a NULL.
290,Id_cliente,ID 289 no existe en clients. Convertido a NULL.
290,linea_id,ID 3 no existe en lineas. Convertido a NULL.
291,Id_cliente,ID 290 no existe en clients. Convertido a NULL.
291,linea_id,ID 3 no existe en lineas. Convertido a NULL.
292,Id_cliente,ID 291 no existe en clients. Convertido a NULL.
292,linea_id,ID 3 no existe en lineas. Convertido a NULL.
293,Id_cliente,ID 292 no existe en clients. Convertido a NULL.
293,linea_id,ID 3 no existe en lineas. Convertido a NULL.
294,Id_cliente,ID 293 no existe en clients. Convertido a NULL.
294,linea_id,ID 3 no existe en lineas. Convertido a NULL.
295,Id_cliente,ID 294 no existe en clients. Convertido a NULL.
295,linea_id,ID 3 no existe en lineas. Convertido a NULL.
296,Id_cliente,ID 295 no existe en clients. Convertido a NULL.
296,linea_id,ID 3 no existe en lineas. Convertido a NULL.
297,Id_cliente,ID 296 no existe en clients. Convertido a NULL.
297,linea_id,ID 3 no existe en lineas. Convertido a NULL.
298,Id_cliente,ID 297 no existe en clients. Convertido a NULL.
298,linea_id,ID 3 no existe en lineas. Convertido a NULL.
299,Id_cliente,ID 298 no existe en clients. Convertido a NULL.
299,linea_id,ID 3 no existe en lineas. Convertido a NULL.
300,Id_cliente,ID 299 no existe en clients. Convertido a NULL.
300,linea_id,ID 3 no existe en lineas. Convertido a NULL.
301,Id_cliente,ID 300 no existe en clients. Convertido a NULL.
301,linea_id,ID 3 no existe en lineas. Convertido a NULL.
302,Id_cliente,ID 301 no existe en clients. Convertido a NULL.
302,linea_id,ID 3 no existe en lineas. Convertido a NULL.
303,Id_cliente,ID 302 no existe en clients. Convertido a NULL.
303,linea_id,ID 3 no existe en lineas. Convertido a NULL.
304,Id_cliente,ID 303 no existe en clients. Convertido a NULL.
304,linea_id,ID 3 no existe en lineas. Convertido a NULL.
305,Id_cliente,ID 304 no existe en clients. Convertido a NULL.
305,linea_id,ID 3 no existe en lineas. Convertido a NULL.
306,Id_cliente,ID 305 no existe en clients. Convertido a NULL.
306,linea_id,ID 3 no existe en lineas. Convertido a NULL.
307,Id_cliente,ID 306 no existe en clients. Convertido a NULL.
307,linea_id,ID 3 no existe en lineas. Convertido a NULL.
308,Id_cliente,ID 307 no existe en clients. Convertido a NULL.
308,linea_id,ID 3 no existe en lineas. Convertido a NULL.
309,Id_cliente,ID 308 no existe en clients. Convertido a NULL.
309,linea_id,ID 3 no existe en lineas. Convertido a NULL.
310,Id_cliente,ID 309 no existe en clients. Convertido a NULL.
310,linea_id,ID 3 no existe en lineas. Convertido a NULL.
311,Id_cliente,ID 310 no existe en clients. Convertido a NULL.
311,linea_id,ID 3 no existe en lineas. Convertido a NULL.
312,Id_cliente,ID 311 no existe en clients. Convertido a NULL.
312,linea_id,ID 3 no existe en lineas. Convertido a NULL.
313,Id_cliente,ID 312 no existe en clients. Convertido a NULL.
313,linea_id,ID 3 no existe en lineas. Convertido a NULL.
314,Id_cliente,ID 313 no existe en clients. Convertido a NULL.
314,linea_id,ID 3 no existe en lineas. Convertido a NULL.
315,Id_cliente,ID 314 no existe en clients. Convertido a NULL.
315,linea_id,ID 3 no existe en lineas. Convertido a NULL.
316,Id_cliente,ID 315 no existe en clients. Convertido a NULL.
316,linea_id,ID 3 no existe en lineas. Convertido a NULL.
317,Id_cliente,ID 316 no existe en clients. Convertido a NULL.
317,linea_id,ID 3 no existe en lineas. Convertido a NULL.
318,Id_cliente,ID 317 no existe en clients. Convertido a NULL.
318,linea_id,ID 3 no existe en lineas. Convertido a NULL.
319,Id_cliente,ID 318 no existe en clients. Convertido a NULL.
319,linea_id,ID 3 no existe en lineas. Convertido a NULL.
320,Id_cliente,ID 319 no existe en clients. Convertido a NULL.
320,linea_id,ID 3 no existe en lineas. Convertido a NULL.
321,Id_cliente,ID 320 no existe en clients. Convertido a NULL.
321,linea_id,ID 3 no existe en lineas. Convertido a NULL.
322,Id_cliente,ID 321 no existe en clients. Convertido a NULL.
322,linea_id,ID 3 no existe en lineas. Convertido a NULL.
323,Id_cliente,ID 322 no existe en clients. Convertido a NULL.
323,linea_id,ID 3 no existe en lineas. Convertido a NULL.
324,Id_cliente,ID 323 no existe en clients. Convertido a NULL.
324,linea_id,ID 3 no existe en lineas. Convertido a NULL.
325,Id_cliente,ID 324 no existe en clients. Convertido a NULL.
325,linea_id,ID 3 no existe en lineas. Convertido a NULL.
326,Id_cliente,ID 325 no existe en clients. Convertido a NULL.
326,linea_id,ID 3 no existe en lineas. Convertido a NULL.
327,Id_cliente,ID 326 no existe en clients. Convertido a NULL.
327,linea_id,ID 3 no existe en lineas. Convertido a NULL.
328,Id_cliente,ID 327 no existe en clients. Convertido a NULL.
328,linea_id,ID 3 no existe en lineas. Convertido a NULL.
329,Id_cliente,ID 328 no existe en clients. Convertido a NULL.
329,linea_id,ID 3 no existe en lineas. Convertido a NULL.
330,Id_cliente,ID 329 no existe en clients. Convertido a NULL.
330,linea_id,ID 3 no existe en lineas. Convertido a NULL.
331,Id_cliente,ID 330 no existe en clients. Convertido a NULL.
331,linea_id,ID 3 no existe en lineas. Convertido a NULL.
332,Id_cliente,ID 331 no existe en clients. Convertido a NULL.
332,linea_id,ID 3 no existe en lineas. Convertido a NULL.
333,Id_cliente,ID 332 no existe en clients. Convertido a NULL.
333,linea_id,ID 3 no existe en lineas. Convertido a NULL.
334,Id_cliente,ID 333 no existe en clients. Convertido a NULL.
334,linea_id,ID 3 no existe en lineas. Convertido a NULL.
335,Id_cliente,ID 334 no existe en clients. Convertido a NULL.
335,linea_id,ID 3 no existe en lineas. Convertido a NULL.
336,Id_cliente,ID 335 no existe en clients. Convertido a NULL.
336,linea_id,ID 3 no existe en lineas. Convertido a NULL.
337,Id_cliente,ID 336 no existe en clients. Convertido a NULL.
337,linea_id,ID 3 no existe en lineas. Convertido a NULL.
338,Id_cliente,ID 337 no existe en clients. Convertido a NULL.
338,linea_id,ID 3 no existe en lineas. Convertido a NULL.
339,Id_cliente,ID 338 no existe en clients. Convertido a NULL.
340,Id_cliente,ID 339 no existe en clients. Convertido a NULL.
340,linea_id,ID 3 no existe en lineas. Convertido a NULL.
341,Id_cliente,ID 340 no existe en clients. Convertido a NULL.
341,linea_id,ID 3 no existe en lineas. Convertido a NULL.
342,Id_cliente,ID 341 no existe en clients. Convertido a NULL.
342,linea_id,ID 3 no existe en lineas. Convertido a NULL.
343,Id_cliente,ID 342 no existe en clients. Convertido a NULL.
343,linea_id,ID 3 no existe en lineas. Convertido a NULL.
344,Id_cliente,ID 343 no existe en clients. Convertido a NULL.
344,linea_id,ID 3 no existe en lineas. Convertido a NULL.
345,Id_cliente,ID 344 no existe en clients. Convertido a NULL.
345,linea_id,ID 3 no existe en lineas. Convertido a NULL.
346,Id_cliente,ID 345 no existe en clients. Convertido a NULL.
346,linea_id,ID 3 no existe en lineas. Convertido a NULL.
347,Id_cliente,ID 346 no existe en clients. Convertido a NULL.
347,linea_id,ID 3 no existe en lineas. Convertido a NULL.
348,Id_cliente,ID 347 no existe en clients. Convertido a NULL.
348,linea_id,ID 3 no existe en lineas. Convertido a NULL.
349,Id_cliente,ID 348 no existe en clients. Convertido a NULL.
349,linea_id,ID 3 no existe en lineas. Convertido a NULL.
350,Id_cliente,ID 349 no existe en clients. Convertido a NULL.
350,linea_id,ID 3 no existe en lineas. Convertido a NULL.
351,Id_cliente,ID 350 no existe en clients. Convertido a NULL.
351,linea_id,ID 3 no existe en lineas. Convertido a NULL.
352,Id_cliente,ID 351 no existe en clients. Convertido a NULL.
352,linea_id,ID 3 no existe en lineas. Convertido a NULL.
353,Id_cliente,ID 352 no existe en clients. Convertido a NULL.
353,linea_id,ID 3 no existe en lineas. Convertido a NULL.
354,Id_cliente,ID 353 no existe en clients. Convertido a NULL.
354,linea_id,ID 3 no existe en lineas. Convertido a NULL.
355,Id_cliente,ID 354 no existe en clients. Convertido a NULL.
355,linea_id,ID 3 no existe en lineas. Convertido a NULL.
356,Id_cliente,ID 355 no existe en clients. Convertido a NULL.
356,linea_id,ID 3 no existe en lineas. Convertido a NULL.
357,Id_cliente,ID 356 no existe en clients. Convertido a NULL.
357,linea_id,ID 3 no existe en lineas. Convertido a NULL.
358,Id_cliente,ID 357 no existe en clients. Convertido a NULL.
358,linea_id,ID 3 no existe en lineas. Convertido a NULL.
359,Id_cliente,ID 358 no existe en clients. Convertido a NULL.
359,linea_id,ID 3 no existe en lineas. Convertido a NULL.
360,Id_cliente,ID 359 no existe en clients. Convertido a NULL.
360,linea_id,ID 3 no existe en lineas. Convertido a NULL.
361,Id_cliente,ID 360 no existe en clients. Convertido a NULL.
361,linea_id,ID 3 no existe en lineas. Convertido a NULL.
362,Id_cliente,ID 361 no existe en clients. Convertido a NULL.
362,linea_id,ID 3 no existe en lineas. Convertido a NULL.
363,Id_cliente,ID 362 no existe en clients. Convertido a NULL.
363,linea_id,ID 9 no existe en lineas. Convertido a NULL.
364,Id_cliente,ID 363 no existe en clients. Convertido a NULL.
364,linea_id,ID 3 no existe en lineas. Convertido a NULL.
365,Id_cliente,ID 364 no existe en clients. Convertido a NULL.
365,linea_id,ID 3 no existe en lineas. Convertido a NULL.
366,Id_cliente,ID 365 no existe en clients. Convertido a NULL.
366,linea_id,ID 3 no existe en lineas. Convertido a NULL.
367,Id_cliente,ID 366 no existe en clients. Convertido a NULL.
367,linea_id,ID 3 no existe en lineas. Convertido a NULL.
368,Id_cliente,ID 367 no existe en clients. Convertido a NULL.
368,linea_id,ID 3 no existe en lineas. Convertido a NULL.
369,Id_cliente,ID 368 no existe en clients. Convertido a NULL.
369,linea_id,ID 3 no existe en lineas. Convertido a NULL.
370,Id_cliente,ID 369 no existe en clients. Convertido a NULL.
370,linea_id,ID 3 no existe en lineas. Convertido a NULL.
371,Id_cliente,ID 370 no existe en clients. Convertido a NULL.
371,linea_id,ID 3 no existe en lineas. Convertido a NULL.
372,Id_cliente,ID 371 no existe en clients. Convertido a NULL.
372,linea_id,ID 3 no existe en lineas. Convertido a NULL.
373,Id_cliente,ID 372 no existe en clients. Convertido a NULL.
373,linea_id,ID 3 no existe en lineas. Convertido a NULL.
374,Id_cliente,ID 373 no existe en clients. Convertido a NULL.
374,linea_id,ID 3 no existe en lineas. Convertido a NULL.
375,Id_cliente,ID 374 no existe en clients. Convertido a NULL.
375,linea_id,ID 3 no existe en lineas. Convertido a NULL.
376,Id_cliente,ID 375 no existe en clients. Convertido a NULL.
376,linea_id,ID 3 no existe en lineas. Convertido a NULL.
377,Id_cliente,ID 376 no existe en clients. Convertido a NULL.
377,linea_id,ID 3 no existe en lineas. Convertido a NULL.
378,Id_cliente,ID 377 no existe en clients. Convertido a NULL.
378,linea_id,ID 3 no existe en lineas. Convertido a NULL.
379,Id_cliente,ID 378 no existe en clients. Convertido a NULL.
379,linea_id,ID 3 no existe en lineas. Convertido a NULL.
380,Id_cliente,ID 379 no existe en clients. Convertido a NULL.
380,linea_id,ID 3 no existe en lineas. Convertido a NULL.
381,Id_cliente,ID 380 no existe en clients. Convertido a NULL.
381,linea_id,ID 3 no existe en lineas. Convertido a NULL.
382,Id_cliente,ID 381 no existe en clients. Convertido a NULL.
382,linea_id,ID 3 no existe en lineas. Convertido a NULL.
383,Id_cliente,ID 382 no existe en clients. Convertido a NULL.
383,linea_id,ID 3 no existe en lineas. Convertido a NULL.
384,Id_cliente,ID 383 no existe en clients. Convertido a NULL.
384,linea_id,ID 3 no existe en lineas. Convertido a NULL.
385,Id_cliente,ID 384 no existe en clients. Convertido a NULL.
385,linea_id,ID 3 no existe en lineas. Convertido a NULL.
386,Id_cliente,ID 385 no existe en clients. Convertido a NULL.
386,linea_id,ID 3 no existe en lineas. Convertido a NULL.
387,Id_cliente,ID 386 no existe en clients. Convertido a NULL.
387,linea_id,ID 3 no existe en lineas. Convertido a NULL.
388,Id_cliente,ID 387 no existe en clients. Convertido a NULL.
388,linea_id,ID 3 no existe en lineas. Convertido a NULL.
389,Id_cliente,ID 388 no existe en clients. Convertido a NULL.
389,linea_id,ID 3 no existe en lineas. Convertido a NULL.
390,Id_cliente,ID 389 no existe en clients. Convertido a NULL.
390,linea_id,ID 3 no existe en lineas. Convertido a NULL.
391,Id_cliente,ID 390 no existe en clients. Convertido a NULL.
391,linea_id,ID 3 no existe en lineas. Convertido a NULL.
392,Id_cliente,ID 391 no existe en clients. Convertido a NULL.
392,linea_id,ID 3 no existe en lineas. Convertido a NULL.
393,Id_cliente,ID 392 no existe en clients. Convertido a NULL.
393,linea_id,ID 3 no existe en lineas. Convertido a NULL.
394,Id_cliente,ID 393 no existe en clients. Convertido a NULL.
394,linea_id,ID 3 no existe en lineas. Convertido a NULL.
395,Id_cliente,ID 394 no existe en clients. Convertido a NULL.
395,linea_id,ID 3 no existe en lineas. Convertido a NULL.
396,Id_cliente,ID 395 no existe en clients. Convertido a NULL.
396,linea_id,ID 3 no existe en lineas. Convertido a NULL.
397,Id_cliente,ID 396 no existe en clients. Convertido a NULL.
397,linea_id,ID 3 no existe en lineas. Convertido a NULL.
398,Id_cliente,ID 397 no existe en clients. Convertido a NULL.
398,linea_id,ID 3 no existe en lineas. Convertido a NULL.
399,Id_cliente,ID 398 no existe en clients. Convertido a NULL.
399,linea_id,ID 3 no existe en lineas. Convertido a NULL.
400,Id_cliente,ID 399 no existe en clients. Convertido a NULL.
400,linea_id,ID 3 no existe en lineas. Convertido a NULL.
401,Id_cliente,ID 400 no existe en clients. Convertido a NULL.
401,linea_id,ID 3 no existe en lineas. Convertido a NULL.
402,Id_cliente,ID 401 no existe en clients. Convertido a NULL.
402,linea_id,ID 3 no existe en lineas. Convertido a NULL.
403,Id_cliente,ID 402 no existe en clients. Convertido a NULL.
403,linea_id,ID 3 no existe en lineas. Convertido a NULL.
404,Id_cliente,ID 403 no existe en clients. Convertido a NULL.
404,linea_id,ID 3 no existe en lineas. Convertido a NULL.
405,Id_cliente,ID 404 no existe en clients. Convertido a NULL.
405,linea_id,ID 3 no existe en lineas. Convertido a NULL.
406,Id_cliente,ID 405 no existe en clients. Convertido a NULL.
406,linea_id,ID 3 no existe en lineas. Convertido a NULL.
407,Id_cliente,ID 406 no existe en clients. Convertido a NULL.
407,linea_id,ID 3 no existe en lineas. Convertido a NULL.
408,Id_cliente,ID 407 no existe en clients. Convertido a NULL.
408,linea_id,ID 3 no existe en lineas. Convertido a NULL.
409,Id_cliente,ID 408 no existe en clients. Convertido a NULL.
409,linea_id,ID 3 no existe en lineas. Convertido a NULL.
410,Id_cliente,ID 409 no existe en clients. Convertido a NULL.
410,linea_id,ID 3 no existe en lineas. Convertido a NULL.
411,Id_cliente,ID 410 no existe en clients. Convertido a NULL.
411,linea_id,ID 3 no existe en lineas. Convertido a NULL.
412,Id_cliente,ID 411 no existe en clients. Convertido a NULL.
412,linea_id,ID 3 no existe en lineas. Convertido a NULL.
413,Id_cliente,ID 412 no existe en clients. Convertido a NULL.
413,linea_id,ID 3 no existe en lineas. Convertido a NULL.
414,Id_cliente,ID 413 no existe en clients. Convertido a NULL.
414,linea_id,ID 3 no existe en lineas. Convertido a NULL.
415,Id_cliente,ID 414 no existe en clients. Convertido a NULL.
415,linea_id,ID 3 no existe en lineas. Convertido a NULL.
416,Id_cliente,ID 415 no existe en clients. Convertido a NULL.
416,linea_id,ID 3 no existe en lineas. Convertido a NULL.
417,Id_cliente,ID 416 no existe en clients. Convertido a NULL.
417,linea_id,ID 3 no existe en lineas. Convertido a NULL.
418,Id_cliente,ID 417 no existe en clients. Convertido a NULL.
418,linea_id,ID 3 no existe en lineas. Convertido a NULL.
419,Id_cliente,ID 418 no existe en clients. Convertido a NULL.
419,linea_id,ID 3 no existe en lineas. Convertido a NULL.
420,Id_cliente,ID 419 no existe en clients. Convertido a NULL.
420,linea_id,ID 3 no existe en lineas. Convertido a NULL.
421,Id_cliente,ID 420 no existe en clients. Convertido a NULL.
421,linea_id,ID 3 no existe en lineas. Convertido a NULL.
422,Id_cliente,ID 421 no existe en clients. Convertido a NULL.
422,linea_id,ID 3 no existe en lineas. Convertido a NULL.
423,Id_cliente,ID 422 no existe en clients. Convertido a NULL.
423,linea_id,ID 3 no existe en lineas. Convertido a NULL.
424,Id_cliente,ID 423 no existe en clients. Convertido a NULL.
424,linea_id,ID 3 no existe en lineas. Convertido a NULL.
425,Id_cliente,ID 424 no existe en clients. Convertido a NULL.
425,linea_id,ID 3 no existe en lineas. Convertido a NULL.
426,Id_cliente,ID 425 no existe en clients. Convertido a NULL.
426,linea_id,ID 3 no existe en lineas. Convertido a NULL.
427,Id_cliente,ID 426 no existe en clients. Convertido a NULL.
427,linea_id,ID 3 no existe en lineas. Convertido a NULL.
428,Id_cliente,ID 427 no existe en clients. Convertido a NULL.
428,linea_id,ID 3 no existe en lineas. Convertido a NULL.
429,Id_cliente,ID 428 no existe en clients. Convertido a NULL.
429,linea_id,ID 3 no existe en lineas. Convertido a NULL.
430,Id_cliente,ID 429 no existe en clients. Convertido a NULL.
430,linea_id,ID 3 no existe en lineas. Convertido a NULL.
431,Id_cliente,ID 430 no existe en clients. Convertido a NULL.
431,linea_id,ID 3 no existe en lineas. Convertido a NULL.
432,Id_cliente,ID 431 no existe en clients. Convertido a NULL.
432,linea_id,ID 3 no existe en lineas. Convertido a NULL.
433,Id_cliente,ID 432 no existe en clients. Convertido a NULL.
433,linea_id,ID 3 no existe en lineas. Convertido a NULL.
434,Id_cliente,ID 433 no existe en clients. Convertido a NULL.
434,linea_id,ID 3 no existe en lineas. Convertido a NULL.
435,Id_cliente,ID 434 no existe en clients. Convertido a NULL.
435,linea_id,ID 3 no existe en lineas. Convertido a NULL.
436,Id_cliente,ID 435 no existe en clients. Convertido a NULL.
436,linea_id,ID 3 no existe en lineas. Convertido a NULL.
437,Id_cliente,ID 436 no existe en clients. Convertido a NULL.
437,linea_id,ID 3 no existe en lineas. Convertido a NULL.
438,Id_cliente,ID 437 no existe en clients. Convertido a NULL.
438,linea_id,ID 3 no existe en lineas. Convertido a NULL.
439,Id_cliente,ID 438 no existe en clients. Convertido a NULL.
439,linea_id,ID 3 no existe en lineas. Convertido a NULL.
440,Id_cliente,ID 439 no existe en clients. Convertido a NULL.
440,linea_id,ID 3 no existe en lineas. Convertido a NULL.
441,Id_cliente,ID 440 no existe en clients. Convertido a NULL.
442,Id_cliente,ID 441 no existe en clients. Convertido a NULL.
442,linea_id,ID 3 no existe en lineas. Convertido a NULL.
443,Id_cliente,ID 442 no existe en clients. Convertido a NULL.
443,linea_id,ID 3 no existe en lineas. Convertido a NULL.
444,Id_cliente,ID 443 no existe en clients. Convertido a NULL.
444,linea_id,ID 3 no existe en lineas. Convertido a NULL.
444,seguro,Decimal inválido. Convertido a NULL (nullable).
445,Id_cliente,ID 444 no existe en clients. Convertido a NULL.
445,linea_id,ID 3 no existe en lineas. Convertido a NULL.
446,Id_cliente,ID 445 no existe en clients. Convertido a NULL.
446,linea_id,ID 3 no existe en lineas. Convertido a NULL.
447,Id_cliente,ID 446 no existe en clients. Convertido a NULL.
447,linea_id,ID 3 no existe en lineas. Convertido a NULL.
448,Id_cliente,ID 447 no existe en clients. Convertido a NULL.
448,linea_id,ID 3 no existe en lineas. Convertido a NULL.
449,Id_cliente,ID 448 no existe en clients. Convertido a NULL.
449,linea_id,ID 3 no existe en lineas. Convertido a NULL.
450,Id_cliente,ID 449 no existe en clients. Convertido a NULL.
450,linea_id,ID 3 no existe en lineas. Convertido a NULL.
451,Id_cliente,ID 450 no existe en clients. Convertido a NULL.
451,linea_id,ID 3 no existe en lineas. Convertido a NULL.
452,Id_cliente,ID 451 no existe en clients. Convertido a NULL.
452,linea_id,ID 3 no existe en lineas. Convertido a NULL.
453,Id_cliente,ID 452 no existe en clients. Convertido a NULL.
453,linea_id,ID 3 no existe en lineas. Convertido a NULL.
454,Id_cliente,ID 453 no existe en clients. Convertido a NULL.
454,linea_id,ID 3 no existe en lineas. Convertido a NULL.
455,Id_cliente,ID 454 no existe en clients. Convertido a NULL.
455,linea_id,ID 3 no existe en lineas. Convertido a NULL.
456,Id_cliente,ID 455 no existe en clients. Convertido a NULL.
456,linea_id,ID 3 no existe en lineas. Convertido a NULL.
457,Id_cliente,ID 456 no existe en clients. Convertido a NULL.
457,linea_id,ID 3 no existe en lineas. Convertido a NULL.
458,Id_cliente,ID 457 no existe en clients. Convertido a NULL.
458,linea_id,ID 3 no existe en lineas. Convertido a NULL.
459,Id_cliente,ID 458 no existe en clients. Convertido a NULL.
459,linea_id,ID 3 no existe en lineas. Convertido a NULL.
460,Id_cliente,ID 459 no existe en clients. Convertido a NULL.
460,linea_id,ID 3 no existe en lineas. Convertido a NULL.
461,Id_cliente,ID 460 no existe en clients. Convertido a NULL.
461,linea_id,ID 3 no existe en lineas. Convertido a NULL.
462,Id_cliente,ID 461 no existe en clients. Convertido a NULL.
462,linea_id,ID 3 no existe en lineas. Convertido a NULL.
463,Id_cliente,ID 462 no existe en clients. Convertido a NULL.
463,linea_id,ID 3 no existe en lineas. Convertido a NULL.
464,Id_cliente,ID 463 no existe en clients. Convertido a NULL.
464,linea_id,ID 3 no existe en lineas. Convertido a NULL.
465,Id_cliente,ID 464 no existe en clients. Convertido a NULL.
465,linea_id,ID 3 no existe en lineas. Convertido a NULL.
466,Id_cliente,ID 465 no existe en clients. Convertido a NULL.
466,linea_id,ID 3 no existe en lineas. Convertido a NULL.
467,Id_cliente,ID 466 no existe en clients. Convertido a NULL.
467,linea_id,ID 3 no existe en lineas. Convertido a NULL.
468,Id_cliente,ID 467 no existe en clients. Convertido a NULL.
468,linea_id,ID 3 no existe en lineas. Convertido a NULL.
469,Id_cliente,ID 468 no existe en clients. Convertido a NULL.
469,linea_id,ID 3 no existe en lineas. Convertido a NULL.
470,Id_cliente,ID 469 no existe en clients. Convertido a NULL.
470,linea_id,ID 3 no existe en lineas. Convertido a NULL.
471,Id_cliente,ID 470 no existe en clients. Convertido a NULL.
471,linea_id,ID 3 no existe en lineas. Convertido a NULL.
472,Id_cliente,ID 471 no existe en clients. Convertido a NULL.
472,linea_id,ID 3 no existe en lineas. Convertido a NULL.
473,Id_cliente,ID 472 no existe en clients. Convertido a NULL.
473,linea_id,ID 3 no existe en lineas. Convertido a NULL.
474,Id_cliente,ID 473 no existe en clients. Convertido a NULL.
474,linea_id,ID 3 no existe en lineas. Convertido a NULL.
475,Id_cliente,ID 474 no existe en clients. Convertido a NULL.
475,linea_id,ID 3 no existe en lineas. Convertido a NULL.
476,Id_cliente,ID 475 no existe en clients. Convertido a NULL.
476,linea_id,ID 3 no existe en lineas. Convertido a NULL.
477,Id_cliente,ID 476 no existe en clients. Convertido a NULL.
477,linea_id,ID 3 no existe en lineas. Convertido a NULL.
478,Id_cliente,ID 477 no existe en clients. Convertido a NULL.
478,linea_id,ID 3 no existe en lineas. Convertido a NULL.
479,Id_cliente,ID 478 no existe en clients. Convertido a NULL.
479,linea_id,ID 3 no existe en lineas. Convertido a NULL.
480,Id_cliente,ID 479 no existe en clients. Convertido a NULL.
480,linea_id,ID 3 no existe en lineas. Convertido a NULL.
481,Id_cliente,ID 480 no existe en clients. Convertido a NULL.
481,linea_id,ID 3 no existe en lineas. Convertido a NULL.
482,Id_cliente,ID 481 no existe en clients. Convertido a NULL.
482,linea_id,ID 3 no existe en lineas. Convertido a NULL.
483,Id_cliente,ID 482 no existe en clients. Convertido a NULL.
483,linea_id,ID 3 no existe en lineas. Convertido a NULL.
484,Id_cliente,ID 483 no existe en clients. Convertido a NULL.
484,linea_id,ID 3 no existe en lineas. Convertido a NULL.
485,Id_cliente,ID 484 no existe en clients. Convertido a NULL.
485,linea_id,ID 3 no existe en lineas. Convertido a NULL.
486,Id_cliente,ID 485 no existe en clients. Convertido a NULL.
486,linea_id,ID 3 no existe en lineas. Convertido a NULL.
487,Id_cliente,ID 486 no existe en clients. Convertido a NULL.
487,linea_id,ID 3 no existe en lineas. Convertido a NULL.
488,Id_cliente,ID 487 no existe en clients. Convertido a NULL.
488,linea_id,ID 3 no existe en lineas. Convertido a NULL.
489,Id_cliente,ID 488 no existe en clients. Convertido a NULL.
489,linea_id,ID 3 no existe en lineas. Convertido a NULL.
490,Id_cliente,ID 489 no existe en clients. Convertido a NULL.
490,linea_id,ID 3 no existe en lineas. Convertido a NULL.
491,Id_cliente,ID 490 no existe en clients. Convertido a NULL.
491,linea_id,ID 3 no existe en lineas. Convertido a NULL.
492,Id_cliente,ID 491 no existe en clients. Convertido a NULL.
492,linea_id,ID 3 no existe en lineas. Convertido a NULL.
493,Id_cliente,ID 492 no existe en clients. Convertido a NULL.
493,linea_id,ID 3 no existe en lineas. Convertido a NULL.
494,Id_cliente,ID 493 no existe en clients. Convertido a NULL.
494,linea_id,ID 3 no existe en lineas. Convertido a NULL.
495,Id_cliente,ID 494 no existe en clients. Convertido a NULL.
496,Id_cliente,ID 495 no existe en clients. Convertido a NULL.
496,linea_id,ID 3 no existe en lineas. Convertido a NULL.
497,Id_cliente,ID 496 no existe en clients. Convertido a NULL.
497,linea_id,ID 3 no existe en lineas. Convertido a NULL.
498,Id_cliente,ID 497 no existe en clients. Convertido a NULL.
498,linea_id,ID 3 no existe en lineas. Convertido a NULL.
499,Id_cliente,ID 498 no existe en clients. Convertido a NULL.
499,linea_id,ID 3 no existe en lineas. Convertido a NULL.
500,Id_cliente,ID 499 no existe en clients. Convertido a NULL.
501,Id_cliente,ID 500 no existe en clients. Convertido a NULL.
501,linea_id,ID 3 no existe en lineas. Convertido a NULL.
502,Id_cliente,ID 501 no existe en clients. Convertido a NULL.
502,linea_id,ID 3 no existe en lineas. Convertido a NULL.
503,Id_cliente,ID 502 no existe en clients. Convertido a NULL.
503,linea_id,ID 3 no existe en lineas. Convertido a NULL.
504,Id_cliente,ID 503 no existe en clients. Convertido a NULL.
504,linea_id,ID 3 no existe en lineas. Convertido a NULL.
505,Id_cliente,ID 504 no existe en clients. Convertido a NULL.
505,linea_id,ID 3 no existe en lineas. Convertido a NULL.
506,Id_cliente,ID 505 no existe en clients. Convertido a NULL.
506,linea_id,ID 3 no existe en lineas. Convertido a NULL.
507,Id_cliente,ID 506 no existe en clients. Convertido a NULL.
507,linea_id,ID 3 no existe en lineas. Convertido a NULL.
508,Id_cliente,ID 507 no existe en clients. Convertido a NULL.
508,linea_id,ID 3 no existe en lineas. Convertido a NULL.
509,Id_cliente,ID 508 no existe en clients. Convertido a NULL.
509,linea_id,ID 3 no existe en lineas. Convertido a NULL.
510,Id_cliente,ID 509 no existe en clients. Convertido a NULL.
510,linea_id,ID 3 no existe en lineas. Convertido a NULL.
511,Id_cliente,ID 510 no existe en clients. Convertido a NULL.
511,linea_id,ID 3 no existe en lineas. Convertido a NULL.
512,Id_cliente,ID 511 no existe en clients. Convertido a NULL.
513,Id_cliente,ID 512 no existe en clients. Convertido a NULL.
513,linea_id,ID 3 no existe en lineas. Convertido a NULL.
514,Id_cliente,ID 513 no existe en clients. Convertido a NULL.
514,linea_id,ID 3 no existe en lineas. Convertido a NULL.
515,Id_cliente,ID 514 no existe en clients. Convertido a NULL.
515,linea_id,ID 3 no existe en lineas. Convertido a NULL.
516,Id_cliente,ID 515 no existe en clients. Convertido a NULL.
516,linea_id,ID 3 no existe en lineas. Convertido a NULL.
517,Id_cliente,ID 516 no existe en clients. Convertido a NULL.
517,linea_id,ID 3 no existe en lineas. Convertido a NULL.
518,Id_cliente,ID 517 no existe en clients. Convertido a NULL.
518,linea_id,ID 3 no existe en lineas. Convertido a NULL.
519,Id_cliente,ID 518 no existe en clients. Convertido a NULL.
519,linea_id,ID 3 no existe en lineas. Convertido a NULL.
520,Id_cliente,ID 519 no existe en clients. Convertido a NULL.
520,linea_id,ID 3 no existe en lineas. Convertido a NULL.
521,Id_cliente,ID 520 no existe en clients. Convertido a NULL.
521,linea_id,ID 3 no existe en lineas. Convertido a NULL.
522,Id_cliente,ID 521 no existe en clients. Convertido a NULL.
522,linea_id,ID 3 no existe en lineas. Convertido a NULL.
523,Id_cliente,ID 522 no existe en clients. Convertido a NULL.
523,linea_id,ID 3 no existe en lineas. Convertido a NULL.
524,Id_cliente,ID 523 no existe en clients. Convertido a NULL.
524,linea_id,ID 3 no existe en lineas. Convertido a NULL.
525,Id_cliente,ID 524 no existe en clients. Convertido a NULL.
525,linea_id,ID 3 no existe en lineas. Convertido a NULL.
526,Id_cliente,ID 525 no existe en clients. Convertido a NULL.
526,linea_id,ID 3 no existe en lineas. Convertido a NULL.
527,Id_cliente,ID 526 no existe en clients. Convertido a NULL.
527,linea_id,ID 3 no existe en lineas. Convertido a NULL.
528,Id_cliente,ID 527 no existe en clients. Convertido a NULL.
528,linea_id,ID 3 no existe en lineas. Convertido a NULL.
529,Id_cliente,ID 528 no existe en clients. Convertido a NULL.
529,linea_id,ID 3 no existe en lineas. Convertido a NULL.
530,Id_cliente,ID 529 no existe en clients. Convertido a NULL.
530,linea_id,ID 3 no existe en lineas. Convertido a NULL.
531,Id_cliente,ID 530 no existe en clients. Convertido a NULL.
531,linea_id,ID 3 no existe en lineas. Convertido a NULL.
532,Id_cliente,ID 531 no existe en clients. Convertido a NULL.
532,linea_id,ID 3 no existe en lineas. Convertido a NULL.
533,Id_cliente,ID 532 no existe en clients. Convertido a NULL.
533,linea_id,ID 3 no existe en lineas. Convertido a NULL.
534,Id_cliente,ID 533 no existe en clients. Convertido a NULL.
534,linea_id,ID 3 no existe en lineas. Convertido a NULL.
535,Id_cliente,ID 534 no existe en clients. Convertido a NULL.
535,linea_id,ID 3 no existe en lineas. Convertido a NULL.
536,Id_cliente,ID 535 no existe en clients. Convertido a NULL.
536,linea_id,ID 3 no existe en lineas. Convertido a NULL.
537,Id_cliente,ID 536 no existe en clients. Convertido a NULL.
537,linea_id,ID 3 no existe en lineas. Convertido a NULL.
538,Id_cliente,ID 537 no existe en clients. Convertido a NULL.
538,linea_id,ID 3 no existe en lineas. Convertido a NULL.
539,Id_cliente,ID 538 no existe en clients. Convertido a NULL.
539,linea_id,ID 3 no existe en lineas. Convertido a NULL.
540,Id_cliente,ID 539 no existe en clients. Convertido a NULL.
540,linea_id,ID 3 no existe en lineas. Convertido a NULL.
541,Id_cliente,ID 540 no existe en clients. Convertido a NULL.
541,linea_id,ID 3 no existe en lineas. Convertido a NULL.
542,Id_cliente,ID 541 no existe en clients. Convertido a NULL.
542,linea_id,ID 3 no existe en lineas. Convertido a NULL.
543,Id_cliente,ID 542 no existe en clients. Convertido a NULL.
543,linea_id,ID 3 no existe en lineas. Convertido a NULL.
544,Id_cliente,ID 543 no existe en clients. Convertido a NULL.
544,linea_id,ID 3 no existe en lineas. Convertido a NULL.
545,Id_cliente,ID 544 no existe en clients. Convertido a NULL.
545,linea_id,ID 3 no existe en lineas. Convertido a NULL.
546,Id_cliente,ID 545 no existe en clients. Convertido a NULL.
546,linea_id,ID 3 no existe en lineas. Convertido a NULL.
547,Id_cliente,ID 546 no existe en clients. Convertido a NULL.
547,linea_id,ID 3 no existe en lineas. Convertido a NULL.
548,Id_cliente,ID 547 no existe en clients. Convertido a NULL.
548,linea_id,ID 3 no existe en lineas. Convertido a NULL.
549,Id_cliente,ID 548 no existe en clients. Convertido a NULL.
549,linea_id,ID 3 no existe en lineas. Convertido a NULL.
550,Id_cliente,ID 549 no existe en clients. Convertido a NULL.
550,linea_id,ID 3 no existe en lineas. Convertido a NULL.
551,Id_cliente,ID 550 no existe en clients. Convertido a NULL.
551,linea_id,ID 3 no existe en lineas. Convertido a NULL.
552,Id_cliente,ID 551 no existe en clients. Convertido a NULL.
552,linea_id,ID 3 no existe en lineas. Convertido a NULL.
553,Id_cliente,ID 552 no existe en clients. Convertido a NULL.
553,linea_id,ID 3 no existe en lineas. Convertido a NULL.
554,Id_cliente,ID 553 no existe en clients. Convertido a NULL.
554,linea_id,ID 3 no existe en lineas. Convertido a NULL.
555,Id_cliente,ID 554 no existe en clients. Convertido a NULL.
555,linea_id,ID 3 no existe en lineas. Convertido a NULL.
556,Id_cliente,ID 555 no existe en clients. Convertido a NULL.
556,linea_id,ID 3 no existe en lineas. Convertido a NULL.
557,Id_cliente,ID 556 no existe en clients. Convertido a NULL.
557,linea_id,ID 3 no existe en lineas. Convertido a NULL.
558,Id_cliente,ID 557 no existe en clients. Convertido a NULL.
558,linea_id,ID 3 no existe en lineas. Convertido a NULL.
559,Id_cliente,ID 558 no existe en clients. Convertido a NULL.
559,linea_id,ID 3 no existe en lineas. Convertido a NULL.
560,Id_cliente,ID 559 no existe en clients. Convertido a NULL.
560,linea_id,ID 3 no existe en lineas. Convertido a NULL.
561,Id_cliente,ID 560 no existe en clients. Convertido a NULL.
561,linea_id,ID 3 no existe en lineas. Convertido a NULL.
562,Id_cliente,ID 561 no existe en clients. Convertido a NULL.
562,linea_id,ID 3 no existe en lineas. Convertido a NULL.
563,Id_cliente,ID 562 no existe en clients. Convertido a NULL.
563,linea_id,ID 3 no existe en lineas. Convertido a NULL.
564,Id_cliente,ID 563 no existe en clients. Convertido a NULL.
564,linea_id,ID 3 no existe en lineas. Convertido a NULL.
565,Id_cliente,ID 564 no existe en clients. Convertido a NULL.
565,linea_id,ID 3 no existe en lineas. Convertido a NULL.
566,Id_cliente,ID 565 no existe en clients. Convertido a NULL.
567,Id_cliente,ID 566 no existe en clients. Convertido a NULL.
567,linea_id,ID 3 no existe en lineas. Convertido a NULL.
568,Id_cliente,ID 567 no existe en clients. Convertido a NULL.
568,linea_id,ID 3 no existe en lineas. Convertido a NULL.
569,Id_cliente,ID 568 no existe en clients. Convertido a NULL.
569,linea_id,ID 3 no existe en lineas. Convertido a NULL.
570,Id_cliente,ID 569 no existe en clients. Convertido a NULL.
570,linea_id,ID 3 no existe en lineas. Convertido a NULL.
571,Id_cliente,ID 570 no existe en clients. Convertido a NULL.
571,linea_id,ID 3 no existe en lineas. Convertido a NULL.
572,Id_cliente,ID 571 no existe en clients. Convertido a NULL.
572,linea_id,ID 3 no existe en lineas. Convertido a NULL.
573,Id_cliente,ID 572 no existe en clients. Convertido a NULL.
573,linea_id,ID 3 no existe en lineas. Convertido a NULL.
574,Id_cliente,ID 573 no existe en clients. Convertido a NULL.
574,linea_id,ID 3 no existe en lineas. Convertido a NULL.
575,Id_cliente,ID 574 no existe en clients. Convertido a NULL.
575,linea_id,ID 3 no existe en lineas. Convertido a NULL.
576,Id_cliente,ID 575 no existe en clients. Convertido a NULL.
576,linea_id,ID 3 no existe en lineas. Convertido a NULL.
577,Id_cliente,ID 576 no existe en clients. Convertido a NULL.
577,linea_id,ID 3 no existe en lineas. Convertido a NULL.
578,Id_cliente,ID 577 no existe en clients. Convertido a NULL.
578,linea_id,ID 9 no existe en lineas. Convertido a NULL.
579,Id_cliente,ID 578 no existe en clients. Convertido a NULL.
579,linea_id,ID 9 no existe en lineas. Convertido a NULL.
580,Id_cliente,ID 579 no existe en clients. Convertido a NULL.
581,Id_cliente,ID 580 no existe en clients. Convertido a NULL.
581,linea_id,ID 9 no existe en lineas. Convertido a NULL.
582,Id_cliente,ID 581 no existe en clients. Convertido a NULL.
582,linea_id,ID 9 no existe en lineas. Convertido a NULL.
583,Id_cliente,ID 582 no existe en clients. Convertido a NULL.
583,linea_id,ID 9 no existe en lineas. Convertido a NULL.
584,Id_cliente,ID 583 no existe en clients. Convertido a NULL.
584,linea_id,ID 9 no existe en lineas. Convertido a NULL.
585,Id_cliente,ID 584 no existe en clients. Convertido a NULL.
585,linea_id,ID 9 no existe en lineas. Convertido a NULL.
586,Id_cliente,ID 585 no existe en clients. Convertido a NULL.
586,linea_id,ID 9 no existe en lineas. Convertido a NULL.
587,Id_cliente,ID 586 no existe en clients. Convertido a NULL.
587,linea_id,ID 3 no existe en lineas. Convertido a NULL.
588,Id_cliente,ID 587 no existe en clients. Convertido a NULL.
588,linea_id,ID 9 no existe en lineas. Convertido a NULL.
589,Id_cliente,ID 588 no existe en clients. Convertido a NULL.
589,linea_id,ID 9 no existe en lineas. Convertido a NULL.
590,Id_cliente,ID 589 no existe en clients. Convertido a NULL.
590,linea_id,ID 9 no existe en lineas. Convertido a NULL.
591,Id_cliente,ID 590 no existe en clients. Convertido a NULL.
591,linea_id,ID 9 no existe en lineas. Convertido a NULL.
592,Id_cliente,ID 591 no existe en clients. Convertido a NULL.
592,linea_id,ID 9 no existe en lineas. Convertido a NULL.
593,Id_cliente,ID 592 no existe en clients. Convertido a NULL.
593,linea_id,ID 9 no existe en lineas. Convertido a NULL.
594,Id_cliente,ID 593 no existe en clients. Convertido a NULL.
594,linea_id,ID 9 no existe en lineas. Convertido a NULL.
595,Id_cliente,ID 594 no existe en clients. Convertido a NULL.
595,linea_id,ID 9 no existe en lineas. Convertido a NULL.
596,Id_cliente,ID 595 no existe en clients. Convertido a NULL.
596,linea_id,ID 9 no existe en lineas. Convertido a NULL.
597,Id_cliente,ID 596 no existe en clients. Convertido a NULL.
597,linea_id,ID 9 no existe en lineas. Convertido a NULL.
598,Id_cliente,ID 597 no existe en clients. Convertido a NULL.
598,linea_id,ID 9 no existe en lineas. Convertido a NULL.
599,Id_cliente,ID 598 no existe en clients. Convertido a NULL.
599,linea_id,ID 9 no existe en lineas. Convertido a NULL.
600,Id_cliente,ID 599 no existe en clients. Convertido a NULL.
600,linea_id,ID 9 no existe en lineas. Convertido a NULL.
601,Id_cliente,ID 600 no existe en clients. Convertido a NULL.
601,linea_id,ID 3 no existe en lineas. Convertido a NULL.
602,Id_cliente,ID 601 no existe en clients. Convertido a NULL.
602,linea_id,ID 9 no existe en lineas. Convertido a NULL.
603,Id_cliente,ID 602 no existe en clients. Convertido a NULL.
603,linea_id,ID 9 no existe en lineas. Convertido a NULL.
604,Id_cliente,ID 603 no existe en clients. Convertido a NULL.
604,linea_id,ID 9 no existe en lineas. Convertido a NULL.
605,Id_cliente,ID 604 no existe en clients. Convertido a NULL.
605,linea_id,ID 9 no existe en lineas. Convertido a NULL.
606,Id_cliente,ID 605 no existe en clients. Convertido a NULL.
606,linea_id,ID 9 no existe en lineas. Convertido a NULL.
607,Id_cliente,ID 606 no existe en clients. Convertido a NULL.
607,linea_id,ID 9 no existe en lineas. Convertido a NULL.
608,Id_cliente,ID 607 no existe en clients. Convertido a NULL.
608,linea_id,ID 9 no existe en lineas. Convertido a NULL.
609,Id_cliente,ID 608 no existe en clients. Convertido a NULL.
609,linea_id,ID 9 no existe en lineas. Convertido a NULL.
610,Id_cliente,ID 609 no existe en clients. Convertido a NULL.
610,linea_id,ID 9 no existe en lineas. Convertido a NULL.
611,Id_cliente,ID 610 no existe en clients. Convertido a NULL.
612,Id_cliente,ID 611 no existe en clients. Convertido a NULL.
612,linea_id,ID 9 no existe en lineas. Convertido a NULL.
613,Id_cliente,ID 612 no existe en clients. Convertido a NULL.
613,linea_id,ID 9 no existe en lineas. Convertido a NULL.
614,Id_cliente,ID 613 no existe en clients. Convertido a NULL.
614,linea_id,ID 9 no existe en lineas. Convertido a NULL.
615,Id_cliente,ID 614 no existe en clients. Convertido a NULL.
615,linea_id,ID 9 no existe en lineas. Convertido a NULL.
616,Id_cliente,ID 615 no existe en clients. Convertido a NULL.
616,linea_id,ID 9 no existe en lineas. Convertido a NULL.
617,Id_cliente,ID 616 no existe en clients. Convertido a NULL.
617,linea_id,ID 9 no existe en lineas. Convertido a NULL.
618,Id_cliente,ID 617 no existe en clients. Convertido a NULL.
618,linea_id,ID 9 no existe en lineas. Convertido a NULL.
619,Id_cliente,ID 618 no existe en clients. Convertido a NULL.
619,linea_id,ID 9 no existe en lineas. Convertido a NULL.
620,Id_cliente,ID 619 no existe en clients. Convertido a NULL.
621,Id_cliente,ID 620 no existe en clients. Convertido a NULL.
621,linea_id,ID 9 no existe en lineas. Convertido a NULL.
622,Id_cliente,ID 621 no existe en clients. Convertido a NULL.
622,linea_id,ID 9 no existe en lineas. Convertido a NULL.
623,Id_cliente,ID 622 no existe en clients. Convertido a NULL.
623,linea_id,ID 9 no existe en lineas. Convertido a NULL.
624,Id_cliente,ID 623 no existe en clients. Convertido a NULL.
624,linea_id,ID 9 no existe en lineas. Convertido a NULL.
625,Id_cliente,ID 624 no existe en clients. Convertido a NULL.
625,linea_id,ID 9 no existe en lineas. Convertido a NULL.
626,Id_cliente,ID 625 no existe en clients. Convertido a NULL.
626,linea_id,ID 9 no existe en lineas. Convertido a NULL.
627,Id_cliente,ID 626 no existe en clients. Convertido a NULL.
627,linea_id,ID 9 no existe en lineas. Convertido a NULL.
628,Id_cliente,ID 627 no existe en clients. Convertido a NULL.
628,linea_id,ID 9 no existe en lineas. Convertido a NULL.
629,Id_cliente,ID 628 no existe en clients. Convertido a NULL.
629,linea_id,ID 9 no existe en lineas. Convertido a NULL.
630,Id_cliente,ID 629 no existe en clients. Convertido a NULL.
630,linea_id,ID 9 no existe en lineas. Convertido a NULL.
631,Id_cliente,ID 630 no existe en clients. Convertido a NULL.
631,linea_id,ID 9 no existe en lineas. Convertido a NULL.
632,Id_cliente,ID 631 no existe en clients. Convertido a NULL.
632,linea_id,ID 9 no existe en lineas. Convertido a NULL.
633,Id_cliente,ID 632 no existe en clients. Convertido a NULL.
633,linea_id,ID 9 no existe en lineas. Convertido a NULL.
634,Id_cliente,ID 633 no existe en clients. Convertido a NULL.
634,linea_id,ID 9 no existe en lineas. Convertido a NULL.
635,Id_cliente,ID 634 no existe en clients. Convertido a NULL.
635,linea_id,ID 3 no existe en lineas. Convertido a NULL.
636,Id_cliente,ID 635 no existe en clients. Convertido a NULL.
636,linea_id,ID 3 no existe en lineas. Convertido a NULL.
637,Id_cliente,ID 636 no existe en clients. Convertido a NULL.
637,linea_id,ID 9 no existe en lineas. Convertido a NULL.
638,Id_cliente,ID 637 no existe en clients. Convertido a NULL.
638,linea_id,ID 9 no existe en lineas. Convertido a NULL.
639,Id_cliente,ID 638 no existe en clients. Convertido a NULL.
639,linea_id,ID 9 no existe en lineas. Convertido a NULL.
640,Id_cliente,ID 639 no existe en clients. Convertido a NULL.
640,linea_id,ID 9 no existe en lineas. Convertido a NULL.
641,Id_cliente,ID 640 no existe en clients. Convertido a NULL.
641,linea_id,ID 9 no existe en lineas. Convertido a NULL.
642,Id_cliente,ID 641 no existe en clients. Convertido a NULL.
642,linea_id,ID 9 no existe en lineas. Convertido a NULL.
643,Id_cliente,ID 642 no existe en clients. Convertido a NULL.
643,linea_id,ID 9 no existe en lineas. Convertido a NULL.
644,Id_cliente,ID 643 no existe en clients. Convertido a NULL.
644,linea_id,ID 9 no existe en lineas. Convertido a NULL.
645,Id_cliente,ID 644 no existe en clients. Convertido a NULL.
645,linea_id,ID 3 no existe en lineas. Convertido a NULL.
646,Id_cliente,ID 645 no existe en clients. Convertido a NULL.
646,linea_id,ID 9 no existe en lineas. Convertido a NULL.
647,Id_cliente,ID 646 no existe en clients. Convertido a NULL.
647,linea_id,ID 3 no existe en lineas. Convertido a NULL.
648,Id_cliente,ID 647 no existe en clients. Convertido a NULL.
648,linea_id,ID 9 no existe en lineas. Convertido a NULL.
649,Id_cliente,ID 648 no existe en clients. Convertido a NULL.
649,linea_id,ID 3 no existe en lineas. Convertido a NULL.
650,Id_cliente,ID 649 no existe en clients. Convertido a NULL.
650,linea_id,ID 9 no existe en lineas. Convertido a NULL.
651,Id_cliente,ID 650 no existe en clients. Convertido a NULL.
651,linea_id,ID 3 no existe en lineas. Convertido a NULL.
652,Id_cliente,ID 651 no existe en clients. Convertido a NULL.
652,linea_id,ID 9 no existe en lineas. Convertido a NULL.
653,Id_cliente,ID 652 no existe en clients. Convertido a NULL.
653,linea_id,ID 9 no existe en lineas. Convertido a NULL.
654,Id_cliente,ID 653 no existe en clients. Convertido a NULL.
654,linea_id,ID 9 no existe en lineas. Convertido a NULL.
655,Id_cliente,ID 654 no existe en clients. Convertido a NULL.
655,linea_id,ID 9 no existe en lineas. Convertido a NULL.
656,Id_cliente,ID 655 no existe en clients. Convertido a NULL.
656,linea_id,ID 9 no existe en lineas. Convertido a NULL.
657,Id_cliente,ID 656 no existe en clients. Convertido a NULL.
657,linea_id,ID 9 no existe en lineas. Convertido a NULL.
658,Id_cliente,ID 657 no existe en clients. Convertido a NULL.
658,linea_id,ID 3 no existe en lineas. Convertido a NULL.
659,Id_cliente,ID 658 no existe en clients. Convertido a NULL.
659,linea_id,ID 9 no existe en lineas. Convertido a NULL.
660,Id_cliente,ID 659 no existe en clients. Convertido a NULL.
660,linea_id,ID 9 no existe en lineas. Convertido a NULL.
661,Id_cliente,ID 660 no existe en clients. Convertido a NULL.
661,linea_id,ID 9 no existe en lineas. Convertido a NULL.
662,Id_cliente,ID 661 no existe en clients. Convertido a NULL.
662,linea_id,ID 9 no existe en lineas. Convertido a NULL.
663,Id_cliente,ID 662 no existe en clients. Convertido a NULL.
663,linea_id,ID 9 no existe en lineas. Convertido a NULL.
664,Id_cliente,ID 663 no existe en clients. Convertido a NULL.
664,linea_id,ID 9 no existe en lineas. Convertido a NULL.
665,Id_cliente,ID 664 no existe en clients. Convertido a NULL.
665,linea_id,ID 9 no existe en lineas. Convertido a NULL.
666,Id_cliente,ID 665 no existe en clients. Convertido a NULL.
666,linea_id,ID 9 no existe en lineas. Convertido a NULL.
667,Id_cliente,ID 666 no existe en clients. Convertido a NULL.
667,linea_id,ID 9 no existe en lineas. Convertido a NULL.
668,Id_cliente,ID 667 no existe en clients. Convertido a NULL.
668,linea_id,ID 3 no existe en lineas. Convertido a NULL.
669,Id_cliente,ID 668 no existe en clients. Convertido a NULL.
669,linea_id,ID 9 no existe en lineas. Convertido a NULL.
670,Id_cliente,ID 669 no existe en clients. Convertido a NULL.
670,linea_id,ID 9 no existe en lineas. Convertido a NULL.
671,Id_cliente,ID 670 no existe en clients. Convertido a NULL.
671,linea_id,ID 3 no existe en lineas. Convertido a NULL.
672,Id_cliente,ID 671 no existe en clients. Convertido a NULL.
672,linea_id,ID 9 no existe en lineas. Convertido a NULL.
673,Id_cliente,ID 672 no existe en clients. Convertido a NULL.
673,linea_id,ID 9 no existe en lineas. Convertido a NULL.
674,Id_cliente,ID 673 no existe en clients. Convertido a NULL.
674,linea_id,ID 9 no existe en lineas. Convertido a NULL.
675,Id_cliente,ID 674 no existe en clients. Convertido a NULL.
675,linea_id,ID 9 no existe en lineas. Convertido a NULL.
676,Id_cliente,ID 675 no existe en clients. Convertido a NULL.
676,linea_id,ID 9 no existe en lineas. Convertido a NULL.
677,Id_cliente,ID 676 no existe en clients. Convertido a NULL.
677,linea_id,ID 9 no existe en lineas. Convertido a NULL.
678,Id_cliente,ID 677 no existe en clients. Convertido a NULL.
678,linea_id,ID 9 no existe en lineas. Convertido a NULL.
679,Id_cliente,ID 678 no existe en clients. Convertido a NULL.
679,linea_id,ID 9 no existe en lineas. Convertido a NULL.
680,Id_cliente,ID 679 no existe en clients. Convertido a NULL.
680,linea_id,ID 9 no existe en lineas. Convertido a NULL.
681,Id_cliente,ID 680 no existe en clients. Convertido a NULL.
681,linea_id,ID 9 no existe en lineas. Convertido a NULL.
682,Id_cliente,ID 681 no existe en clients. Convertido a NULL.
682,linea_id,ID 9 no existe en lineas. Convertido a NULL.
683,Id_cliente,ID 682 no existe en clients. Convertido a NULL.
683,linea_id,ID 9 no existe en lineas. Convertido a NULL.
684,Id_cliente,ID 683 no existe en clients. Convertido a NULL.
684,linea_id,ID 9 no existe en lineas. Convertido a NULL.
685,Id_cliente,ID 684 no existe en clients. Convertido a NULL.
685,linea_id,ID 9 no existe en lineas. Convertido a NULL.
686,Id_cliente,ID 685 no existe en clients. Convertido a NULL.
686,linea_id,ID 9 no existe en lineas. Convertido a NULL.
687,Id_cliente,ID 686 no existe en clients. Convertido a NULL.
687,linea_id,ID 9 no existe en lineas. Convertido a NULL.
688,Id_cliente,ID 687 no existe en clients. Convertido a NULL.
688,linea_id,ID 9 no existe en lineas. Convertido a NULL.
689,Id_cliente,ID 688 no existe en clients. Convertido a NULL.
689,linea_id,ID 9 no existe en lineas. Convertido a NULL.
690,Id_cliente,ID 689 no existe en clients. Convertido a NULL.
690,linea_id,ID 9 no existe en lineas. Convertido a NULL.
691,Id_cliente,ID 690 no existe en clients. Convertido a NULL.
691,linea_id,ID 9 no existe en lineas. Convertido a NULL.
692,Id_cliente,ID 691 no existe en clients. Convertido a NULL.
692,linea_id,ID 9 no existe en lineas. Convertido a NULL.
693,Id_cliente,ID 692 no existe en clients. Convertido a NULL.
693,linea_id,ID 9 no existe en lineas. Convertido a NULL.
694,Id_cliente,ID 693 no existe en clients. Convertido a NULL.
694,linea_id,ID 9 no existe en lineas. Convertido a NULL.
695,Id_cliente,ID 694 no existe en clients. Convertido a NULL.
695,linea_id,ID 9 no existe en lineas. Convertido a NULL.
696,Id_cliente,ID 695 no existe en clients. Convertido a NULL.
696,linea_id,ID 9 no existe en lineas. Convertido a NULL.
697,Id_cliente,ID 696 no existe en clients. Convertido a NULL.
697,linea_id,ID 9 no existe en lineas. Convertido a NULL.
698,Id_cliente,ID 697 no existe en clients. Convertido a NULL.
698,linea_id,ID 9 no existe en lineas. Convertido a NULL.
699,Id_cliente,ID 698 no existe en clients. Convertido a NULL.
699,linea_id,ID 9 no existe en lineas. Convertido a NULL.
700,Id_cliente,ID 699 no existe en clients. Convertido a NULL.
700,linea_id,ID 9 no existe en lineas. Convertido a NULL.
701,Id_cliente,ID 700 no existe en clients. Convertido a NULL.
701,linea_id,ID 9 no existe en lineas. Convertido a NULL.
702,Id_cliente,ID 701 no existe en clients. Convertido a NULL.
702,linea_id,ID 9 no existe en lineas. Convertido a NULL.
703,Id_cliente,ID 702 no existe en clients. Convertido a NULL.
703,linea_id,ID 9 no existe en lineas. Convertido a NULL.
704,Id_cliente,ID 703 no existe en clients. Convertido a NULL.
704,linea_id,ID 9 no existe en lineas. Convertido a NULL.
705,Id_cliente,ID 704 no existe en clients. Convertido a NULL.
705,linea_id,ID 9 no existe en lineas. Convertido a NULL.
706,Id_cliente,ID 705 no existe en clients. Convertido a NULL.
706,linea_id,ID 9 no existe en lineas. Convertido a NULL.
707,Id_cliente,ID 706 no existe en clients. Convertido a NULL.
707,linea_id,ID 9 no existe en lineas. Convertido a NULL.
708,Id_cliente,ID 707 no existe en clients. Convertido a NULL.
708,linea_id,ID 9 no existe en lineas. Convertido a NULL.
709,Id_cliente,ID 708 no existe en clients. Convertido a NULL.
709,linea_id,ID 9 no existe en lineas. Convertido a NULL.
710,Id_cliente,ID 709 no existe en clients. Convertido a NULL.
710,linea_id,ID 9 no existe en lineas. Convertido a NULL.
711,Id_cliente,ID 710 no existe en clients. Convertido a NULL.
711,linea_id,ID 9 no existe en lineas. Convertido a NULL.
712,Id_cliente,ID 711 no existe en clients. Convertido a NULL.
712,linea_id,ID 9 no existe en lineas. Convertido a NULL.
713,Id_cliente,ID 712 no existe en clients. Convertido a NULL.
713,linea_id,ID 9 no existe en lineas. Convertido a NULL.
714,Id_cliente,ID 713 no existe en clients. Convertido a NULL.
714,linea_id,ID 9 no existe en lineas. Convertido a NULL.
715,Id_cliente,ID 714 no existe en clients. Convertido a NULL.
715,linea_id,ID 9 no existe en lineas. Convertido a NULL.
716,Id_cliente,ID 715 no existe en clients. Convertido a NULL.
716,linea_id,ID 9 no existe en lineas. Convertido a NULL.
717,Id_cliente,ID 716 no existe en clients. Convertido a NULL.
717,linea_id,ID 9 no existe en lineas. Convertido a NULL.
718,Id_cliente,ID 717 no existe en clients. Convertido a NULL.
718,linea_id,ID 9 no existe en lineas. Convertido a NULL.
719,Id_cliente,ID 718 no existe en clients. Convertido a NULL.
720,Id_cliente,ID 719 no existe en clients. Convertido a NULL.
720,linea_id,ID 9 no existe en lineas. Convertido a NULL.
721,Id_cliente,ID 720 no existe en clients. Convertido a NULL.
721,linea_id,ID 9 no existe en lineas. Convertido a NULL.
722,Id_cliente,ID 721 no existe en clients. Convertido a NULL.
722,linea_id,ID 9 no existe en lineas. Convertido a NULL.
723,Id_cliente,ID 722 no existe en clients. Convertido a NULL.
723,linea_id,ID 9 no existe en lineas. Convertido a NULL.
724,Id_cliente,ID 723 no existe en clients. Convertido a NULL.
724,linea_id,ID 9 no existe en lineas. Convertido a NULL.
725,Id_cliente,ID 724 no existe en clients. Convertido a NULL.
725,linea_id,ID 9 no existe en lineas. Convertido a NULL.
726,Id_cliente,ID 725 no existe en clients. Convertido a NULL.
726,linea_id,ID 9 no existe en lineas. Convertido a NULL.
727,Id_cliente,ID 726 no existe en clients. Convertido a NULL.
727,linea_id,ID 9 no existe en lineas. Convertido a NULL.
728,Id_cliente,ID 727 no existe en clients. Convertido a NULL.
728,linea_id,ID 9 no existe en lineas. Convertido a NULL.
729,Id_cliente,ID 728 no existe en clients. Convertido a NULL.
729,linea_id,ID 9 no existe en lineas. Convertido a NULL.
730,Id_cliente,ID 729 no existe en clients. Convertido a NULL.
730,linea_id,ID 9 no existe en lineas. Convertido a NULL.
731,Id_cliente,ID 730 no existe en clients. Convertido a NULL.
731,linea_id,ID 9 no existe en lineas. Convertido a NULL.
732,Id_cliente,ID 731 no existe en clients. Convertido a NULL.
732,linea_id,ID 9 no existe en lineas. Convertido a NULL.
733,Id_cliente,ID 732 no existe en clients. Convertido a NULL.
733,linea_id,ID 9 no existe en lineas. Convertido a NULL.
734,Id_cliente,ID 733 no existe en clients. Convertido a NULL.
734,linea_id,ID 9 no existe en lineas. Convertido a NULL.
735,Id_cliente,ID 734 no existe en clients. Convertido a NULL.
735,linea_id,ID 9 no existe en lineas. Convertido a NULL.
736,Id_cliente,ID 735 no existe en clients. Convertido a NULL.
736,linea_id,ID 9 no existe en lineas. Convertido a NULL.
737,Id_cliente,ID 736 no existe en clients. Convertido a NULL.
737,linea_id,ID 9 no existe en lineas. Convertido a NULL.
738,Id_cliente,ID 737 no existe en clients. Convertido a NULL.
738,linea_id,ID 9 no existe en lineas. Convertido a NULL.
739,Id_cliente,ID 738 no existe en clients. Convertido a NULL.
739,linea_id,ID 9 no existe en lineas. Convertido a NULL.
740,Id_cliente,ID 739 no existe en clients. Convertido a NULL.
740,linea_id,ID 9 no existe en lineas. Convertido a NULL.
741,Id_cliente,ID 740 no existe en clients. Convertido a NULL.
741,linea_id,ID 9 no existe en lineas. Convertido a NULL.
742,Id_cliente,ID 741 no existe en clients. Convertido a NULL.
742,linea_id,ID 9 no existe en lineas. Convertido a NULL.
743,Id_cliente,ID 742 no existe en clients. Convertido a NULL.
743,linea_id,ID 9 no existe en lineas. Convertido a NULL.
744,Id_cliente,ID 743 no existe en clients. Convertido a NULL.
744,linea_id,ID 9 no existe en lineas. Convertido a NULL.
745,Id_cliente,ID 744 no existe en clients. Convertido a NULL.
745,linea_id,ID 9 no existe en lineas. Convertido a NULL.
746,Id_cliente,ID 745 no existe en clients. Convertido a NULL.
746,linea_id,ID 9 no existe en lineas. Convertido a NULL.
747,Id_cliente,ID 746 no existe en clients. Convertido a NULL.
747,linea_id,ID 9 no existe en lineas. Convertido a NULL.
748,Id_cliente,ID 747 no existe en clients. Convertido a NULL.
748,linea_id,ID 9 no existe en lineas. Convertido a NULL.
749,Id_cliente,ID 748 no existe en clients. Convertido a NULL.
749,linea_id,ID 9 no existe en lineas. Convertido a NULL.
750,Id_cliente,ID 749 no existe en clients. Convertido a NULL.
750,linea_id,ID 9 no existe en lineas. Convertido a NULL.
751,Id_cliente,ID 750 no existe en clients. Convertido a NULL.
751,linea_id,ID 9 no existe en lineas. Convertido a NULL.
752,Id_cliente,ID 751 no existe en clients. Convertido a NULL.
752,linea_id,ID 9 no existe en lineas. Convertido a NULL.
753,Id_cliente,ID 752 no existe en clients. Convertido a NULL.
753,linea_id,ID 9 no existe en lineas. Convertido a NULL.
754,Id_cliente,ID 753 no existe en clients. Convertido a NULL.
754,linea_id,ID 9 no existe en lineas. Convertido a NULL.
755,Id_cliente,ID 754 no existe en clients. Convertido a NULL.
755,linea_id,ID 9 no existe en lineas. Convertido a NULL.
756,Id_cliente,ID 755 no existe en clients. Convertido a NULL.
756,linea_id,ID 9 no existe en lineas. Convertido a NULL.
757,Id_cliente,ID 756 no existe en clients. Convertido a NULL.
757,linea_id,ID 9 no existe en lineas. Convertido a NULL.
758,Id_cliente,ID 757 no existe en clients. Convertido a NULL.
758,linea_id,ID 9 no existe en lineas. Convertido a NULL.
759,Id_cliente,ID 758 no existe en clients. Convertido a NULL.
759,linea_id,ID 9 no existe en lineas. Convertido a NULL.
760,Id_cliente,ID 759 no existe en clients. Convertido a NULL.
760,linea_id,ID 9 no existe en lineas. Convertido a NULL.
761,Id_cliente,ID 760 no existe en clients. Convertido a NULL.
762,Id_cliente,ID 761 no existe en clients. Convertido a NULL.
762,linea_id,ID 9 no existe en lineas. Convertido a NULL.
763,Id_cliente,ID 762 no existe en clients. Convertido a NULL.
763,linea_id,ID 9 no existe en lineas. Convertido a NULL.
764,Id_cliente,ID 763 no existe en clients. Convertido a NULL.
764,linea_id,ID 9 no existe en lineas. Convertido a NULL.
765,Id_cliente,ID 764 no existe en clients. Convertido a NULL.
765,linea_id,ID 9 no existe en lineas. Convertido a NULL.
766,Id_cliente,ID 765 no existe en clients. Convertido a NULL.
766,linea_id,ID 9 no existe en lineas. Convertido a NULL.
767,Id_cliente,ID 766 no existe en clients. Convertido a NULL.
767,linea_id,ID 9 no existe en lineas. Convertido a NULL.
768,Id_cliente,ID 767 no existe en clients. Convertido a NULL.
768,linea_id,ID 9 no existe en lineas. Convertido a NULL.
769,Id_cliente,ID 768 no existe en clients. Convertido a NULL.
769,linea_id,ID 9 no existe en lineas. Convertido a NULL.
770,Id_cliente,ID 769 no existe en clients. Convertido a NULL.
771,Id_cliente,ID 770 no existe en clients. Convertido a NULL.
771,linea_id,ID 9 no existe en lineas. Convertido a NULL.
772,Id_cliente,ID 771 no existe en clients. Convertido a NULL.
772,linea_id,ID 9 no existe en lineas. Convertido a NULL.
773,Id_cliente,ID 772 no existe en clients. Convertido a NULL.
773,linea_id,ID 9 no existe en lineas. Convertido a NULL.
774,Id_cliente,ID 773 no existe en clients. Convertido a NULL.
774,linea_id,ID 9 no existe en lineas. Convertido a NULL.
775,Id_cliente,ID 774 no existe en clients. Convertido a NULL.
775,linea_id,ID 3 no existe en lineas. Convertido a NULL.
776,Id_cliente,ID 775 no existe en clients. Convertido a NULL.
776,linea_id,ID 9 no existe en lineas. Convertido a NULL.
777,Id_cliente,ID 776 no existe en clients. Convertido a NULL.
777,linea_id,ID 9 no existe en lineas. Convertido a NULL.
778,Id_cliente,ID 777 no existe en clients. Convertido a NULL.
778,linea_id,ID 9 no existe en lineas. Convertido a NULL.
779,Id_cliente,ID 778 no existe en clients. Convertido a NULL.
779,linea_id,ID 9 no existe en lineas. Convertido a NULL.
780,Id_cliente,ID 779 no existe en clients. Convertido a NULL.
780,linea_id,ID 9 no existe en lineas. Convertido a NULL.
781,Id_cliente,ID 780 no existe en clients. Convertido a NULL.
781,linea_id,ID 9 no existe en lineas. Convertido a NULL.
782,Id_cliente,ID 781 no existe en clients. Convertido a NULL.
782,linea_id,ID 9 no existe en lineas. Convertido a NULL.
783,Id_cliente,ID 782 no existe en clients. Convertido a NULL.
783,linea_id,ID 9 no existe en lineas. Convertido a NULL.
784,Id_cliente,ID 783 no existe en clients. Convertido a NULL.
784,linea_id,ID 9 no existe en lineas. Convertido a NULL.
785,Id_cliente,ID 784 no existe en clients. Convertido a NULL.
785,linea_id,ID 9 no existe en lineas. Convertido a NULL.
786,Id_cliente,ID 785 no existe en clients. Convertido a NULL.
786,linea_id,ID 9 no existe en lineas. Convertido a NULL.
787,Id_cliente,ID 786 no existe en clients. Convertido a NULL.
787,linea_id,ID 9 no existe en lineas. Convertido a NULL.
788,Id_cliente,ID 787 no existe en clients. Convertido a NULL.
788,linea_id,ID 9 no existe en lineas. Convertido a NULL.
789,Id_cliente,ID 788 no existe en clients. Convertido a NULL.
789,linea_id,ID 9 no existe en lineas. Convertido a NULL.
790,Id_cliente,ID 789 no existe en clients. Convertido a NULL.
790,linea_id,ID 9 no existe en lineas. Convertido a NULL.
791,Id_cliente,ID 790 no existe en clients. Convertido a NULL.
791,linea_id,ID 3 no existe en lineas. Convertido a NULL.
792,Id_cliente,ID 791 no existe en clients. Convertido a NULL.
792,linea_id,ID 9 no existe en lineas. Convertido a NULL.
793,Id_cliente,ID 792 no existe en clients. Convertido a NULL.
793,linea_id,ID 3 no existe en lineas. Convertido a NULL.
794,Id_cliente,ID 793 no existe en clients. Convertido a NULL.
794,linea_id,ID 9 no existe en lineas. Convertido a NULL.
795,Id_cliente,ID 794 no existe en clients. Convertido a NULL.
795,linea_id,ID 3 no existe en lineas. Convertido a NULL.
796,Id_cliente,ID 795 no existe en clients. Convertido a NULL.
796,linea_id,ID 9 no existe en lineas. Convertido a NULL.
797,Id_cliente,ID 796 no existe en clients. Convertido a NULL.
797,linea_id,ID 9 no existe en lineas. Convertido a NULL.
798,Id_cliente,ID 797 no existe en clients. Convertido a NULL.
798,linea_id,ID 9 no existe en lineas. Convertido a NULL.
799,Id_cliente,ID 798 no existe en clients. Convertido a NULL.
799,linea_id,ID 9 no existe en lineas. Convertido a NULL.
800,Id_cliente,ID 799 no existe en clients. Convertido a NULL.
800,linea_id,ID 9 no existe en lineas. Convertido a NULL.
801,Id_cliente,ID 800 no existe en clients. Convertido a NULL.
801,linea_id,ID 3 no existe en lineas. Convertido a NULL.
802,Id_cliente,ID 801 no existe en clients. Convertido a NULL.
802,linea_id,ID 3 no existe en lineas. Convertido a NULL.
803,Id_cliente,ID 802 no existe en clients. Convertido a NULL.
803,linea_id,ID 9 no existe en lineas. Convertido a NULL.
804,Id_cliente,ID 803 no existe en clients. Convertido a NULL.
804,linea_id,ID 3 no existe en lineas. Convertido a NULL.
805,Id_cliente,ID 804 no existe en clients. Convertido a NULL.
805,linea_id,ID 3 no existe en lineas. Convertido a NULL.
806,Id_cliente,ID 805 no existe en clients. Convertido a NULL.
806,linea_id,ID 3 no existe en lineas. Convertido a NULL.
807,Id_cliente,ID 806 no existe en clients. Convertido a NULL.
807,linea_id,ID 9 no existe en lineas. Convertido a NULL.
808,Id_cliente,ID 807 no existe en clients. Convertido a NULL.
808,linea_id,ID 9 no existe en lineas. Convertido a NULL.
809,Id_cliente,ID 808 no existe en clients. Convertido a NULL.
809,linea_id,ID 9 no existe en lineas. Convertido a NULL.
810,Id_cliente,ID 809 no existe en clients. Convertido a NULL.
810,linea_id,ID 9 no existe en lineas. Convertido a NULL.
811,Id_cliente,ID 810 no existe en clients. Convertido a NULL.
811,linea_id,ID 9 no existe en lineas. Convertido a NULL.
812,Id_cliente,ID 811 no existe en clients. Convertido a NULL.
812,linea_id,ID 9 no existe en lineas. Convertido a NULL.
813,Id_cliente,ID 812 no existe en clients. Convertido a NULL.
813,linea_id,ID 9 no existe en lineas. Convertido a NULL.
814,Id_cliente,ID 813 no existe en clients. Convertido a NULL.
815,Id_cliente,ID 814 no existe en clients. Convertido a NULL.
815,linea_id,ID 9 no existe en lineas. Convertido a NULL.
816,Id_cliente,ID 815 no existe en clients. Convertido a NULL.
817,Id_cliente,ID 816 no existe en clients. Convertido a NULL.
817,linea_id,ID 9 no existe en lineas. Convertido a NULL.
818,Id_cliente,ID 817 no existe en clients. Convertido a NULL.
818,linea_id,ID 9 no existe en lineas. Convertido a NULL.
819,Id_cliente,ID 818 no existe en clients. Convertido a NULL.
819,linea_id,ID 3 no existe en lineas. Convertido a NULL.
820,Id_cliente,ID 819 no existe en clients. Convertido a NULL.
820,linea_id,ID 9 no existe en lineas. Convertido a NULL.
821,Id_cliente,ID 820 no existe en clients. Convertido a NULL.
821,linea_id,ID 9 no existe en lineas. Convertido a NULL.
822,Id_cliente,ID 821 no existe en clients. Convertido a NULL.
822,linea_id,ID 9 no existe en lineas. Convertido a NULL.
823,Id_cliente,ID 822 no existe en clients. Convertido a NULL.
823,linea_id,ID 9 no existe en lineas. Convertido a NULL.
824,Id_cliente,ID 823 no existe en clients. Convertido a NULL.
824,linea_id,ID 9 no existe en lineas. Convertido a NULL.
825,Id_cliente,ID 824 no existe en clients. Convertido a NULL.
825,linea_id,ID 9 no existe en lineas. Convertido a NULL.
826,Id_cliente,ID 825 no existe en clients. Convertido a NULL.
826,linea_id,ID 9 no existe en lineas. Convertido a NULL.
827,Id_cliente,ID 826 no existe en clients. Convertido a NULL.
827,linea_id,ID 9 no existe en lineas. Convertido a NULL.
828,Id_cliente,ID 827 no existe en clients. Convertido a NULL.
828,linea_id,ID 9 no existe en lineas. Convertido a NULL.
829,Id_cliente,ID 828 no existe en clients. Convertido a NULL.
829,linea_id,ID 9 no existe en lineas. Convertido a NULL.
830,Id_cliente,ID 829 no existe en clients. Convertido a NULL.
830,linea_id,ID 9 no existe en lineas. Convertido a NULL.
831,Id_cliente,ID 830 no existe en clients. Convertido a NULL.
831,linea_id,ID 9 no existe en lineas. Convertido a NULL.
832,Id_cliente,ID 831 no existe en clients. Convertido a NULL.
832,linea_id,ID 9 no existe en lineas. Convertido a NULL.
833,Id_cliente,ID 832 no existe en clients. Convertido a NULL.
833,linea_id,ID 9 no existe en lineas. Convertido a NULL.
834,Id_cliente,ID 833 no existe en clients. Convertido a NULL.
834,linea_id,ID 9 no existe en lineas. Convertido a NULL.
835,Id_cliente,ID 834 no existe en clients. Convertido a NULL.
835,linea_id,ID 9 no existe en lineas. Convertido a NULL.
836,Id_cliente,ID 835 no existe en clients. Convertido a NULL.
836,linea_id,ID 9 no existe en lineas. Convertido a NULL.
837,Id_cliente,ID 836 no existe en clients. Convertido a NULL.
837,linea_id,ID 9 no existe en lineas. Convertido a NULL.
838,Id_cliente,ID 837 no existe en clients. Convertido a NULL.
838,linea_id,ID 9 no existe en lineas. Convertido a NULL.
839,Id_cliente,ID 838 no existe en clients. Convertido a NULL.
839,linea_id,ID 9 no existe en lineas. Convertido a NULL.
840,Id_cliente,ID 839 no existe en clients. Convertido a NULL.
840,linea_id,ID 9 no existe en lineas. Convertido a NULL.
841,Id_cliente,ID 840 no existe en clients. Convertido a NULL.
842,Id_cliente,ID 841 no existe en clients. Convertido a NULL.
842,linea_id,ID 9 no existe en lineas. Convertido a NULL.
843,Id_cliente,ID 842 no existe en clients. Convertido a NULL.
843,linea_id,ID 9 no existe en lineas. Convertido a NULL.
844,Id_cliente,ID 843 no existe en clients. Convertido a NULL.
844,linea_id,ID 9 no existe en lineas. Convertido a NULL.
845,Id_cliente,ID 844 no existe en clients. Convertido a NULL.
845,linea_id,ID 9 no existe en lineas. Convertido a NULL.
846,Id_cliente,ID 845 no existe en clients. Convertido a NULL.
846,linea_id,ID 9 no existe en lineas. Convertido a NULL.
847,Id_cliente,ID 846 no existe en clients. Convertido a NULL.
847,linea_id,ID 9 no existe en lineas. Convertido a NULL.
848,Id_cliente,ID 847 no existe en clients. Convertido a NULL.
848,linea_id,ID 9 no existe en lineas. Convertido a NULL.
849,Id_cliente,ID 848 no existe en clients. Convertido a NULL.
849,linea_id,ID 9 no existe en lineas. Convertido a NULL.
850,Id_cliente,ID 849 no existe en clients. Convertido a NULL.
850,linea_id,ID 9 no existe en lineas. Convertido a NULL.
851,Id_cliente,ID 850 no existe en clients. Convertido a NULL.
851,linea_id,ID 9 no existe en lineas. Convertido a NULL.
852,Id_cliente,ID 851 no existe en clients. Convertido a NULL.
852,linea_id,ID 9 no existe en lineas. Convertido a NULL.
853,Id_cliente,ID 852 no existe en clients. Convertido a NULL.
853,linea_id,ID 9 no existe en lineas. Convertido a NULL.
854,Id_cliente,ID 853 no existe en clients. Convertido a NULL.
854,linea_id,ID 9 no existe en lineas. Convertido a NULL.
855,Id_cliente,ID 854 no existe en clients. Convertido a NULL.
855,linea_id,ID 9 no existe en lineas. Convertido a NULL.
856,Id_cliente,ID 855 no existe en clients. Convertido a NULL.
856,linea_id,ID 9 no existe en lineas. Convertido a NULL.
857,Id_cliente,ID 856 no existe en clients. Convertido a NULL.
857,linea_id,ID 9 no existe en lineas. Convertido a NULL.
858,Id_cliente,ID 857 no existe en clients. Convertido a NULL.
858,linea_id,ID 9 no existe en lineas. Convertido a NULL.
859,Id_cliente,ID 858 no existe en clients. Convertido a NULL.
859,linea_id,ID 9 no existe en lineas. Convertido a NULL.
860,Id_cliente,ID 859 no existe en clients. Convertido a NULL.
860,linea_id,ID 9 no existe en lineas. Convertido a NULL.
861,Id_cliente,ID 860 no existe en clients. Convertido a NULL.
861,linea_id,ID 3 no existe en lineas. Convertido a NULL.
862,Id_cliente,ID 861 no existe en clients. Convertido a NULL.
862,linea_id,ID 9 no existe en lineas. Convertido a NULL.
863,Id_cliente,ID 862 no existe en clients. Convertido a NULL.
863,linea_id,ID 9 no existe en lineas. Convertido a NULL.
864,Id_cliente,ID 863 no existe en clients. Convertido a NULL.
864,linea_id,ID 9 no existe en lineas. Convertido a NULL.
865,Id_cliente,ID 864 no existe en clients. Convertido a NULL.
865,linea_id,ID 9 no existe en lineas. Convertido a NULL.
866,Id_cliente,ID 865 no existe en clients. Convertido a NULL.
866,linea_id,ID 9 no existe en lineas. Convertido a NULL.
867,Id_cliente,ID 866 no existe en clients. Convertido a NULL.
867,linea_id,ID 9 no existe en lineas. Convertido a NULL.
868,Id_cliente,ID 867 no existe en clients. Convertido a NULL.
868,linea_id,ID 9 no existe en lineas. Convertido a NULL.
869,Id_cliente,ID 868 no existe en clients. Convertido a NULL.
869,linea_id,ID 9 no existe en lineas. Convertido a NULL.
870,Id_cliente,ID 869 no existe en clients. Convertido a NULL.
870,linea_id,ID 9 no existe en lineas. Convertido a NULL.
871,Id_cliente,ID 870 no existe en clients. Convertido a NULL.
871,linea_id,ID 9 no existe en lineas. Convertido a NULL.
872,Id_cliente,ID 871 no existe en clients. Convertido a NULL.
872,linea_id,ID 9 no existe en lineas. Convertido a NULL.
873,Id_cliente,ID 872 no existe en clients. Convertido a NULL.
873,linea_id,ID 9 no existe en lineas. Convertido a NULL.
874,Id_cliente,ID 873 no existe en clients. Convertido a NULL.
874,linea_id,ID 9 no existe en lineas. Convertido a NULL.
875,Id_cliente,ID 874 no existe en clients. Convertido a NULL.
875,linea_id,ID 9 no existe en lineas. Convertido a NULL.
876,Id_cliente,ID 875 no existe en clients. Convertido a NULL.
876,linea_id,ID 9 no existe en lineas. Convertido a NULL.
877,Id_cliente,ID 876 no existe en clients. Convertido a NULL.
877,linea_id,ID 9 no existe en lineas. Convertido a NULL.
878,Id_cliente,ID 877 no existe en clients. Convertido a NULL.
878,linea_id,ID 9 no existe en lineas. Convertido a NULL.
879,Id_cliente,ID 878 no existe en clients. Convertido a NULL.
879,linea_id,ID 9 no existe en lineas. Convertido a NULL.
880,Id_cliente,ID 879 no existe en clients. Convertido a NULL.
880,linea_id,ID 9 no existe en lineas. Convertido a NULL.
881,Id_cliente,ID 880 no existe en clients. Convertido a NULL.
881,linea_id,ID 9 no existe en lineas. Convertido a NULL.
882,Id_cliente,ID 881 no existe en clients. Convertido a NULL.
882,linea_id,ID 9 no existe en lineas. Convertido a NULL.
883,Id_cliente,ID 882 no existe en clients. Convertido a NULL.
883,linea_id,ID 9 no existe en lineas. Convertido a NULL.
884,Id_cliente,ID 883 no existe en clients. Convertido a NULL.
885,Id_cliente,ID 884 no existe en clients. Convertido a NULL.
885,linea_id,ID 9 no existe en lineas. Convertido a NULL.
886,Id_cliente,ID 885 no existe en clients. Convertido a NULL.
886,linea_id,ID 9 no existe en lineas. Convertido a NULL.
887,Id_cliente,ID 886 no existe en clients. Convertido a NULL.
887,linea_id,ID 9 no existe en lineas. Convertido a NULL.
888,Id_cliente,ID 887 no existe en clients. Convertido a NULL.
888,linea_id,ID 9 no existe en lineas. Convertido a NULL.
889,Id_cliente,ID 888 no existe en clients. Convertido a NULL.
889,linea_id,ID 9 no existe en lineas. Convertido a NULL.
890,Id_cliente,ID 889 no existe en clients. Convertido a NULL.
890,linea_id,ID 9 no existe en lineas. Convertido a NULL.
891,Id_cliente,ID 890 no existe en clients. Convertido a NULL.
891,linea_id,ID 9 no existe en lineas. Convertido a NULL.
892,Id_cliente,ID 891 no existe en clients. Convertido a NULL.
892,linea_id,ID 3 no existe en lineas. Convertido a NULL.
893,Id_cliente,ID 892 no existe en clients. Convertido a NULL.
893,linea_id,ID 9 no existe en lineas. Convertido a NULL.
894,Id_cliente,ID 893 no existe en clients. Convertido a NULL.
894,linea_id,ID 9 no existe en lineas. Convertido a NULL.
895,Id_cliente,ID 894 no existe en clients. Convertido a NULL.
895,linea_id,ID 9 no existe en lineas. Convertido a NULL.
896,Id_cliente,ID 895 no existe en clients. Convertido a NULL.
896,linea_id,ID 9 no existe en lineas. Convertido a NULL.
897,Id_cliente,ID 896 no existe en clients. Convertido a NULL.
897,linea_id,ID 9 no existe en lineas. Convertido a NULL.
898,Id_cliente,ID 897 no existe en clients. Convertido a NULL.
898,linea_id,ID 9 no existe en lineas. Convertido a NULL.
899,Id_cliente,ID 898 no existe en clients. Convertido a NULL.
899,linea_id,ID 9 no existe en lineas. Convertido a NULL.
900,Id_cliente,ID 899 no existe en clients. Convertido a NULL.
900,linea_id,ID 9 no existe en lineas. Convertido a NULL.
901,Id_cliente,ID 900 no existe en clients. Convertido a NULL.
901,linea_id,ID 9 no existe en lineas. Convertido a NULL.
902,Id_cliente,ID 901 no existe en clients. Convertido a NULL.
902,linea_id,ID 9 no existe en lineas. Convertido a NULL.
903,Id_cliente,ID 902 no existe en clients. Convertido a NULL.
903,linea_id,ID 9 no existe en lineas. Convertido a NULL.
904,Id_cliente,ID 903 no existe en clients. Convertido a NULL.
904,linea_id,ID 9 no existe en lineas. Convertido a NULL.
905,Id_cliente,ID 904 no existe en clients. Convertido a NULL.
905,linea_id,ID 9 no existe en lineas. Convertido a NULL.
906,Id_cliente,ID 905 no existe en clients. Convertido a NULL.
906,linea_id,ID 9 no existe en lineas. Convertido a NULL.
907,Id_cliente,ID 906 no existe en clients. Convertido a NULL.
907,linea_id,ID 9 no existe en lineas. Convertido a NULL.
908,Id_cliente,ID 907 no existe en clients. Convertido a NULL.
908,linea_id,ID 9 no existe en lineas. Convertido a NULL.
909,Id_cliente,ID 908 no existe en clients. Convertido a NULL.
909,linea_id,ID 9 no existe en lineas. Convertido a NULL.
910,Id_cliente,ID 909 no existe en clients. Convertido a NULL.
910,linea_id,ID 9 no existe en lineas. Convertido a NULL.
911,Id_cliente,ID 910 no existe en clients. Convertido a NULL.
911,linea_id,ID 9 no existe en lineas. Convertido a NULL.
912,Id_cliente,ID 911 no existe en clients. Convertido a NULL.
912,linea_id,ID 9 no existe en lineas. Convertido a NULL.
912,seguro,Decimal inválido. Convertido a NULL (nullable).
912,cuotas,Entero inválido. Convertido a NULL (nullable).
913,Id_cliente,ID 912 no existe en clients. Convertido a NULL.
913,linea_id,ID 9 no existe en lineas. Convertido a NULL.
913,seguro,Decimal inválido. Convertido a NULL (nullable).
913,cuotas,Entero inválido. Convertido a NULL (nullable).
914,Id_cliente,ID 913 no existe en clients. Convertido a NULL.
914,linea_id,ID 9 no existe en lineas. Convertido a NULL.
914,seguro,Decimal inválido. Convertido a NULL (nullable).
914,cuotas,Entero inválido. Convertido a NULL (nullable).
915,Id_cliente,ID 914 no existe en clients. Convertido a NULL.
915,linea_id,ID 9 no existe en lineas. Convertido a NULL.
916,Id_cliente,ID 915 no existe en clients. Convertido a NULL.
916,linea_id,ID 9 no existe en lineas. Convertido a NULL.
917,Id_cliente,ID 916 no existe en clients. Convertido a NULL.
917,linea_id,ID 9 no existe en lineas. Convertido a NULL.
918,Id_cliente,ID 917 no existe en clients. Convertido a NULL.
918,linea_id,ID 9 no existe en lineas. Convertido a NULL.
919,Id_cliente,ID 918 no existe en clients. Convertido a NULL.
919,linea_id,ID 9 no existe en lineas. Convertido a NULL.
920,Id_cliente,ID 919 no existe en clients. Convertido a NULL.
920,linea_id,ID 9 no existe en lineas. Convertido a NULL.
921,Id_cliente,ID 920 no existe en clients. Convertido a NULL.
921,linea_id,ID 9 no existe en lineas. Convertido a NULL.
922,Id_cliente,ID 921 no existe en clients. Convertido a NULL.
922,linea_id,ID 9 no existe en lineas. Convertido a NULL.
923,Id_cliente,ID 922 no existe en clients. Convertido a NULL.
923,linea_id,ID 9 no existe en lineas. Convertido a NULL.
924,Id_cliente,ID 923 no existe en clients. Convertido a NULL.
924,linea_id,ID 9 no existe en lineas. Convertido a NULL.
925,Id_cliente,ID 924 no existe en clients. Convertido a NULL.
925,linea_id,ID 9 no existe en lineas. Convertido a NULL.
926,Id_cliente,ID 925 no existe en clients. Convertido a NULL.
926,linea_id,ID 9 no existe en lineas. Convertido a NULL.
927,Id_cliente,ID 926 no existe en clients. Convertido a NULL.
927,linea_id,ID 9 no existe en lineas. Convertido a NULL.
928,Id_cliente,ID 927 no existe en clients. Convertido a NULL.
928,linea_id,ID 9 no existe en lineas. Convertido a NULL.
929,Id_cliente,ID 928 no existe en clients. Convertido a NULL.
929,linea_id,ID 9 no existe en lineas. Convertido a NULL.
930,Id_cliente,ID 929 no existe en clients. Convertido a NULL.
930,linea_id,ID 9 no existe en lineas. Convertido a NULL.
931,Id_cliente,ID 930 no existe en clients. Convertido a NULL.
931,linea_id,ID 9 no existe en lineas. Convertido a NULL.
932,Id_cliente,ID 931 no existe en clients. Convertido a NULL.
932,linea_id,ID 9 no existe en lineas. Convertido a NULL.
933,Id_cliente,ID 932 no existe en clients. Convertido a NULL.
933,linea_id,ID 9 no existe en lineas. Convertido a NULL.
934,Id_cliente,ID 933 no existe en clients. Convertido a NULL.
934,linea_id,ID 9 no existe en lineas. Convertido a NULL.
935,Id_cliente,ID 934 no existe en clients. Convertido a NULL.
935,linea_id,ID 9 no existe en lineas. Convertido a NULL.
936,Id_cliente,ID 935 no existe en clients. Convertido a NULL.
936,linea_id,ID 9 no existe en lineas. Convertido a NULL.
937,Id_cliente,ID 936 no existe en clients. Convertido a NULL.
937,linea_id,ID 9 no existe en lineas. Convertido a NULL.
938,Id_cliente,ID 937 no existe en clients. Convertido a NULL.
938,linea_id,ID 9 no existe en lineas. Convertido a NULL.
939,Id_cliente,ID 938 no existe en clients. Convertido a NULL.
939,linea_id,ID 9 no existe en lineas. Convertido a NULL.
940,Id_cliente,ID 939 no existe en clients. Convertido a NULL.
940,linea_id,ID 9 no existe en lineas. Convertido a NULL.
941,Id_cliente,ID 940 no existe en clients. Convertido a NULL.
941,linea_id,ID 9 no existe en lineas. Convertido a NULL.
942,Id_cliente,ID 941 no existe en clients. Convertido a NULL.
942,linea_id,ID 9 no existe en lineas. Convertido a NULL.
943,Id_cliente,ID 942 no existe en clients. Convertido a NULL.
943,linea_id,ID 9 no existe en lineas. Convertido a NULL.
944,Id_cliente,ID 943 no existe en clients. Convertido a NULL.
944,linea_id,ID 9 no existe en lineas. Convertido a NULL.
945,Id_cliente,ID 944 no existe en clients. Convertido a NULL.
945,linea_id,ID 9 no existe en lineas. Convertido a NULL.
946,Id_cliente,ID 945 no existe en clients. Convertido a NULL.
946,linea_id,ID 9 no existe en lineas. Convertido a NULL.
947,Id_cliente,ID 946 no existe en clients. Convertido a NULL.
947,linea_id,ID 9 no existe en lineas. Convertido a NULL.
948,Id_cliente,ID 947 no existe en clients. Convertido a NULL.
948,linea_id,ID 9 no existe en lineas. Convertido a NULL.
949,Id_cliente,ID 948 no existe en clients. Convertido a NULL.
949,linea_id,ID 3 no existe en lineas. Convertido a NULL.
950,Id_cliente,ID 949 no existe en clients. Convertido a NULL.
950,linea_id,ID 9 no existe en lineas. Convertido a NULL.
951,Id_cliente,ID 950 no existe en clients. Convertido a NULL.
951,linea_id,ID 9 no existe en lineas. Convertido a NULL.
952,Id_cliente,ID 951 no existe en clients. Convertido a NULL.
952,linea_id,ID 9 no existe en lineas. Convertido a NULL.
953,Id_cliente,ID 952 no existe en clients. Convertido a NULL.
953,linea_id,ID 9 no existe en lineas. Convertido a NULL.
954,Id_cliente,ID 953 no existe en clients. Convertido a NULL.
954,linea_id,ID 9 no existe en lineas. Convertido a NULL.
955,Id_cliente,ID 954 no existe en clients. Convertido a NULL.
955,linea_id,ID 9 no existe en lineas. Convertido a NULL.
956,Id_cliente,ID 955 no existe en clients. Convertido a NULL.
956,linea_id,ID 9 no existe en lineas. Convertido a NULL.
957,Id_cliente,ID 956 no existe en clients. Convertido a NULL.
957,linea_id,ID 9 no existe en lineas. Convertido a NULL.
958,Id_cliente,ID 957 no existe en clients. Convertido a NULL.
958,linea_id,ID 9 no existe en lineas. Convertido a NULL.
959,Id_cliente,ID 958 no existe en clients. Convertido a NULL.
959,linea_id,ID 9 no existe en lineas. Convertido a NULL.
960,Id_cliente,ID 959 no existe en clients. Convertido a NULL.
961,Id_cliente,ID 960 no existe en clients. Convertido a NULL.
961,linea_id,ID 9 no existe en lineas. Convertido a NULL.
962,Id_cliente,ID 961 no existe en clients. Convertido a NULL.
962,linea_id,ID 9 no existe en lineas. Convertido a NULL.
963,Id_cliente,ID 962 no existe en clients. Convertido a NULL.
963,linea_id,ID 9 no existe en lineas. Convertido a NULL.
964,Id_cliente,ID 963 no existe en clients. Convertido a NULL.
964,linea_id,ID 9 no existe en lineas. Convertido a NULL.
965,Id_cliente,ID 964 no existe en clients. Convertido a NULL.
965,linea_id,ID 9 no existe en lineas. Convertido a NULL.
966,Id_cliente,ID 965 no existe en clients. Convertido a NULL.
966,linea_id,ID 9 no existe en lineas. Convertido a NULL.
967,Id_cliente,ID 966 no existe en clients. Convertido a NULL.
967,linea_id,ID 9 no existe en lineas. Convertido a NULL.
968,Id_cliente,ID 967 no existe en clients. Convertido a NULL.
968,linea_id,ID 9 no existe en lineas. Convertido a NULL.
969,Id_cliente,ID 968 no existe en clients. Convertido a NULL.
969,linea_id,ID 9 no existe en lineas. Convertido a NULL.
970,Id_cliente,ID 969 no existe en clients. Convertido a NULL.
970,linea_id,ID 9 no existe en lineas. Convertido a NULL.
971,Id_cliente,ID 970 no existe en clients. Convertido a NULL.
971,linea_id,ID 9 no existe en lineas. Convertido a NULL.
972,Id_cliente,ID 971 no existe en clients. Convertido a NULL.
972,linea_id,ID 9 no existe en lineas. Convertido a NULL.
973,Id_cliente,ID 972 no existe en clients. Convertido a NULL.
973,linea_id,ID 9 no existe en lineas. Convertido a NULL.
974,Id_cliente,ID 973 no existe en clients. Convertido a NULL.
974,linea_id,ID 9 no existe en lineas. Convertido a NULL.
975,Id_cliente,ID 974 no existe en clients. Convertido a NULL.
976,Id_cliente,ID 975 no existe en clients. Convertido a NULL.
976,linea_id,ID 9 no existe en lineas. Convertido a NULL.
977,Id_cliente,ID 976 no existe en clients. Convertido a NULL.
977,linea_id,ID 9 no existe en lineas. Convertido a NULL.
978,Id_cliente,ID 977 no existe en clients. Convertido a NULL.
978,linea_id,ID 9 no existe en lineas. Convertido a NULL.
979,Id_cliente,ID 978 no existe en clients. Convertido a NULL.
980,Id_cliente,ID 979 no existe en clients. Convertido a NULL.
980,linea_id,ID 9 no existe en lineas. Convertido a NULL.
981,Id_cliente,ID 980 no existe en clients. Convertido a NULL.
981,linea_id,ID 9 no existe en lineas. Convertido a NULL.
982,Id_cliente,ID 981 no existe en clients. Convertido a NULL.
982,linea_id,ID 9 no existe en lineas. Convertido a NULL.
983,Id_cliente,ID 982 no existe en clients. Convertido a NULL.
983,linea_id,ID 9 no existe en lineas. Convertido a NULL.
984,Id_cliente,ID 983 no existe en clients. Convertido a NULL.
984,linea_id,ID 9 no existe en lineas. Convertido a NULL.
985,Id_cliente,ID 984 no existe en clients. Convertido a NULL.
985,linea_id,ID 9 no existe en lineas. Convertido a NULL.
986,Id_cliente,ID 985 no existe en clients. Convertido a NULL.
986,linea_id,ID 9 no existe en lineas. Convertido a NULL.
987,Id_cliente,ID 986 no existe en clients. Convertido a NULL.
987,linea_id,ID 9 no existe en lineas. Convertido a NULL.
988,Id_cliente,ID 987 no existe en clients. Convertido a NULL.
988,linea_id,ID 9 no existe en lineas. Convertido a NULL.
989,Id_cliente,ID 988 no existe en clients. Convertido a NULL.
989,linea_id,ID 9 no existe en lineas. Convertido a NULL.
990,Id_cliente,ID 989 no existe en clients. Convertido a NULL.
990,linea_id,ID 9 no existe en lineas. Convertido a NULL.
991,Id_cliente,ID 990 no existe en clients. Convertido a NULL.
991,linea_id,ID 9 no existe en lineas. Convertido a NULL.
992,Id_cliente,ID 991 no existe en clients. Convertido a NULL.
992,linea_id,ID 9 no existe en lineas. Convertido a NULL.
993,Id_cliente,ID 992 no existe en clients. Convertido a NULL.
993,linea_id,ID 9 no existe en lineas. Convertido a NULL.
994,Id_cliente,ID 993 no existe en clients. Convertido a NULL.
994,linea_id,ID 9 no existe en lineas. Convertido a NULL.
995,Id_cliente,ID 994 no existe en clients. Convertido a NULL.
995,linea_id,ID 9 no existe en lineas. Convertido a NULL.
996,Id_cliente,ID 995 no existe en clients. Convertido a NULL.
996,linea_id,ID 9 no existe en lineas. Convertido a NULL.
997,Id_cliente,ID 996 no existe en clients. Convertido a NULL.
997,linea_id,ID 9 no existe en lineas. Convertido a NULL.
998,Id_cliente,ID 997 no existe en clients. Convertido a NULL.
998,linea_id,ID 9 no existe en lineas. Convertido a NULL.
998,seguro,Decimal inválido. Convertido a NULL (nullable).
999,Id_cliente,ID 998 no existe en clients. Convertido a NULL.
999,linea_id,ID 9 no existe en lineas. Convertido a NULL.
1000,Id_cliente,ID 999 no existe en clients. Convertido a NULL.
1000,linea_id,ID 9 no existe en lineas. Convertido a NULL.
1001,Id_cliente,ID 1000 no existe en clients. Convertido a NULL.
1001,linea_id,ID 9 no existe en lineas. Convertido a NULL.
1002,Id_cliente,ID 1001 no existe en clients. Convertido a NULL.
1002,linea_id,ID 9 no existe en lineas. Convertido a NULL.
1003,Id_cliente,ID 1002 no existe en clients. Convertido a NULL.
1003,linea_id,ID 9 no existe en lineas. Convertido a NULL.
1004,Id_cliente,ID 1003 no existe en clients. Convertido a NULL.
1004,linea_id,ID 9 no existe en lineas. Convertido a NULL.
1005,Id_cliente,ID 1004 no existe en clients. Convertido a NULL.
1005,linea_id,ID 9 no existe en lineas. Convertido a NULL.
1006,Id_cliente,ID 1005 no existe en clients. Convertido a NULL.
1006,linea_id,ID 9 no existe en lineas. Convertido a NULL.
1007,Id_cliente,ID 1006 no existe en clients. Convertido a NULL.
1007,linea_id,ID 9 no existe en lineas. Convertido a NULL.
1008,Id_cliente,ID 1007 no existe en clients. Convertido a NULL.
1008,linea_id,ID 9 no existe en lineas. Convertido a NULL.
1009,Id_cliente,ID 1008 no existe en clients. Convertido a NULL.
1009,linea_id,ID 9 no existe en lineas. Convertido a NULL.
1010,Id_cliente,ID 1009 no existe en clients. Convertido a NULL.
1010,linea_id,ID 9 no existe en lineas. Convertido a NULL.
1011,Id_cliente,ID 1010 no existe en clients. Convertido a NULL.
1011,linea_id,ID 3 no existe en lineas. Convertido a NULL.
1012,Id_cliente,ID 1011 no existe en clients. Convertido a NULL.
1012,linea_id,ID 9 no existe en lineas. Convertido a NULL.
1013,Id_cliente,ID 1012 no existe en clients. Convertido a NULL.
1013,linea_id,ID 9 no existe en lineas. Convertido a NULL.
1014,Id_cliente,ID 1013 no existe en clients. Convertido a NULL.
1014,linea_id,ID 9 no existe en lineas. Convertido a NULL.
1015,Id_cliente,ID 1014 no existe en clients. Convertido a NULL.
1015,linea_id,ID 9 no existe en lineas. Convertido a NULL.
1016,Id_cliente,ID 1015 no existe en clients. Convertido a NULL.
1016,linea_id,ID 9 no existe en lineas. Convertido a NULL.
1017,Id_cliente,ID 1016 no existe en clients. Convertido a NULL.
1017,linea_id,ID 9 no existe en lineas. Convertido a NULL.
1018,Id_cliente,ID 1017 no existe en clients. Convertido a NULL.
1018,linea_id,ID 9 no existe en lineas. Convertido a NULL.
1019,Id_cliente,ID 1018 no existe en clients. Convertido a NULL.
1019,linea_id,ID 9 no existe en lineas. Convertido a NULL.
1020,Id_cliente,ID 1019 no existe en clients. Convertido a NULL.
1020,linea_id,ID 9 no existe en lineas. Convertido a NULL.
1021,Id_cliente,ID 1020 no existe en clients. Convertido a NULL.
1021,linea_id,ID 9 no existe en lineas. Convertido a NULL.
1022,Id_cliente,ID 1021 no existe en clients. Convertido a NULL.
1022,linea_id,ID 9 no existe en lineas. Convertido a NULL.
1023,Id_cliente,ID 1022 no existe en clients. Convertido a NULL.
1024,Id_cliente,ID 1023 no existe en clients. Convertido a NULL.
1024,linea_id,ID 9 no existe en lineas. Convertido a NULL.
1025,Id_cliente,ID 1024 no existe en clients. Convertido a NULL.
1025,linea_id,ID 9 no existe en lineas. Convertido a NULL.
1026,Id_cliente,ID 1025 no existe en clients. Convertido a NULL.
1026,linea_id,ID 9 no existe en lineas. Convertido a NULL.
1027,Id_cliente,ID 1026 no existe en clients. Convertido a NULL.
1027,linea_id,ID 9 no existe en lineas. Convertido a NULL.
1028,Id_cliente,ID 1027 no existe en clients. Convertido a NULL.
1029,Id_cliente,ID 1028 no existe en clients. Convertido a NULL.
1029,linea_id,ID 9 no existe en lineas. Convertido a NULL.
1030,Id_cliente,ID 1029 no existe en clients. Convertido a NULL.
1030,linea_id,ID 9 no existe en lineas. Convertido a NULL.
1031,Id_cliente,ID 1030 no existe en clients. Convertido a NULL.
1031,linea_id,ID 9 no existe en lineas. Convertido a NULL.
1032,Id_cliente,ID 1031 no existe en clients. Convertido a NULL.
1032,linea_id,ID 9 no existe en lineas. Convertido a NULL.
1033,Id_cliente,ID 1032 no existe en clients. Convertido a NULL.
1033,linea_id,ID 9 no existe en lineas. Convertido a NULL.
1034,Id_cliente,ID 1033 no existe en clients. Convertido a NULL.
1034,linea_id,ID 9 no existe en lineas. Convertido a NULL.
1035,Id_cliente,ID 1034 no existe en clients. Convertido a NULL.
1035,linea_id,ID 9 no existe en lineas. Convertido a NULL.
1036,Id_cliente,ID 1035 no existe en clients. Convertido a NULL.
1036,linea_id,ID 9 no existe en lineas. Convertido a NULL.
1037,Id_cliente,ID 1036 no existe en clients. Convertido a NULL.
1037,linea_id,ID 9 no existe en lineas. Convertido a NULL.
1038,Id_cliente,ID 1037 no existe en clients. Convertido a NULL.
1038,linea_id,ID 9 no existe en lineas. Convertido a NULL.
1039,Id_cliente,ID 1038 no existe en clients. Convertido a NULL.
1039,linea_id,ID 9 no existe en lineas. Convertido a NULL.
1039,seguro,Decimal inválido. Convertido a NULL (nullable).
1039,cuotas,Entero inválido. Convertido a NULL (nullable).
1040,Id_cliente,ID 1039 no existe en clients. Convertido a NULL.
1040,linea_id,ID 8 no existe en lineas. Convertido a NULL.
1041,Id_cliente,ID 1040 no existe en clients. Convertido a NULL.
1041,linea_id,ID 8 no existe en lineas. Convertido a NULL.
1042,Id_cliente,ID 1041 no existe en clients. Convertido a NULL.
1042,linea_id,ID 8 no existe en lineas. Convertido a NULL.
1043,Id_cliente,ID 1042 no existe en clients. Convertido a NULL.
1043,linea_id,ID 8 no existe en lineas. Convertido a NULL.
1044,Id_cliente,ID 1043 no existe en clients. Convertido a NULL.
1044,linea_id,ID 8 no existe en lineas. Convertido a NULL.
1045,Id_cliente,ID 1044 no existe en clients. Convertido a NULL.
1045,linea_id,ID 3 no existe en lineas. Convertido a NULL.
1046,Id_cliente,ID 1045 no existe en clients. Convertido a NULL.
1046,linea_id,ID 8 no existe en lineas. Convertido a NULL.
1047,Id_cliente,ID 1046 no existe en clients. Convertido a NULL.
1047,linea_id,ID 8 no existe en lineas. Convertido a NULL.
1048,Id_cliente,ID 1047 no existe en clients. Convertido a NULL.
1048,linea_id,ID 8 no existe en lineas. Convertido a NULL.
1049,Id_cliente,ID 1048 no existe en clients. Convertido a NULL.
1049,linea_id,ID 8 no existe en lineas. Convertido a NULL.
1050,Id_cliente,ID 1049 no existe en clients. Convertido a NULL.
1051,Id_cliente,ID 1050 no existe en clients. Convertido a NULL.
1051,linea_id,ID 8 no existe en lineas. Convertido a NULL.
1052,Id_cliente,ID 1051 no existe en clients. Convertido a NULL.
1052,linea_id,ID 8 no existe en lineas. Convertido a NULL.
1053,Id_cliente,ID 1052 no existe en clients. Convertido a NULL.
1053,linea_id,ID 8 no existe en lineas. Convertido a NULL.
1054,Id_cliente,ID 1053 no existe en clients. Convertido a NULL.
1054,linea_id,ID 8 no existe en lineas. Convertido a NULL.
1055,Id_cliente,ID 1054 no existe en clients. Convertido a NULL.
1055,linea_id,ID 8 no existe en lineas. Convertido a NULL.
1056,Id_cliente,ID 1055 no existe en clients. Convertido a NULL.
1056,linea_id,ID 8 no existe en lineas. Convertido a NULL.
1057,Id_cliente,ID 1056 no existe en clients. Convertido a NULL.
1057,linea_id,ID 8 no existe en lineas. Convertido a NULL.
1058,Id_cliente,ID 1057 no existe en clients. Convertido a NULL.
1058,linea_id,ID 8 no existe en lineas. Convertido a NULL.
1059,Id_cliente,ID 1058 no existe en clients. Convertido a NULL.
1059,linea_id,ID 8 no existe en lineas. Convertido a NULL.
1060,Id_cliente,ID 1059 no existe en clients. Convertido a NULL.
1060,linea_id,ID 8 no existe en lineas. Convertido a NULL.
1061,Id_cliente,ID 1060 no existe en clients. Convertido a NULL.
1062,Id_cliente,ID 1061 no existe en clients. Convertido a NULL.
1062,linea_id,ID 8 no existe en lineas. Convertido a NULL.
1063,Id_cliente,ID 1062 no existe en clients. Convertido a NULL.
1063,linea_id,ID 8 no existe en lineas. Convertido a NULL.
1064,Id_cliente,ID 1063 no existe en clients. Convertido a NULL.
1064,linea_id,ID 8 no existe en lineas. Convertido a NULL.
1065,Id_cliente,ID 1064 no existe en clients. Convertido a NULL.
1065,linea_id,ID 8 no existe en lineas. Convertido a NULL.
1066,Id_cliente,ID 1065 no existe en clients. Convertido a NULL.
1066,linea_id,ID 8 no existe en lineas. Convertido a NULL.
1067,Id_cliente,ID 1066 no existe en clients. Convertido a NULL.
1067,linea_id,ID 8 no existe en lineas. Convertido a NULL.
1068,Id_cliente,ID 1067 no existe en clients. Convertido a NULL.
1068,linea_id,ID 8 no existe en lineas. Convertido a NULL.
1069,Id_cliente,ID 1068 no existe en clients. Convertido a NULL.
1069,linea_id,ID 8 no existe en lineas. Convertido a NULL.
1070,Id_cliente,ID 1069 no existe en clients. Convertido a NULL.
1071,Id_cliente,ID 1070 no existe en clients. Convertido a NULL.
1071,linea_id,ID 8 no existe en lineas. Convertido a NULL.
1072,Id_cliente,ID 1071 no existe en clients. Convertido a NULL.
1072,linea_id,ID 8 no existe en lineas. Convertido a NULL.
1073,Id_cliente,ID 1072 no existe en clients. Convertido a NULL.
1073,linea_id,ID 8 no existe en lineas. Convertido a NULL.
1074,Id_cliente,ID 1073 no existe en clients. Convertido a NULL.
1074,linea_id,ID 8 no existe en lineas. Convertido a NULL.
1075,Id_cliente,ID 1074 no existe en clients. Convertido a NULL.
1075,linea_id,ID 8 no existe en lineas. Convertido a NULL.
1076,Id_cliente,ID 1075 no existe en clients. Convertido a NULL.
1076,linea_id,ID 8 no existe en lineas. Convertido a NULL.
1077,Id_cliente,ID 1076 no existe en clients. Convertido a NULL.
1077,linea_id,ID 8 no existe en lineas. Convertido a NULL.
1078,Id_cliente,ID 1077 no existe en clients. Convertido a NULL.
1078,linea_id,ID 8 no existe en lineas. Convertido a NULL.
1079,Id_cliente,ID 1078 no existe en clients. Convertido a NULL.
1079,linea_id,ID 8 no existe en lineas. Convertido a NULL.
1080,Id_cliente,ID 1079 no existe en clients. Convertido a NULL.
1080,linea_id,ID 8 no existe en lineas. Convertido a NULL.
1081,Id_cliente,ID 1080 no existe en clients. Convertido a NULL.
1081,linea_id,ID 8 no existe en lineas. Convertido a NULL.
1082,Id_cliente,ID 1081 no existe en clients. Convertido a NULL.
1082,linea_id,ID 8 no existe en lineas. Convertido a NULL.
1083,Id_cliente,ID 1082 no existe en clients. Convertido a NULL.
1083,linea_id,ID 8 no existe en lineas. Convertido a NULL.
1084,Id_cliente,ID 1083 no existe en clients. Convertido a NULL.
1084,linea_id,ID 8 no existe en lineas. Convertido a NULL.
1085,Id_cliente,ID 1084 no existe en clients. Convertido a NULL.
1085,linea_id,ID 8 no existe en lineas. Convertido a NULL.
1086,Id_cliente,ID 1085 no existe en clients. Convertido a NULL.
1086,linea_id,ID 8 no existe en lineas. Convertido a NULL.
1087,Id_cliente,ID 1086 no existe en clients. Convertido a NULL.
1087,linea_id,ID 8 no existe en lineas. Convertido a NULL.
1088,Id_cliente,ID 1087 no existe en clients. Convertido a NULL.
1088,linea_id,ID 8 no existe en lineas. Convertido a NULL.
1089,Id_cliente,ID 1088 no existe en clients. Convertido a NULL.
1089,linea_id,ID 8 no existe en lineas. Convertido a NULL.
1090,Id_cliente,ID 1089 no existe en clients. Convertido a NULL.
1090,linea_id,ID 8 no existe en lineas. Convertido a NULL.
1091,Id_cliente,ID 1090 no existe en clients. Convertido a NULL.
1091,linea_id,ID 8 no existe en lineas. Convertido a NULL.
1092,Id_cliente,ID 1091 no existe en clients. Convertido a NULL.
1092,linea_id,ID 8 no existe en lineas. Convertido a NULL.
1093,Id_cliente,ID 1092 no existe en clients. Convertido a NULL.
1093,linea_id,ID 8 no existe en lineas. Convertido a NULL.
1094,Id_cliente,ID 1093 no existe en clients. Convertido a NULL.
1094,linea_id,ID 8 no existe en lineas. Convertido a NULL.
1095,Id_cliente,ID 1094 no existe en clients. Convertido a NULL.
1095,linea_id,ID 8 no existe en lineas. Convertido a NULL.
1096,Id_cliente,ID 1095 no existe en clients. Convertido a NULL.
1096,linea_id,ID 8 no existe en lineas. Convertido a NULL.
1097,Id_cliente,ID 1096 no existe en clients. Convertido a NULL.
1097,linea_id,ID 8 no existe en lineas. Convertido a NULL.
1098,Id_cliente,ID 1097 no existe en clients. Convertido a NULL.
1098,linea_id,ID 8 no existe en lineas. Convertido a NULL.
1099,Id_cliente,ID 1098 no existe en clients. Convertido a NULL.
1099,linea_id,ID 8 no existe en lineas. Convertido a NULL.
1100,Id_cliente,ID 1099 no existe en clients. Convertido a NULL.
1101,Id_cliente,ID 1100 no existe en clients. Convertido a NULL.
1101,linea_id,ID 8 no existe en lineas. Convertido a NULL.
1102,Id_cliente,ID 1101 no existe en clients. Convertido a NULL.
1102,linea_id,ID 8 no existe en lineas. Convertido a NULL.
1103,Id_cliente,ID 1102 no existe en clients. Convertido a NULL.
1103,linea_id,ID 3 no existe en lineas. Convertido a NULL.
1104,Id_cliente,ID 1103 no existe en clients. Convertido a NULL.
1104,linea_id,ID 8 no existe en lineas. Convertido a NULL.
1105,Id_cliente,ID 1104 no existe en clients. Convertido a NULL.
1105,linea_id,ID 8 no existe en lineas. Convertido a NULL.
1106,Id_cliente,ID 1105 no existe en clients. Convertido a NULL.
1106,linea_id,ID 8 no existe en lineas. Convertido a NULL.
1107,Id_cliente,ID 1106 no existe en clients. Convertido a NULL.
1107,linea_id,ID 8 no existe en lineas. Convertido a NULL.
1108,Id_cliente,ID 1107 no existe en clients. Convertido a NULL.
1108,linea_id,ID 8 no existe en lineas. Convertido a NULL.
1109,Id_cliente,ID 1108 no existe en clients. Convertido a NULL.
1109,linea_id,ID 8 no existe en lineas. Convertido a NULL.
1110,Id_cliente,ID 1109 no existe en clients. Convertido a NULL.
1110,linea_id,ID 8 no existe en lineas. Convertido a NULL.
1111,Id_cliente,ID 1110 no existe en clients. Convertido a NULL.
1111,linea_id,ID 8 no existe en lineas. Convertido a NULL.
1112,Id_cliente,ID 1111 no existe en clients. Convertido a NULL.
1112,linea_id,ID 8 no existe en lineas. Convertido a NULL.
1113,Id_cliente,ID 1112 no existe en clients. Convertido a NULL.
1113,linea_id,ID 8 no existe en lineas. Convertido a NULL.
1114,Id_cliente,ID 1113 no existe en clients. Convertido a NULL.
1114,linea_id,ID 8 no existe en lineas. Convertido a NULL.
1115,Id_cliente,ID 1114 no existe en clients. Convertido a NULL.
1115,linea_id,ID 8 no existe en lineas. Convertido a NULL.
1116,Id_cliente,ID 1115 no existe en clients. Convertido a NULL.
1116,linea_id,ID 8 no existe en lineas. Convertido a NULL.
1117,Id_cliente,ID 1116 no existe en clients. Convertido a NULL.
1117,linea_id,ID 8 no existe en lineas. Convertido a NULL.
1118,Id_cliente,ID 1117 no existe en clients. Convertido a NULL.
1118,linea_id,ID 8 no existe en lineas. Convertido a NULL.
1119,Id_cliente,ID 1118 no existe en clients. Convertido a NULL.
1120,Id_cliente,ID 1119 no existe en clients. Convertido a NULL.
1120,linea_id,ID 8 no existe en lineas. Convertido a NULL.
1121,Id_cliente,ID 1120 no existe en clients. Convertido a NULL.
1121,linea_id,ID 3 no existe en lineas. Convertido a NULL.
1122,Id_cliente,ID 1121 no existe en clients. Convertido a NULL.
1122,linea_id,ID 8 no existe en lineas. Convertido a NULL.
1123,Id_cliente,ID 1122 no existe en clients. Convertido a NULL.
1123,linea_id,ID 8 no existe en lineas. Convertido a NULL.
1124,Id_cliente,ID 1123 no existe en clients. Convertido a NULL.
1124,linea_id,ID 8 no existe en lineas. Convertido a NULL.
1125,Id_cliente,ID 1124 no existe en clients. Convertido a NULL.
1125,linea_id,ID 8 no existe en lineas. Convertido a NULL.
1126,Id_cliente,ID 1125 no existe en clients. Convertido a NULL.
1126,linea_id,ID 8 no existe en lineas. Convertido a NULL.
1127,Id_cliente,ID 1126 no existe en clients. Convertido a NULL.
1127,linea_id,ID 8 no existe en lineas. Convertido a NULL.
1128,Id_cliente,ID 1127 no existe en clients. Convertido a NULL.
1128,linea_id,ID 3 no existe en lineas. Convertido a NULL.
1129,Id_cliente,ID 1128 no existe en clients. Convertido a NULL.
1129,linea_id,ID 8 no existe en lineas. Convertido a NULL.
1130,Id_cliente,ID 1129 no existe en clients. Convertido a NULL.
1130,linea_id,ID 8 no existe en lineas. Convertido a NULL.
1131,Id_cliente,ID 1130 no existe en clients. Convertido a NULL.
1131,linea_id,ID 8 no existe en lineas. Convertido a NULL.
1132,Id_cliente,ID 1131 no existe en clients. Convertido a NULL.
1132,linea_id,ID 8 no existe en lineas. Convertido a NULL.
1133,Id_cliente,ID 1132 no existe en clients. Convertido a NULL.
1133,linea_id,ID 8 no existe en lineas. Convertido a NULL.
1134,Id_cliente,ID 1133 no existe en clients. Convertido a NULL.
1134,linea_id,ID 8 no existe en lineas. Convertido a NULL.
1135,Id_cliente,ID 1134 no existe en clients. Convertido a NULL.
1135,linea_id,ID 8 no existe en lineas. Convertido a NULL.
1136,Id_cliente,ID 1135 no existe en clients. Convertido a NULL.
1136,linea_id,ID 8 no existe en lineas. Convertido a NULL.
1137,Id_cliente,ID 1136 no existe en clients. Convertido a NULL.
1137,linea_id,ID 8 no existe en lineas. Convertido a NULL.
1138,Id_cliente,ID 1137 no existe en clients. Convertido a NULL.
1138,linea_id,ID 8 no existe en lineas. Convertido a NULL.
1139,Id_cliente,ID 1138 no existe en clients. Convertido a NULL.
1139,linea_id,ID 8 no existe en lineas. Convertido a NULL.
1140,Id_cliente,ID 1139 no existe en clients. Convertido a NULL.
1140,linea_id,ID 8 no existe en lineas. Convertido a NULL.
1141,Id_cliente,ID 1140 no existe en clients. Convertido a NULL.
1141,linea_id,ID 3 no existe en lineas. Convertido a NULL.
1142,Id_cliente,ID 1141 no existe en clients. Convertido a NULL.
1142,linea_id,ID 8 no existe en lineas. Convertido a NULL.
1143,Id_cliente,ID 1142 no existe en clients. Convertido a NULL.
1143,linea_id,ID 3 no existe en lineas. Convertido a NULL.
1144,Id_cliente,ID 1143 no existe en clients. Convertido a NULL.
1144,linea_id,ID 8 no existe en lineas. Convertido a NULL.
1145,Id_cliente,ID 1144 no existe en clients. Convertido a NULL.
1145,linea_id,ID 8 no existe en lineas. Convertido a NULL.
1146,Id_cliente,ID 1145 no existe en clients. Convertido a NULL.
1146,linea_id,ID 8 no existe en lineas. Convertido a NULL.
1147,Id_cliente,ID 1146 no existe en clients. Convertido a NULL.
1147,linea_id,ID 8 no existe en lineas. Convertido a NULL.
1148,Id_cliente,ID 1147 no existe en clients. Convertido a NULL.
1148,linea_id,ID 8 no existe en lineas. Convertido a NULL.
1149,Id_cliente,ID 1148 no existe en clients. Convertido a NULL.
1150,Id_cliente,ID 1149 no existe en clients. Convertido a NULL.
1150,linea_id,ID 8 no existe en lineas. Convertido a NULL.
1151,Id_cliente,ID 1150 no existe en clients. Convertido a NULL.
1151,linea_id,ID 8 no existe en lineas. Convertido a NULL.
1152,Id_cliente,ID 1151 no existe en clients. Convertido a NULL.
1152,linea_id,ID 8 no existe en lineas. Convertido a NULL.
1153,Id_cliente,ID 1152 no existe en clients. Convertido a NULL.
1153,linea_id,ID 8 no existe en lineas. Convertido a NULL.
1154,Id_cliente,ID 1153 no existe en clients. Convertido a NULL.
1154,linea_id,ID 8 no existe en lineas. Convertido a NULL.
1155,Id_cliente,ID 1154 no existe en clients. Convertido a NULL.
1155,linea_id,ID 8 no existe en lineas. Convertido a NULL.
1156,Id_cliente,ID 1155 no existe en clients. Convertido a NULL.
1156,linea_id,ID 8 no existe en lineas. Convertido a NULL.
1157,Id_cliente,ID 1156 no existe en clients. Convertido a NULL.
1157,linea_id,ID 8 no existe en lineas. Convertido a NULL.
1158,Id_cliente,ID 1157 no existe en clients. Convertido a NULL.
1158,linea_id,ID 8 no existe en lineas. Convertido a NULL.
1159,Id_cliente,ID 1158 no existe en clients. Convertido a NULL.
1159,linea_id,ID 8 no existe en lineas. Convertido a NULL.
1160,Id_cliente,ID 1159 no existe en clients. Convertido a NULL.
1160,linea_id,ID 8 no existe en lineas. Convertido a NULL.
1161,Id_cliente,ID 1160 no existe en clients. Convertido a NULL.
1161,linea_id,ID 8 no existe en lineas. Convertido a NULL.
1162,Id_cliente,ID 1161 no existe en clients. Convertido a NULL.
1162,linea_id,ID 8 no existe en lineas. Convertido a NULL.
1163,Id_cliente,ID 1162 no existe en clients. Convertido a NULL.
1163,linea_id,ID 8 no existe en lineas. Convertido a NULL.
1164,Id_cliente,ID 1163 no existe en clients. Convertido a NULL.
1164,linea_id,ID 8 no existe en lineas. Convertido a NULL.
1165,Id_cliente,ID 1164 no existe en clients. Convertido a NULL.
1165,linea_id,ID 8 no existe en lineas. Convertido a NULL.
1166,Id_cliente,ID 1165 no existe en clients. Convertido a NULL.
1166,linea_id,ID 8 no existe en lineas. Convertido a NULL.
1167,Id_cliente,ID 1166 no existe en clients. Convertido a NULL.
1168,Id_cliente,ID 1167 no existe en clients. Convertido a NULL.
1168,linea_id,ID 8 no existe en lineas. Convertido a NULL.
1169,Id_cliente,ID 1168 no existe en clients. Convertido a NULL.
1169,linea_id,ID 8 no existe en lineas. Convertido a NULL.
1170,Id_cliente,ID 1169 no existe en clients. Convertido a NULL.
1170,linea_id,ID 8 no existe en lineas. Convertido a NULL.
1171,Id_cliente,ID 1170 no existe en clients. Convertido a NULL.
1171,linea_id,ID 8 no existe en lineas. Convertido a NULL.
1172,Id_cliente,ID 1171 no existe en clients. Convertido a NULL.
1172,linea_id,ID 8 no existe en lineas. Convertido a NULL.
1173,Id_cliente,ID 1172 no existe en clients. Convertido a NULL.
1173,linea_id,ID 8 no existe en lineas. Convertido a NULL.
1174,Id_cliente,ID 1173 no existe en clients. Convertido a NULL.
1174,linea_id,ID 8 no existe en lineas. Convertido a NULL.
1175,Id_cliente,ID 1174 no existe en clients. Convertido a NULL.
1175,linea_id,ID 8 no existe en lineas. Convertido a NULL.
1176,Id_cliente,ID 1175 no existe en clients. Convertido a NULL.
1177,Id_cliente,ID 1176 no existe en clients. Convertido a NULL.
1177,linea_id,ID 8 no existe en lineas. Convertido a NULL.
1178,Id_cliente,ID 1177 no existe en clients. Convertido a NULL.
1178,linea_id,ID 8 no existe en lineas. Convertido a NULL.
1179,Id_cliente,ID 1178 no existe en clients. Convertido a NULL.
1179,linea_id,ID 8 no existe en lineas. Convertido a NULL.
1180,Id_cliente,ID 1179 no existe en clients. Convertido a NULL.
1180,linea_id,ID 8 no existe en lineas. Convertido a NULL.
1181,Id_cliente,ID 1180 no existe en clients. Convertido a NULL.
1181,linea_id,ID 8 no existe en lineas. Convertido a NULL.
1182,Id_cliente,ID 1181 no existe en clients. Convertido a NULL.
1182,linea_id,ID 8 no existe en lineas. Convertido a NULL.
1183,Id_cliente,ID 1182 no existe en clients. Convertido a NULL.
1184,Id_cliente,ID 1183 no existe en clients. Convertido a NULL.
1184,linea_id,ID 8 no existe en lineas. Convertido a NULL.
1185,Id_cliente,ID 1184 no existe en clients. Convertido a NULL.
1185,linea_id,ID 8 no existe en lineas. Convertido a NULL.
1186,Id_cliente,ID 1185 no existe en clients. Convertido a NULL.
1186,linea_id,ID 8 no existe en lineas. Convertido a NULL.
1187,Id_cliente,ID 1186 no existe en clients. Convertido a NULL.
1187,linea_id,ID 8 no existe en lineas. Convertido a NULL.
1188,Id_cliente,ID 1187 no existe en clients. Convertido a NULL.
1188,linea_id,ID 8 no existe en lineas. Convertido a NULL.
1189,Id_cliente,ID 1188 no existe en clients. Convertido a NULL.
1189,linea_id,ID 8 no existe en lineas. Convertido a NULL.
1190,Id_cliente,ID 1189 no existe en clients. Convertido a NULL.
1190,linea_id,ID 8 no existe en lineas. Convertido a NULL.
1191,Id_cliente,ID 1190 no existe en clients. Convertido a NULL.
1191,linea_id,ID 8 no existe en lineas. Convertido a NULL.
1192,Id_cliente,ID 1191 no existe en clients. Convertido a NULL.
1192,linea_id,ID 8 no existe en lineas. Convertido a NULL.
1193,Id_cliente,ID 1192 no existe en clients. Convertido a NULL.
1193,linea_id,ID 8 no existe en lineas. Convertido a NULL.
1194,Id_cliente,ID 1193 no existe en clients. Convertido a NULL.
1194,linea_id,ID 8 no existe en lineas. Convertido a NULL.
1195,Id_cliente,ID 1194 no existe en clients. Convertido a NULL.
1195,linea_id,ID 8 no existe en lineas. Convertido a NULL.
1196,Id_cliente,ID 1195 no existe en clients. Convertido a NULL.
1196,linea_id,ID 8 no existe en lineas. Convertido a NULL.
1197,Id_cliente,ID 1196 no existe en clients. Convertido a NULL.
1197,linea_id,ID 8 no existe en lineas. Convertido a NULL.
1198,Id_cliente,ID 1197 no existe en clients. Convertido a NULL.
1198,linea_id,ID 8 no existe en lineas. Convertido a NULL.
1199,Id_cliente,ID 1198 no existe en clients. Convertido a NULL.
1199,linea_id,ID 8 no existe en lineas. Convertido a NULL.
1200,Id_cliente,ID 1199 no existe en clients. Convertido a NULL.
1200,linea_id,ID 8 no existe en lineas. Convertido a NULL.
1201,Id_cliente,ID 1200 no existe en clients. Convertido a NULL.
1201,linea_id,ID 8 no existe en lineas. Convertido a NULL.
1202,Id_cliente,ID 1201 no existe en clients. Convertido a NULL.
1202,linea_id,ID 8 no existe en lineas. Convertido a NULL.
1203,Id_cliente,ID 1202 no existe en clients. Convertido a NULL.
1203,linea_id,ID 8 no existe en lineas. Convertido a NULL.
1204,Id_cliente,ID 1203 no existe en clients. Convertido a NULL.
1204,linea_id,ID 8 no existe en lineas. Convertido a NULL.
1205,Id_cliente,ID 1204 no existe en clients. Convertido a NULL.
1205,linea_id,ID 8 no existe en lineas. Convertido a NULL.
1206,Id_cliente,ID 1205 no existe en clients. Convertido a NULL.
1206,linea_id,ID 8 no existe en lineas. Convertido a NULL.
1207,Id_cliente,ID 1206 no existe en clients. Convertido a NULL.
1207,linea_id,ID 8 no existe en lineas. Convertido a NULL.
1208,Id_cliente,ID 1207 no existe en clients. Convertido a NULL.
1208,linea_id,ID 8 no existe en lineas. Convertido a NULL.
1209,Id_cliente,ID 1208 no existe en clients. Convertido a NULL.
1209,linea_id,ID 8 no existe en lineas. Convertido a NULL.
1210,Id_cliente,ID 1209 no existe en clients. Convertido a NULL.
1210,linea_id,ID 8 no existe en lineas. Convertido a NULL.
1211,Id_cliente,ID 1210 no existe en clients. Convertido a NULL.
1211,linea_id,ID 8 no existe en lineas. Convertido a NULL.
1212,Id_cliente,ID 1211 no existe en clients. Convertido a NULL.
1212,linea_id,ID 8 no existe en lineas. Convertido a NULL.
1213,Id_cliente,ID 1212 no existe en clients. Convertido a NULL.
1213,linea_id,ID 8 no existe en lineas. Convertido a NULL.
1214,Id_cliente,ID 1213 no existe en clients. Convertido a NULL.
1214,linea_id,ID 8 no existe en lineas. Convertido a NULL.
1215,Id_cliente,ID 1214 no existe en clients. Convertido a NULL.
1215,linea_id,ID 8 no existe en lineas. Convertido a NULL.
1216,Id_cliente,ID 1215 no existe en clients. Convertido a NULL.
1216,linea_id,ID 8 no existe en lineas. Convertido a NULL.
1217,Id_cliente,ID 1216 no existe en clients. Convertido a NULL.
1217,linea_id,ID 8 no existe en lineas. Convertido a NULL.
1218,Id_cliente,ID 1217 no existe en clients. Convertido a NULL.
1218,linea_id,ID 8 no existe en lineas. Convertido a NULL.
1219,Id_cliente,ID 1218 no existe en clients. Convertido a NULL.
1219,linea_id,ID 8 no existe en lineas. Convertido a NULL.
1220,Id_cliente,ID 1219 no existe en clients. Convertido a NULL.
1220,linea_id,ID 8 no existe en lineas. Convertido a NULL.
1221,Id_cliente,ID 1220 no existe en clients. Convertido a NULL.
1221,linea_id,ID 8 no existe en lineas. Convertido a NULL.
1222,Id_cliente,ID 1221 no existe en clients. Convertido a NULL.
1222,linea_id,ID 8 no existe en lineas. Convertido a NULL.
1223,Id_cliente,ID 1222 no existe en clients. Convertido a NULL.
1223,linea_id,ID 8 no existe en lineas. Convertido a NULL.
1224,Id_cliente,ID 1223 no existe en clients. Convertido a NULL.
1225,Id_cliente,ID 1224 no existe en clients. Convertido a NULL.
1225,linea_id,ID 8 no existe en lineas. Convertido a NULL.
1226,Id_cliente,ID 1225 no existe en clients. Convertido a NULL.
1226,linea_id,ID 8 no existe en lineas. Convertido a NULL.
1227,Id_cliente,ID 1226 no existe en clients. Convertido a NULL.
1227,linea_id,ID 8 no existe en lineas. Convertido a NULL.
1228,Id_cliente,ID 1227 no existe en clients. Convertido a NULL.
1228,linea_id,ID 8 no existe en lineas. Convertido a NULL.
1229,Id_cliente,ID 1228 no existe en clients. Convertido a NULL.
1229,linea_id,ID 8 no existe en lineas. Convertido a NULL.
1230,Id_cliente,ID 1229 no existe en clients. Convertido a NULL.
1230,linea_id,ID 8 no existe en lineas. Convertido a NULL.
1231,Id_cliente,ID 1230 no existe en clients. Convertido a NULL.
1231,linea_id,ID 8 no existe en lineas. Convertido a NULL.
1232,Id_cliente,ID 1231 no existe en clients. Convertido a NULL.
1232,linea_id,ID 8 no existe en lineas. Convertido a NULL.
1233,Id_cliente,ID 1232 no existe en clients. Convertido a NULL.
1233,linea_id,ID 8 no existe en lineas. Convertido a NULL.
1234,Id_cliente,ID 1233 no existe en clients. Convertido a NULL.
1234,linea_id,ID 8 no existe en lineas. Convertido a NULL.
1235,Id_cliente,ID 1234 no existe en clients. Convertido a NULL.
1235,linea_id,ID 8 no existe en lineas. Convertido a NULL.
1236,Id_cliente,ID 1235 no existe en clients. Convertido a NULL.
1236,linea_id,ID 8 no existe en lineas. Convertido a NULL.
1237,Id_cliente,ID 1236 no existe en clients. Convertido a NULL.
1237,linea_id,ID 8 no existe en lineas. Convertido a NULL.
1238,Id_cliente,ID 1237 no existe en clients. Convertido a NULL.
1239,Id_cliente,ID 1238 no existe en clients. Convertido a NULL.
1239,linea_id,ID 8 no existe en lineas. Convertido a NULL.
1240,Id_cliente,ID 1239 no existe en clients. Convertido a NULL.
1240,linea_id,ID 8 no existe en lineas. Convertido a NULL.
1241,Id_cliente,ID 1240 no existe en clients. Convertido a NULL.
1241,linea_id,ID 8 no existe en lineas. Convertido a NULL.
1242,Id_cliente,ID 1241 no existe en clients. Convertido a NULL.
1242,linea_id,ID 8 no existe en lineas. Convertido a NULL.
1243,Id_cliente,ID 1242 no existe en clients. Convertido a NULL.
1243,linea_id,ID 8 no existe en lineas. Convertido a NULL.
1244,Id_cliente,ID 1243 no existe en clients. Convertido a NULL.
1244,linea_id,ID 8 no existe en lineas. Convertido a NULL.
1245,Id_cliente,ID 1244 no existe en clients. Convertido a NULL.
1245,linea_id,ID 8 no existe en lineas. Convertido a NULL.
1246,Id_cliente,ID 1245 no existe en clients. Convertido a NULL.
1246,linea_id,ID 8 no existe en lineas. Convertido a NULL.
1247,Id_cliente,ID 1246 no existe en clients. Convertido a NULL.
1247,linea_id,ID 8 no existe en lineas. Convertido a NULL.
1248,Id_cliente,ID 1247 no existe en clients. Convertido a NULL.
1248,linea_id,ID 8 no existe en lineas. Convertido a NULL.
1249,Id_cliente,ID 1248 no existe en clients. Convertido a NULL.
1249,linea_id,ID 8 no existe en lineas. Convertido a NULL.
1250,Id_cliente,ID 1249 no existe en clients. Convertido a NULL.
1250,linea_id,ID 8 no existe en lineas. Convertido a NULL.
1251,Id_cliente,ID 1250 no existe en clients. Convertido a NULL.
1251,linea_id,ID 8 no existe en lineas. Convertido a NULL.
1252,Id_cliente,ID 1251 no existe en clients. Convertido a NULL.
1252,linea_id,ID 8 no existe en lineas. Convertido a NULL.
1253,Id_cliente,ID 1252 no existe en clients. Convertido a NULL.
1253,linea_id,ID 8 no existe en lineas. Convertido a NULL.
1254,Id_cliente,ID 1253 no existe en clients. Convertido a NULL.
1254,linea_id,ID 8 no existe en lineas. Convertido a NULL.
1255,Id_cliente,ID 1254 no existe en clients. Convertido a NULL.
1255,linea_id,ID 8 no existe en lineas. Convertido a NULL.
1256,Id_cliente,ID 1255 no existe en clients. Convertido a NULL.
1256,linea_id,ID 8 no existe en lineas. Convertido a NULL.
1257,Id_cliente,ID 1256 no existe en clients. Convertido a NULL.
1257,linea_id,ID 8 no existe en lineas. Convertido a NULL.
1258,Id_cliente,ID 1257 no existe en clients. Convertido a NULL.
1258,linea_id,ID 8 no existe en lineas. Convertido a NULL.
1259,Id_cliente,ID 1258 no existe en clients. Convertido a NULL.
1259,linea_id,ID 8 no existe en lineas. Convertido a NULL.
1260,Id_cliente,ID 1259 no existe en clients. Convertido a NULL.
1260,linea_id,ID 8 no existe en lineas. Convertido a NULL.
1261,Id_cliente,ID 1260 no existe en clients. Convertido a NULL.
1261,linea_id,ID 8 no existe en lineas. Convertido a NULL.
1262,Id_cliente,ID 1261 no existe en clients. Convertido a NULL.
1262,linea_id,ID 8 no existe en lineas. Convertido a NULL.
1263,Id_cliente,ID 1262 no existe en clients. Convertido a NULL.
1263,linea_id,ID 8 no existe en lineas. Convertido a NULL.
1264,Id_cliente,ID 1263 no existe en clients. Convertido a NULL.
1264,linea_id,ID 9 no existe en lineas. Convertido a NULL.
1265,Id_cliente,ID 1264 no existe en clients. Convertido a NULL.
1265,linea_id,ID 8 no existe en lineas. Convertido a NULL.
1266,Id_cliente,ID 1265 no existe en clients. Convertido a NULL.
1267,Id_cliente,ID 1266 no existe en clients. Convertido a NULL.
1268,Id_cliente,ID 1267 no existe en clients. Convertido a NULL.
1269,Id_cliente,ID 1268 no existe en clients. Convertido a NULL.
1270,Id_cliente,ID 1269 no existe en clients. Convertido a NULL.
1271,Id_cliente,ID 1270 no existe en clients. Convertido a NULL.
1272,Id_cliente,ID 1271 no existe en clients. Convertido a NULL.
1272,linea_id,ID 3 no existe en lineas. Convertido a NULL.
1273,Id_cliente,ID 1272 no existe en clients. Convertido a NULL.
1274,Id_cliente,ID 1273 no existe en clients. Convertido a NULL.
1275,Id_cliente,ID 1274 no existe en clients. Convertido a NULL.
1276,Id_cliente,ID 1275 no existe en clients. Convertido a NULL.
1277,Id_cliente,ID 1276 no existe en clients. Convertido a NULL.
1278,Id_cliente,ID 1277 no existe en clients. Convertido a NULL.
1279,Id_cliente,ID 1278 no existe en clients. Convertido a NULL.
1280,Id_cliente,ID 1279 no existe en clients. Convertido a NULL.
1281,Id_cliente,ID 1280 no existe en clients. Convertido a NULL.
1282,Id_cliente,ID 1281 no existe en clients. Convertido a NULL.
1283,Id_cliente,ID 1282 no existe en clients. Convertido a NULL.
1284,Id_cliente,ID 1283 no existe en clients. Convertido a NULL.
1285,Id_cliente,ID 1284 no existe en clients. Convertido a NULL.
1286,Id_cliente,ID 1285 no existe en clients. Convertido a NULL.
1287,Id_cliente,ID 1286 no existe en clients. Convertido a NULL.
1288,Id_cliente,ID 1287 no existe en clients. Convertido a NULL.
1289,Id_cliente,ID 1288 no existe en clients. Convertido a NULL.
1290,Id_cliente,ID 1289 no existe en clients. Convertido a NULL.
1291,Id_cliente,ID 1290 no existe en clients. Convertido a NULL.
1292,Id_cliente,ID 1291 no existe en clients. Convertido a NULL.
1293,Id_cliente,ID 1292 no existe en clients. Convertido a NULL.
1294,Id_cliente,ID 1293 no existe en clients. Convertido a NULL.
1295,Id_cliente,ID 1294 no existe en clients. Convertido a NULL.
1296,Id_cliente,ID 1295 no existe en clients. Convertido a NULL.
1297,Id_cliente,ID 1296 no existe en clients. Convertido a NULL.
1298,Id_cliente,ID 1297 no existe en clients. Convertido a NULL.
1299,Id_cliente,ID 1298 no existe en clients. Convertido a NULL.
1300,Id_cliente,ID 1299 no existe en clients. Convertido a NULL.
1301,Id_cliente,ID 1300 no existe en clients. Convertido a NULL.
1302,Id_cliente,ID 1301 no existe en clients. Convertido a NULL.
1303,Id_cliente,ID 1302 no existe en clients. Convertido a NULL.
1304,Id_cliente,ID 1303 no existe en clients. Convertido a NULL.
1305,Id_cliente,ID 1304 no existe en clients. Convertido a NULL.
1306,Id_cliente,ID 1305 no existe en clients. Convertido a NULL.
1307,Id_cliente,ID 1306 no existe en clients. Convertido a NULL.
1308,Id_cliente,ID 1307 no existe en clients. Convertido a NULL.
1309,Id_cliente,ID 1308 no existe en clients. Convertido a NULL.
1310,Id_cliente,ID 1309 no existe en clients. Convertido a NULL.
1311,Id_cliente,ID 1310 no existe en clients. Convertido a NULL.
1312,Id_cliente,ID 1311 no existe en clients. Convertido a NULL.
1313,Id_cliente,ID 1312 no existe en clients. Convertido a NULL.
1314,Id_cliente,ID 1313 no existe en clients. Convertido a NULL.
1315,Id_cliente,ID 1314 no existe en clients. Convertido a NULL.
1316,Id_cliente,ID 1315 no existe en clients. Convertido a NULL.
1317,Id_cliente,ID 1316 no existe en clients. Convertido a NULL.
1318,Id_cliente,ID 1317 no existe en clients. Convertido a NULL.
1319,Id_cliente,ID 1318 no existe en clients. Convertido a NULL.
1320,Id_cliente,ID 1319 no existe en clients. Convertido a NULL.
1321,Id_cliente,ID 1320 no existe en clients. Convertido a NULL.
1322,Id_cliente,ID 1321 no existe en clients. Convertido a NULL.
1323,Id_cliente,ID 1322 no existe en clients. Convertido a NULL.
1324,Id_cliente,ID 1323 no existe en clients. Convertido a NULL.
1325,Id_cliente,ID 1324 no existe en clients. Convertido a NULL.
1326,Id_cliente,ID 1325 no existe en clients. Convertido a NULL.
1327,Id_cliente,ID 1326 no existe en clients. Convertido a NULL.
1328,Id_cliente,ID 1327 no existe en clients. Convertido a NULL.
1329,Id_cliente,ID 1328 no existe en clients. Convertido a NULL.
1330,Id_cliente,ID 1329 no existe en clients. Convertido a NULL.
1331,Id_cliente,ID 1330 no existe en clients. Convertido a NULL.
1332,Id_cliente,ID 1331 no existe en clients. Convertido a NULL.
1333,Id_cliente,ID 1332 no existe en clients. Convertido a NULL.
1334,Id_cliente,ID 1333 no existe en clients. Convertido a NULL.
1334,linea_id,ID 3 no existe en lineas. Convertido a NULL.
1335,Id_cliente,ID 1334 no existe en clients. Convertido a NULL.
1336,Id_cliente,ID 1335 no existe en clients. Convertido a NULL.
1337,Id_cliente,ID 1336 no existe en clients. Convertido a NULL.
1338,Id_cliente,ID 1337 no existe en clients. Convertido a NULL.
1339,Id_cliente,ID 1338 no existe en clients. Convertido a NULL.
1340,Id_cliente,ID 1339 no existe en clients. Convertido a NULL.
1341,Id_cliente,ID 1340 no existe en clients. Convertido a NULL.
1342,Id_cliente,ID 1341 no existe en clients. Convertido a NULL.
1342,linea_id,ID 3 no existe en lineas. Convertido a NULL.
1343,Id_cliente,ID 1342 no existe en clients. Convertido a NULL.
1344,Id_cliente,ID 1343 no existe en clients. Convertido a NULL.
1345,Id_cliente,ID 1344 no existe en clients. Convertido a NULL.
1346,Id_cliente,ID 1345 no existe en clients. Convertido a NULL.
1347,Id_cliente,ID 1346 no existe en clients. Convertido a NULL.
1348,Id_cliente,ID 1347 no existe en clients. Convertido a NULL.
1349,Id_cliente,ID 1348 no existe en clients. Convertido a NULL.
1350,Id_cliente,ID 1349 no existe en clients. Convertido a NULL.
1351,Id_cliente,ID 1350 no existe en clients. Convertido a NULL.
1352,Id_cliente,ID 1351 no existe en clients. Convertido a NULL.
1353,Id_cliente,ID 1352 no existe en clients. Convertido a NULL.
1354,Id_cliente,ID 1353 no existe en clients. Convertido a NULL.
1355,Id_cliente,ID 1354 no existe en clients. Convertido a NULL.
1356,Id_cliente,ID 1355 no existe en clients. Convertido a NULL.
1357,Id_cliente,ID 1356 no existe en clients. Convertido a NULL.
1358,Id_cliente,ID 1357 no existe en clients. Convertido a NULL.
1359,Id_cliente,ID 1358 no existe en clients. Convertido a NULL.
1360,Id_cliente,ID 1359 no existe en clients. Convertido a NULL.
1361,Id_cliente,ID 1360 no existe en clients. Convertido a NULL.
1362,Id_cliente,ID 1361 no existe en clients. Convertido a NULL.
1363,Id_cliente,ID 1362 no existe en clients. Convertido a NULL.
1364,Id_cliente,ID 1363 no existe en clients. Convertido a NULL.
1365,Id_cliente,ID 1364 no existe en clients. Convertido a NULL.
1366,Id_cliente,ID 1365 no existe en clients. Convertido a NULL.
1367,Id_cliente,ID 1366 no existe en clients. Convertido a NULL.
1368,Id_cliente,ID 1367 no existe en clients. Convertido a NULL.
1369,Id_cliente,ID 1368 no existe en clients. Convertido a NULL.
1370,Id_cliente,ID 1369 no existe en clients. Convertido a NULL.
1371,Id_cliente,ID 1370 no existe en clients. Convertido a NULL.
1372,Id_cliente,ID 1371 no existe en clients. Convertido a NULL.
1373,Id_cliente,ID 1372 no existe en clients. Convertido a NULL.
1374,Id_cliente,ID 1373 no existe en clients. Convertido a NULL.
1375,Id_cliente,ID 1374 no existe en clients. Convertido a NULL.
1376,Id_cliente,ID 1375 no existe en clients. Convertido a NULL.
1377,Id_cliente,ID 1376 no existe en clients. Convertido a NULL.
1378,Id_cliente,ID 1377 no existe en clients. Convertido a NULL.
1379,Id_cliente,ID 1378 no existe en clients. Convertido a NULL.
1380,Id_cliente,ID 1379 no existe en clients. Convertido a NULL.
1381,Id_cliente,ID 1380 no existe en clients. Convertido a NULL.
1382,Id_cliente,ID 1381 no existe en clients. Convertido a NULL.
1383,Id_cliente,ID 1382 no existe en clients. Convertido a NULL.
1384,Id_cliente,ID 1383 no existe en clients. Convertido a NULL.
1385,Id_cliente,ID 1384 no existe en clients. Convertido a NULL.
1386,Id_cliente,ID 1385 no existe en clients. Convertido a NULL.
1387,Id_cliente,ID 1386 no existe en clients. Convertido a NULL.
1388,Id_cliente,ID 1387 no existe en clients. Convertido a NULL.
1389,Id_cliente,ID 1388 no existe en clients. Convertido a NULL.
1390,Id_cliente,ID 1389 no existe en clients. Convertido a NULL.
1391,Id_cliente,ID 1390 no existe en clients. Convertido a NULL.
1392,Id_cliente,ID 1391 no existe en clients. Convertido a NULL.
1393,Id_cliente,ID 1392 no existe en clients. Convertido a NULL.
1394,Id_cliente,ID 1393 no existe en clients. Convertido a NULL.
1395,Id_cliente,ID 1394 no existe en clients. Convertido a NULL.
1396,Id_cliente,ID 1395 no existe en clients. Convertido a NULL.
1397,Id_cliente,ID 1396 no existe en clients. Convertido a NULL.
1398,Id_cliente,ID 1397 no existe en clients. Convertido a NULL.
1399,Id_cliente,ID 1398 no existe en clients. Convertido a NULL.
1400,Id_cliente,ID 1399 no existe en clients. Convertido a NULL.
1401,Id_cliente,ID 1400 no existe en clients. Convertido a NULL.
1402,Id_cliente,ID 1401 no existe en clients. Convertido a NULL.
1403,Id_cliente,ID 1402 no existe en clients. Convertido a NULL.
1404,Id_cliente,ID 1403 no existe en clients. Convertido a NULL.
1405,Id_cliente,ID 1404 no existe en clients. Convertido a NULL.
1406,Id_cliente,ID 1405 no existe en clients. Convertido a NULL.
1407,Id_cliente,ID 1406 no existe en clients. Convertido a NULL.
1408,Id_cliente,ID 1407 no existe en clients. Convertido a NULL.
1409,Id_cliente,ID 1408 no existe en clients. Convertido a NULL.
1410,Id_cliente,ID 1409 no existe en clients. Convertido a NULL.
1411,Id_cliente,ID 1410 no existe en clients. Convertido a NULL.
1412,Id_cliente,ID 1411 no existe en clients. Convertido a NULL.
1413,Id_cliente,ID 1412 no existe en clients. Convertido a NULL.
1414,Id_cliente,ID 1413 no existe en clients. Convertido a NULL.
1415,Id_cliente,ID 1414 no existe en clients. Convertido a NULL.
1416,Id_cliente,ID 1415 no existe en clients. Convertido a NULL.
1417,Id_cliente,ID 1416 no existe en clients. Convertido a NULL.
1418,Id_cliente,ID 1417 no existe en clients. Convertido a NULL.
1419,Id_cliente,ID 1418 no existe en clients. Convertido a NULL.
1420,Id_cliente,ID 1419 no existe en clients. Convertido a NULL.
1421,Id_cliente,ID 1420 no existe en clients. Convertido a NULL.
1422,Id_cliente,ID 1421 no existe en clients. Convertido a NULL.
1423,Id_cliente,ID 1422 no existe en clients. Convertido a NULL.
1424,Id_cliente,ID 1423 no existe en clients. Convertido a NULL.
1425,Id_cliente,ID 1424 no existe en clients. Convertido a NULL.
1426,Id_cliente,ID 1425 no existe en clients. Convertido a NULL.
1427,Id_cliente,ID 1426 no existe en clients. Convertido a NULL.
1428,Id_cliente,ID 1427 no existe en clients. Convertido a NULL.
1429,Id_cliente,ID 1428 no existe en clients. Convertido a NULL.
1430,Id_cliente,ID 1429 no existe en clients. Convertido a NULL.
1431,Id_cliente,ID 1430 no existe en clients. Convertido a NULL.
1432,Id_cliente,ID 1431 no existe en clients. Convertido a NULL.
1433,Id_cliente,ID 1432 no existe en clients. Convertido a NULL.
1434,Id_cliente,ID 1433 no existe en clients. Convertido a NULL.
1435,Id_cliente,ID 1434 no existe en clients. Convertido a NULL.
1436,Id_cliente,ID 1435 no existe en clients. Convertido a NULL.
1437,Id_cliente,ID 1436 no existe en clients. Convertido a NULL.
1437,seguro,Decimal inválido. Convertido a NULL (nullable).
1438,Id_cliente,ID 1437 no existe en clients. Convertido a NULL.
1439,Id_cliente,ID 1438 no existe en clients. Convertido a NULL.
1440,Id_cliente,ID 1439 no existe en clients. Convertido a NULL.
1441,Id_cliente,ID 1440 no existe en clients. Convertido a NULL.
1442,Id_cliente,ID 1441 no existe en clients. Convertido a NULL.
1443,Id_cliente,ID 1442 no existe en clients. Convertido a NULL.
1444,Id_cliente,ID 1443 no existe en clients. Convertido a NULL.
1445,Id_cliente,ID 1444 no existe en clients. Convertido a NULL.
1446,Id_cliente,ID 1445 no existe en clients. Convertido a NULL.
1447,Id_cliente,ID 1446 no existe en clients. Convertido a NULL.
1448,Id_cliente,ID 1447 no existe en clients. Convertido a NULL.
1449,Id_cliente,ID 1448 no existe en clients. Convertido a NULL.
1450,Id_cliente,ID 1449 no existe en clients. Convertido a NULL.
1451,Id_cliente,ID 1450 no existe en clients. Convertido a NULL.
1452,Id_cliente,ID 1451 no existe en clients. Convertido a NULL.
1453,Id_cliente,ID 1452 no existe en clients. Convertido a NULL.
1454,Id_cliente,ID 1453 no existe en clients. Convertido a NULL.
1455,Id_cliente,ID 1454 no existe en clients. Convertido a NULL.
1456,Id_cliente,ID 1455 no existe en clients. Convertido a NULL.
1457,Id_cliente,ID 1456 no existe en clients. Convertido a NULL.
1458,Id_cliente,ID 1457 no existe en clients. Convertido a NULL.
1459,Id_cliente,ID 1458 no existe en clients. Convertido a NULL.
1460,Id_cliente,ID 1459 no existe en clients. Convertido a NULL.
1461,Id_cliente,ID 1460 no existe en clients. Convertido a NULL.
1462,Id_cliente,ID 1461 no existe en clients. Convertido a NULL.
1463,Id_cliente,ID 1462 no existe en clients. Convertido a NULL.
1464,Id_cliente,ID 1463 no existe en clients. Convertido a NULL.
1465,Id_cliente,ID 1464 no existe en clients. Convertido a NULL.
1466,Id_cliente,ID 1465 no existe en clients. Convertido a NULL.
1467,Id_cliente,ID 1466 no existe en clients. Convertido a NULL.
1468,Id_cliente,ID 1467 no existe en clients. Convertido a NULL.
1469,Id_cliente,ID 1468 no existe en clients. Convertido a NULL.
1470,Id_cliente,ID 1469 no existe en clients. Convertido a NULL.
1471,Id_cliente,ID 1470 no existe en clients. Convertido a NULL.
1472,Id_cliente,ID 1471 no existe en clients. Convertido a NULL.
1473,Id_cliente,ID 1472 no existe en clients. Convertido a NULL.
1474,Id_cliente,ID 1473 no existe en clients. Convertido a NULL.
1475,Id_cliente,ID 1474 no existe en clients. Convertido a NULL.
1476,Id_cliente,ID 1475 no existe en clients. Convertido a NULL.
1477,Id_cliente,ID 1476 no existe en clients. Convertido a NULL.
1478,Id_cliente,ID 1477 no existe en clients. Convertido a NULL.
1479,Id_cliente,ID 1478 no existe en clients. Convertido a NULL.
1480,Id_cliente,ID 1479 no existe en clients. Convertido a NULL.
1480,linea_id,ID 3 no existe en lineas. Convertido a NULL.
1481,Id_cliente,ID 1480 no existe en clients. Convertido a NULL.
1482,Id_cliente,ID 1481 no existe en clients. Convertido a NULL.
1483,Id_cliente,ID 1482 no existe en clients. Convertido a NULL.
1484,Id_cliente,ID 1483 no existe en clients. Convertido a NULL.
1485,Id_cliente,ID 1484 no existe en clients. Convertido a NULL.
1486,Id_cliente,ID 1485 no existe en clients. Convertido a NULL.
1486,linea_id,ID 3 no existe en lineas. Convertido a NULL.
1487,Id_cliente,ID 1486 no existe en clients. Convertido a NULL.
1488,Id_cliente,ID 1487 no existe en clients. Convertido a NULL.
1489,Id_cliente,ID 1488 no existe en clients. Convertido a NULL.
1490,Id_cliente,ID 1489 no existe en clients. Convertido a NULL.
1491,Id_cliente,ID 1490 no existe en clients. Convertido a NULL.
1492,Id_cliente,ID 1491 no existe en clients. Convertido a NULL.
1493,Id_cliente,ID 1492 no existe en clients. Convertido a NULL.
1494,Id_cliente,ID 1493 no existe en clients. Convertido a NULL.
1495,Id_cliente,ID 1494 no existe en clients. Convertido a NULL.
1496,Id_cliente,ID 1495 no existe en clients. Convertido a NULL.
1497,Id_cliente,ID 1496 no existe en clients. Convertido a NULL.
1498,Id_cliente,ID 1497 no existe en clients. Convertido a NULL.
1499,Id_cliente,ID 1498 no existe en clients. Convertido a NULL.
1500,Id_cliente,ID 1499 no existe en clients. Convertido a NULL.
1501,Id_cliente,ID 1500 no existe en clients. Convertido a NULL.
1502,Id_cliente,ID 1501 no existe en clients. Convertido a NULL.
1502,linea_id,ID 18 no existe en lineas. Convertido a NULL.
1503,Id_cliente,ID 1502 no existe en clients. Convertido a NULL.
1503,linea_id,ID 18 no existe en lineas. Convertido a NULL.
1504,Id_cliente,ID 1503 no existe en clients. Convertido a NULL.
1504,linea_id,ID 18 no existe en lineas. Convertido a NULL.
1505,Id_cliente,ID 1504 no existe en clients. Convertido a NULL.
1506,Id_cliente,ID 1505 no existe en clients. Convertido a NULL.
1506,linea_id,ID 3 no existe en lineas. Convertido a NULL.
1507,Id_cliente,ID 1506 no existe en clients. Convertido a NULL.
1507,linea_id,ID 18 no existe en lineas. Convertido a NULL.
1508,Id_cliente,ID 1507 no existe en clients. Convertido a NULL.
1508,linea_id,ID 3 no existe en lineas. Convertido a NULL.
1509,Id_cliente,ID 1508 no existe en clients. Convertido a NULL.
1509,linea_id,ID 18 no existe en lineas. Convertido a NULL.
1510,Id_cliente,ID 1509 no existe en clients. Convertido a NULL.
1510,linea_id,ID 18 no existe en lineas. Convertido a NULL.
1511,Id_cliente,ID 1510 no existe en clients. Convertido a NULL.
1511,linea_id,ID 18 no existe en lineas. Convertido a NULL.
1512,Id_cliente,ID 1511 no existe en clients. Convertido a NULL.
1512,linea_id,ID 18 no existe en lineas. Convertido a NULL.
1513,Id_cliente,ID 1512 no existe en clients. Convertido a NULL.
1513,linea_id,ID 8 no existe en lineas. Convertido a NULL.
1514,Id_cliente,ID 1513 no existe en clients. Convertido a NULL.
1514,linea_id,ID 19 no existe en lineas. Convertido a NULL.
1515,Id_cliente,ID 1514 no existe en clients. Convertido a NULL.
1515,linea_id,ID 19 no existe en lineas. Convertido a NULL.
1516,Id_cliente,ID 1515 no existe en clients. Convertido a NULL.
1516,linea_id,ID 19 no existe en lineas. Convertido a NULL.
1517,Id_cliente,ID 1516 no existe en clients. Convertido a NULL.
1517,linea_id,ID 19 no existe en lineas. Convertido a NULL.
1518,Id_cliente,ID 1517 no existe en clients. Convertido a NULL.
1518,linea_id,ID 19 no existe en lineas. Convertido a NULL.
1519,Id_cliente,ID 1518 no existe en clients. Convertido a NULL.
1519,linea_id,ID 19 no existe en lineas. Convertido a NULL.
1520,Id_cliente,ID 1519 no existe en clients. Convertido a NULL.
1520,linea_id,ID 20 no existe en lineas. Convertido a NULL.
1521,Id_cliente,ID 1520 no existe en clients. Convertido a NULL.
1521,linea_id,ID 9 no existe en lineas. Convertido a NULL.
1522,Id_cliente,ID 1521 no existe en clients. Convertido a NULL.
1522,linea_id,ID 9 no existe en lineas. Convertido a NULL.
1523,Id_cliente,ID 1522 no existe en clients. Convertido a NULL.
1523,linea_id,ID 9 no existe en lineas. Convertido a NULL.
1524,Id_cliente,ID 1523 no existe en clients. Convertido a NULL.
1524,linea_id,ID 9 no existe en lineas. Convertido a NULL.
1525,Id_cliente,ID 1524 no existe en clients. Convertido a NULL.
1525,linea_id,ID 9 no existe en lineas. Convertido a NULL.
1526,Id_cliente,ID 1525 no existe en clients. Convertido a NULL.
1526,linea_id,ID 9 no existe en lineas. Convertido a NULL.
1527,Id_cliente,ID 1526 no existe en clients. Convertido a NULL.
1527,linea_id,ID 9 no existe en lineas. Convertido a NULL.
1528,Id_cliente,ID 1527 no existe en clients. Convertido a NULL.
1528,linea_id,ID 8 no existe en lineas. Convertido a NULL.
1529,Id_cliente,ID 1528 no existe en clients. Convertido a NULL.
1529,linea_id,ID 8 no existe en lineas. Convertido a NULL.
1530,Id_cliente,ID 1529 no existe en clients. Convertido a NULL.
1530,linea_id,ID 8 no existe en lineas. Convertido a NULL.
1531,Id_cliente,ID 1530 no existe en clients. Convertido a NULL.
1531,linea_id,ID 8 no existe en lineas. Convertido a NULL.
1532,Id_cliente,ID 1531 no existe en clients. Convertido a NULL.
1532,linea_id,ID 8 no existe en lineas. Convertido a NULL.
1533,Id_cliente,ID 1532 no existe en clients. Convertido a NULL.
1533,linea_id,ID 8 no existe en lineas. Convertido a NULL.
1534,Id_cliente,ID 1533 no existe en clients. Convertido a NULL.
1534,linea_id,ID 8 no existe en lineas. Convertido a NULL.
1535,Id_cliente,ID 1534 no existe en clients. Convertido a NULL.
1535,linea_id,ID 8 no existe en lineas. Convertido a NULL.
1536,Id_cliente,ID 1535 no existe en clients. Convertido a NULL.
1537,Id_cliente,ID 1536 no existe en clients. Convertido a NULL.
1537,linea_id,ID 8 no existe en lineas. Convertido a NULL.
1538,Id_cliente,ID 1537 no existe en clients. Convertido a NULL.
1538,linea_id,ID 3 no existe en lineas. Convertido a NULL.
1539,Id_cliente,ID 1538 no existe en clients. Convertido a NULL.
1539,linea_id,ID 3 no existe en lineas. Convertido a NULL.
1540,Id_cliente,ID 1539 no existe en clients. Convertido a NULL.
1540,linea_id,ID 3 no existe en lineas. Convertido a NULL.
1541,Id_cliente,ID 1540 no existe en clients. Convertido a NULL.
1541,linea_id,ID 3 no existe en lineas. Convertido a NULL.
1542,Id_cliente,ID 1541 no existe en clients. Convertido a NULL.
1542,linea_id,ID 3 no existe en lineas. Convertido a NULL.
1543,Id_cliente,ID 1542 no existe en clients. Convertido a NULL.
1543,linea_id,ID 3 no existe en lineas. Convertido a NULL.
1544,Id_cliente,ID 1543 no existe en clients. Convertido a NULL.
1544,linea_id,ID 3 no existe en lineas. Convertido a NULL.
1545,Id_cliente,ID 1544 no existe en clients. Convertido a NULL.
1545,linea_id,ID 3 no existe en lineas. Convertido a NULL.
1546,Id_cliente,ID 1545 no existe en clients. Convertido a NULL.
1546,linea_id,ID 3 no existe en lineas. Convertido a NULL.
1547,Id_cliente,ID 1546 no existe en clients. Convertido a NULL.
1547,linea_id,ID 3 no existe en lineas. Convertido a NULL.
1548,Id_cliente,ID 1547 no existe en clients. Convertido a NULL.
1549,Id_cliente,ID 1548 no existe en clients. Convertido a NULL.
1549,linea_id,ID 9 no existe en lineas. Convertido a NULL.
1550,Id_cliente,ID 1549 no existe en clients. Convertido a NULL.
1551,Id_cliente,ID 1550 no existe en clients. Convertido a NULL.
1551,linea_id,ID 9 no existe en lineas. Convertido a NULL.
1552,Id_cliente,ID 1551 no existe en clients. Convertido a NULL.
1552,linea_id,ID 9 no existe en lineas. Convertido a NULL.
1553,Id_cliente,ID 1552 no existe en clients. Convertido a NULL.
1553,linea_id,ID 9 no existe en lineas. Convertido a NULL.
1554,Id_cliente,ID 1553 no existe en clients. Convertido a NULL.
1554,linea_id,ID 9 no existe en lineas. Convertido a NULL.
1555,Id_cliente,ID 1554 no existe en clients. Convertido a NULL.
1555,linea_id,ID 9 no existe en lineas. Convertido a NULL.
1556,Id_cliente,ID 1555 no existe en clients. Convertido a NULL.
1556,linea_id,ID 9 no existe en lineas. Convertido a NULL.
1557,Id_cliente,ID 1556 no existe en clients. Convertido a NULL.
1557,linea_id,ID 9 no existe en lineas. Convertido a NULL.
1558,Id_cliente,ID 1557 no existe en clients. Convertido a NULL.
1558,linea_id,ID 9 no existe en lineas. Convertido a NULL.
1559,Id_cliente,ID 1558 no existe en clients. Convertido a NULL.
1559,linea_id,ID 9 no existe en lineas. Convertido a NULL.
1560,Id_cliente,ID 1559 no existe en clients. Convertido a NULL.
1560,linea_id,ID 9 no existe en lineas. Convertido a NULL.
1561,Id_cliente,ID 1560 no existe en clients. Convertido a NULL.
1561,linea_id,ID 9 no existe en lineas. Convertido a NULL.
1562,Id_cliente,ID 1561 no existe en clients. Convertido a NULL.
1562,linea_id,ID 9 no existe en lineas. Convertido a NULL.
1563,Id_cliente,ID 1562 no existe en clients. Convertido a NULL.
1563,linea_id,ID 9 no existe en lineas. Convertido a NULL.
1564,Id_cliente,ID 1563 no existe en clients. Convertido a NULL.
1564,linea_id,ID 9 no existe en lineas. Convertido a NULL.
1565,Id_cliente,ID 1564 no existe en clients. Convertido a NULL.
1565,linea_id,ID 9 no existe en lineas. Convertido a NULL.
1566,Id_cliente,ID 1565 no existe en clients. Convertido a NULL.
1566,linea_id,ID 9 no existe en lineas. Convertido a NULL.
1567,Id_cliente,ID 1566 no existe en clients. Convertido a NULL.
1567,linea_id,ID 8 no existe en lineas. Convertido a NULL.
1568,Id_cliente,ID 1567 no existe en clients. Convertido a NULL.
1568,linea_id,ID 8 no existe en lineas. Convertido a NULL.
1569,Id_cliente,ID 1568 no existe en clients. Convertido a NULL.
1569,linea_id,ID 8 no existe en lineas. Convertido a NULL.
1570,Id_cliente,ID 1569 no existe en clients. Convertido a NULL.
1570,linea_id,ID 8 no existe en lineas. Convertido a NULL.
1571,Id_cliente,ID 1570 no existe en clients. Convertido a NULL.
1571,linea_id,ID 8 no existe en lineas. Convertido a NULL.
1572,Id_cliente,ID 1571 no existe en clients. Convertido a NULL.
1572,linea_id,ID 3 no existe en lineas. Convertido a NULL.
1573,Id_cliente,ID 1572 no existe en clients. Convertido a NULL.
1573,linea_id,ID 3 no existe en lineas. Convertido a NULL.
1574,Id_cliente,ID 1573 no existe en clients. Convertido a NULL.
1574,linea_id,ID 3 no existe en lineas. Convertido a NULL.
1575,Id_cliente,ID 1574 no existe en clients. Convertido a NULL.
1575,linea_id,ID 3 no existe en lineas. Convertido a NULL.
1576,Id_cliente,ID 1575 no existe en clients. Convertido a NULL.
1576,linea_id,ID 3 no existe en lineas. Convertido a NULL.
1577,Id_cliente,ID 1576 no existe en clients. Convertido a NULL.
1577,linea_id,ID 3 no existe en lineas. Convertido a NULL.
1578,Id_cliente,ID 1577 no existe en clients. Convertido a NULL.
1578,linea_id,ID 3 no existe en lineas. Convertido a NULL.
1579,Id_cliente,ID 1578 no existe en clients. Convertido a NULL.
1579,linea_id,ID 3 no existe en lineas. Convertido a NULL.
1580,Id_cliente,ID 1579 no existe en clients. Convertido a NULL.
1580,linea_id,ID 3 no existe en lineas. Convertido a NULL.
1581,Id_cliente,ID 1580 no existe en clients. Convertido a NULL.
1581,linea_id,ID 3 no existe en lineas. Convertido a NULL.
1582,Id_cliente,ID 1581 no existe en clients. Convertido a NULL.
1582,linea_id,ID 3 no existe en lineas. Convertido a NULL.
1583,Id_cliente,ID 1582 no existe en clients. Convertido a NULL.
1583,linea_id,ID 3 no existe en lineas. Convertido a NULL.
1584,Id_cliente,ID 1583 no existe en clients. Convertido a NULL.
1584,linea_id,ID 3 no existe en lineas. Convertido a NULL.
1585,Id_cliente,ID 1584 no existe en clients. Convertido a NULL.
1585,linea_id,ID 3 no existe en lineas. Convertido a NULL.
1586,Id_cliente,ID 1585 no existe en clients. Convertido a NULL.
1587,Id_cliente,ID 1586 no existe en clients. Convertido a NULL.
1587,linea_id,ID 9 no existe en lineas. Convertido a NULL.
1588,Id_cliente,ID 1587 no existe en clients. Convertido a NULL.
1588,linea_id,ID 9 no existe en lineas. Convertido a NULL.
1589,Id_cliente,ID 1588 no existe en clients. Convertido a NULL.
1589,linea_id,ID 9 no existe en lineas. Convertido a NULL.
1590,Id_cliente,ID 1589 no existe en clients. Convertido a NULL.
1590,linea_id,ID 9 no existe en lineas. Convertido a NULL.
1591,Id_cliente,ID 1590 no existe en clients. Convertido a NULL.
1591,linea_id,ID 9 no existe en lineas. Convertido a NULL.
1592,Id_cliente,ID 1591 no existe en clients. Convertido a NULL.
1592,linea_id,ID 9 no existe en lineas. Convertido a NULL.
1593,Id_cliente,ID 1592 no existe en clients. Convertido a NULL.
1593,linea_id,ID 9 no existe en lineas. Convertido a NULL.
1594,Id_cliente,ID 1593 no existe en clients. Convertido a NULL.
1594,linea_id,ID 9 no existe en lineas. Convertido a NULL.
1595,Id_cliente,ID 1594 no existe en clients. Convertido a NULL.
1595,linea_id,ID 9 no existe en lineas. Convertido a NULL.
1596,Id_cliente,ID 1595 no existe en clients. Convertido a NULL.
1596,linea_id,ID 9 no existe en lineas. Convertido a NULL.
1597,Id_cliente,ID 1596 no existe en clients. Convertido a NULL.
1597,linea_id,ID 9 no existe en lineas. Convertido a NULL.
1598,Id_cliente,ID 1597 no existe en clients. Convertido a NULL.
1598,linea_id,ID 9 no existe en lineas. Convertido a NULL.
1599,Id_cliente,ID 1598 no existe en clients. Convertido a NULL.
1599,linea_id,ID 9 no existe en lineas. Convertido a NULL.
1600,Id_cliente,ID 1599 no existe en clients. Convertido a NULL.
1600,linea_id,ID 9 no existe en lineas. Convertido a NULL.
1601,Id_cliente,ID 1600 no existe en clients. Convertido a NULL.
1601,linea_id,ID 9 no existe en lineas. Convertido a NULL.
1602,Id_cliente,ID 1601 no existe en clients. Convertido a NULL.
1602,linea_id,ID 9 no existe en lineas. Convertido a NULL.
1603,Id_cliente,ID 1602 no existe en clients. Convertido a NULL.
1603,linea_id,ID 9 no existe en lineas. Convertido a NULL.
1604,Id_cliente,ID 1603 no existe en clients. Convertido a NULL.
1604,linea_id,ID 9 no existe en lineas. Convertido a NULL.
1605,Id_cliente,ID 1604 no existe en clients. Convertido a NULL.
1605,linea_id,ID 8 no existe en lineas. Convertido a NULL.
1606,Id_cliente,ID 1605 no existe en clients. Convertido a NULL.
1606,linea_id,ID 8 no existe en lineas. Convertido a NULL.
1607,Id_cliente,ID 1606 no existe en clients. Convertido a NULL.
1607,linea_id,ID 8 no existe en lineas. Convertido a NULL.
1608,Id_cliente,ID 1607 no existe en clients. Convertido a NULL.
1608,linea_id,ID 8 no existe en lineas. Convertido a NULL.
1609,Id_cliente,ID 1608 no existe en clients. Convertido a NULL.
1609,linea_id,ID 8 no existe en lineas. Convertido a NULL.
1610,Id_cliente,ID 1609 no existe en clients. Convertido a NULL.
1610,linea_id,ID 3 no existe en lineas. Convertido a NULL.
1611,Id_cliente,ID 1610 no existe en clients. Convertido a NULL.
1611,linea_id,ID 3 no existe en lineas. Convertido a NULL.
1612,Id_cliente,ID 1611 no existe en clients. Convertido a NULL.
1612,linea_id,ID 3 no existe en lineas. Convertido a NULL.
1613,Id_cliente,ID 1612 no existe en clients. Convertido a NULL.
1613,linea_id,ID 3 no existe en lineas. Convertido a NULL.
1614,Id_cliente,ID 1613 no existe en clients. Convertido a NULL.
1614,linea_id,ID 3 no existe en lineas. Convertido a NULL.
1615,Id_cliente,ID 1614 no existe en clients. Convertido a NULL.
1615,linea_id,ID 3 no existe en lineas. Convertido a NULL.
1616,Id_cliente,ID 1615 no existe en clients. Convertido a NULL.
1616,linea_id,ID 3 no existe en lineas. Convertido a NULL.
1617,Id_cliente,ID 1616 no existe en clients. Convertido a NULL.
1617,linea_id,ID 3 no existe en lineas. Convertido a NULL.
1618,Id_cliente,ID 1617 no existe en clients. Convertido a NULL.
1618,linea_id,ID 3 no existe en lineas. Convertido a NULL.
1619,Id_cliente,ID 1618 no existe en clients. Convertido a NULL.
1619,linea_id,ID 3 no existe en lineas. Convertido a NULL.
1620,Id_cliente,ID 1619 no existe en clients. Convertido a NULL.
1621,Id_cliente,ID 1620 no existe en clients. Convertido a NULL.
1621,seguro,Decimal inválido. Convertido a NULL (nullable).
1622,Id_cliente,ID 1621 no existe en clients. Convertido a NULL.
1622,linea_id,ID 9 no existe en lineas. Convertido a NULL.
1623,Id_cliente,ID 1622 no existe en clients. Convertido a NULL.
1623,linea_id,ID 9 no existe en lineas. Convertido a NULL.
1624,Id_cliente,ID 1623 no existe en clients. Convertido a NULL.
1624,linea_id,ID 9 no existe en lineas. Convertido a NULL.
1625,Id_cliente,ID 1624 no existe en clients. Convertido a NULL.
1625,linea_id,ID 9 no existe en lineas. Convertido a NULL.
1626,Id_cliente,ID 1625 no existe en clients. Convertido a NULL.
1626,linea_id,ID 9 no existe en lineas. Convertido a NULL.
1627,Id_cliente,ID 1626 no existe en clients. Convertido a NULL.
1627,linea_id,ID 9 no existe en lineas. Convertido a NULL.
1628,Id_cliente,ID 1627 no existe en clients. Convertido a NULL.
1628,linea_id,ID 9 no existe en lineas. Convertido a NULL.
1629,Id_cliente,ID 1628 no existe en clients. Convertido a NULL.
1629,linea_id,ID 9 no existe en lineas. Convertido a NULL.
1630,Id_cliente,ID 1629 no existe en clients. Convertido a NULL.
1630,linea_id,ID 9 no existe en lineas. Convertido a NULL.
1631,Id_cliente,ID 1630 no existe en clients. Convertido a NULL.
1631,linea_id,ID 9 no existe en lineas. Convertido a NULL.
1632,Id_cliente,ID 1631 no existe en clients. Convertido a NULL.
1632,linea_id,ID 9 no existe en lineas. Convertido a NULL.
1633,Id_cliente,ID 1632 no existe en clients. Convertido a NULL.
1633,linea_id,ID 9 no existe en lineas. Convertido a NULL.
1634,Id_cliente,ID 1633 no existe en clients. Convertido a NULL.
1634,linea_id,ID 9 no existe en lineas. Convertido a NULL.
1635,Id_cliente,ID 1634 no existe en clients. Convertido a NULL.
1635,linea_id,ID 8 no existe en lineas. Convertido a NULL.
1636,Id_cliente,ID 1635 no existe en clients. Convertido a NULL.
1636,linea_id,ID 8 no existe en lineas. Convertido a NULL.
1637,Id_cliente,ID 1636 no existe en clients. Convertido a NULL.
1637,linea_id,ID 8 no existe en lineas. Convertido a NULL.
1638,Id_cliente,ID 1637 no existe en clients. Convertido a NULL.
1638,linea_id,ID 8 no existe en lineas. Convertido a NULL.
1639,Id_cliente,ID 1638 no existe en clients. Convertido a NULL.
1639,linea_id,ID 8 no existe en lineas. Convertido a NULL.
1640,Id_cliente,ID 1639 no existe en clients. Convertido a NULL.
1640,linea_id,ID 3 no existe en lineas. Convertido a NULL.
1641,Id_cliente,ID 1640 no existe en clients. Convertido a NULL.
1641,linea_id,ID 3 no existe en lineas. Convertido a NULL.
1642,Id_cliente,ID 1641 no existe en clients. Convertido a NULL.
1642,linea_id,ID 3 no existe en lineas. Convertido a NULL.
1643,Id_cliente,ID 1642 no existe en clients. Convertido a NULL.
1643,linea_id,ID 3 no existe en lineas. Convertido a NULL.
1644,Id_cliente,ID 1643 no existe en clients. Convertido a NULL.
1644,linea_id,ID 3 no existe en lineas. Convertido a NULL.
1645,Id_cliente,ID 1644 no existe en clients. Convertido a NULL.
1645,linea_id,ID 3 no existe en lineas. Convertido a NULL.
1646,Id_cliente,ID 1645 no existe en clients. Convertido a NULL.
1647,Id_cliente,ID 1646 no existe en clients. Convertido a NULL.
1648,Id_cliente,ID 1647 no existe en clients. Convertido a NULL.
1649,Id_cliente,ID 1648 no existe en clients. Convertido a NULL.
1649,linea_id,ID 9 no existe en lineas. Convertido a NULL.
1650,Id_cliente,ID 1649 no existe en clients. Convertido a NULL.
1650,linea_id,ID 9 no existe en lineas. Convertido a NULL.
1651,Id_cliente,ID 1650 no existe en clients. Convertido a NULL.
1651,linea_id,ID 9 no existe en lineas. Convertido a NULL.
1652,Id_cliente,ID 1651 no existe en clients. Convertido a NULL.
1652,linea_id,ID 9 no existe en lineas. Convertido a NULL.
1653,Id_cliente,ID 1652 no existe en clients. Convertido a NULL.
1653,linea_id,ID 9 no existe en lineas. Convertido a NULL.
1654,Id_cliente,ID 1653 no existe en clients. Convertido a NULL.
1654,linea_id,ID 9 no existe en lineas. Convertido a NULL.
1655,Id_cliente,ID 1654 no existe en clients. Convertido a NULL.
1655,linea_id,ID 9 no existe en lineas. Convertido a NULL.
1656,Id_cliente,ID 1655 no existe en clients. Convertido a NULL.
1657,Id_cliente,ID 1656 no existe en clients. Convertido a NULL.
1657,linea_id,ID 9 no existe en lineas. Convertido a NULL.
1658,Id_cliente,ID 1657 no existe en clients. Convertido a NULL.
1658,linea_id,ID 9 no existe en lineas. Convertido a NULL.
1659,Id_cliente,ID 1658 no existe en clients. Convertido a NULL.
1659,linea_id,ID 9 no existe en lineas. Convertido a NULL.
1660,Id_cliente,ID 1659 no existe en clients. Convertido a NULL.
1660,linea_id,ID 9 no existe en lineas. Convertido a NULL.
1661,Id_cliente,ID 1660 no existe en clients. Convertido a NULL.
1661,linea_id,ID 8 no existe en lineas. Convertido a NULL.
1662,Id_cliente,ID 1661 no existe en clients. Convertido a NULL.
1662,linea_id,ID 8 no existe en lineas. Convertido a NULL.
1663,Id_cliente,ID 1662 no existe en clients. Convertido a NULL.
1663,linea_id,ID 8 no existe en lineas. Convertido a NULL.
1664,Id_cliente,ID 1663 no existe en clients. Convertido a NULL.
1664,linea_id,ID 3 no existe en lineas. Convertido a NULL.
1665,Id_cliente,ID 1664 no existe en clients. Convertido a NULL.
1665,linea_id,ID 3 no existe en lineas. Convertido a NULL.
1666,Id_cliente,ID 1665 no existe en clients. Convertido a NULL.
1666,linea_id,ID 3 no existe en lineas. Convertido a NULL.
1667,Id_cliente,ID 1666 no existe en clients. Convertido a NULL.
1667,linea_id,ID 3 no existe en lineas. Convertido a NULL.
1668,Id_cliente,ID 1667 no existe en clients. Convertido a NULL.
1668,linea_id,ID 3 no existe en lineas. Convertido a NULL.
1669,Id_cliente,ID 1668 no existe en clients. Convertido a NULL.
1669,linea_id,ID 3 no existe en lineas. Convertido a NULL.
1670,Id_cliente,ID 1669 no existe en clients. Convertido a NULL.
1670,linea_id,ID 3 no existe en lineas. Convertido a NULL.
1671,Id_cliente,ID 1670 no existe en clients. Convertido a NULL.
1671,linea_id,ID 3 no existe en lineas. Convertido a NULL.
1672,Id_cliente,ID 1671 no existe en clients. Convertido a NULL.
1672,linea_id,ID 3 no existe en lineas. Convertido a NULL.
1673,Id_cliente,ID 1672 no existe en clients. Convertido a NULL.
1673,linea_id,ID 3 no existe en lineas. Convertido a NULL.
1674,Id_cliente,ID 1673 no existe en clients. Convertido a NULL.
1674,linea_id,ID 3 no existe en lineas. Convertido a NULL.
1675,Id_cliente,ID 1674 no existe en clients. Convertido a NULL.
1675,linea_id,ID 3 no existe en lineas. Convertido a NULL.
1676,Id_cliente,ID 1675 no existe en clients. Convertido a NULL.
1676,linea_id,ID 3 no existe en lineas. Convertido a NULL.
1677,Id_cliente,ID 1676 no existe en clients. Convertido a NULL.
1677,linea_id,ID 3 no existe en lineas. Convertido a NULL.
1678,Id_cliente,ID 1677 no existe en clients. Convertido a NULL.
1678,linea_id,ID 3 no existe en lineas. Convertido a NULL.
1679,Id_cliente,ID 1678 no existe en clients. Convertido a NULL.
1679,linea_id,ID 3 no existe en lineas. Convertido a NULL.
1680,Id_cliente,ID 1679 no existe en clients. Convertido a NULL.
1680,linea_id,ID 3 no existe en lineas. Convertido a NULL.
1681,Id_cliente,ID 1680 no existe en clients. Convertido a NULL.
1681,linea_id,ID 3 no existe en lineas. Convertido a NULL.
1682,Id_cliente,ID 1681 no existe en clients. Convertido a NULL.
1683,Id_cliente,ID 1682 no existe en clients. Convertido a NULL.
1684,Id_cliente,ID 1683 no existe en clients. Convertido a NULL.
1685,Id_cliente,ID 1684 no existe en clients. Convertido a NULL.
1685,linea_id,ID 3 no existe en lineas. Convertido a NULL.
1686,Id_cliente,ID 1685 no existe en clients. Convertido a NULL.
1686,linea_id,ID 3 no existe en lineas. Convertido a NULL.
1687,Id_cliente,ID 1686 no existe en clients. Convertido a NULL.
1687,linea_id,ID 3 no existe en lineas. Convertido a NULL.
1688,Id_cliente,ID 1687 no existe en clients. Convertido a NULL.
1688,linea_id,ID 3 no existe en lineas. Convertido a NULL.
1689,Id_cliente,ID 1688 no existe en clients. Convertido a NULL.
1690,Id_cliente,ID 1689 no existe en clients. Convertido a NULL.
1690,linea_id,ID 3 no existe en lineas. Convertido a NULL.
1691,Id_cliente,ID 1690 no existe en clients. Convertido a NULL.
1692,Id_cliente,ID 1691 no existe en clients. Convertido a NULL.
1692,linea_id,ID 8 no existe en lineas. Convertido a NULL.
1693,Id_cliente,ID 1692 no existe en clients. Convertido a NULL.
1693,linea_id,ID 8 no existe en lineas. Convertido a NULL.
1694,Id_cliente,ID 1693 no existe en clients. Convertido a NULL.
1694,linea_id,ID 8 no existe en lineas. Convertido a NULL.
1695,Id_cliente,ID 1694 no existe en clients. Convertido a NULL.
1695,linea_id,ID 3 no existe en lineas. Convertido a NULL.
1696,Id_cliente,ID 1695 no existe en clients. Convertido a NULL.
1696,linea_id,ID 8 no existe en lineas. Convertido a NULL.
1697,Id_cliente,ID 1696 no existe en clients. Convertido a NULL.
1697,linea_id,ID 8 no existe en lineas. Convertido a NULL.
1698,Id_cliente,ID 1697 no existe en clients. Convertido a NULL.
1698,linea_id,ID 9 no existe en lineas. Convertido a NULL.
1699,Id_cliente,ID 1698 no existe en clients. Convertido a NULL.
1699,linea_id,ID 9 no existe en lineas. Convertido a NULL.
1700,Id_cliente,ID 1699 no existe en clients. Convertido a NULL.
1700,linea_id,ID 9 no existe en lineas. Convertido a NULL.
1701,Id_cliente,ID 1700 no existe en clients. Convertido a NULL.
1701,linea_id,ID 9 no existe en lineas. Convertido a NULL.
1702,Id_cliente,ID 1701 no existe en clients. Convertido a NULL.
1702,linea_id,ID 9 no existe en lineas. Convertido a NULL.
1703,Id_cliente,ID 1702 no existe en clients. Convertido a NULL.
1703,linea_id,ID 9 no existe en lineas. Convertido a NULL.
1704,Id_cliente,ID 1703 no existe en clients. Convertido a NULL.
1704,linea_id,ID 9 no existe en lineas. Convertido a NULL.
1705,Id_cliente,ID 1704 no existe en clients. Convertido a NULL.
1706,Id_cliente,ID 1705 no existe en clients. Convertido a NULL.
1707,Id_cliente,ID 1706 no existe en clients. Convertido a NULL.
1708,Id_cliente,ID 1707 no existe en clients. Convertido a NULL.
1708,linea_id,ID 3 no existe en lineas. Convertido a NULL.
1709,Id_cliente,ID 1708 no existe en clients. Convertido a NULL.
1709,linea_id,ID 3 no existe en lineas. Convertido a NULL.
1710,Id_cliente,ID 1709 no existe en clients. Convertido a NULL.
1710,linea_id,ID 9 no existe en lineas. Convertido a NULL.
1711,Id_cliente,ID 1710 no existe en clients. Convertido a NULL.
1711,linea_id,ID 9 no existe en lineas. Convertido a NULL.
1712,Id_cliente,ID 1711 no existe en clients. Convertido a NULL.
1712,linea_id,ID 9 no existe en lineas. Convertido a NULL.
1713,Id_cliente,ID 1712 no existe en clients. Convertido a NULL.
1713,linea_id,ID 9 no existe en lineas. Convertido a NULL.
1714,Id_cliente,ID 1713 no existe en clients. Convertido a NULL.
1714,linea_id,ID 9 no existe en lineas. Convertido a NULL.
1715,Id_cliente,ID 1714 no existe en clients. Convertido a NULL.
1715,linea_id,ID 9 no existe en lineas. Convertido a NULL.
1716,Id_cliente,ID 1715 no existe en clients. Convertido a NULL.
1716,linea_id,ID 9 no existe en lineas. Convertido a NULL.
1717,Id_cliente,ID 1716 no existe en clients. Convertido a NULL.
1717,linea_id,ID 9 no existe en lineas. Convertido a NULL.
1718,Id_cliente,ID 1717 no existe en clients. Convertido a NULL.
1718,linea_id,ID 9 no existe en lineas. Convertido a NULL.
1719,Id_cliente,ID 1718 no existe en clients. Convertido a NULL.
1720,Id_cliente,ID 1719 no existe en clients. Convertido a NULL.
1720,linea_id,ID 8 no existe en lineas. Convertido a NULL.
1721,Id_cliente,ID 1720 no existe en clients. Convertido a NULL.
1721,linea_id,ID 8 no existe en lineas. Convertido a NULL.
1722,Id_cliente,ID 1721 no existe en clients. Convertido a NULL.
1722,linea_id,ID 8 no existe en lineas. Convertido a NULL.
1723,Id_cliente,ID 1722 no existe en clients. Convertido a NULL.
1723,linea_id,ID 8 no existe en lineas. Convertido a NULL.
1724,Id_cliente,ID 1723 no existe en clients. Convertido a NULL.
1724,linea_id,ID 8 no existe en lineas. Convertido a NULL.
1725,Id_cliente,ID 1724 no existe en clients. Convertido a NULL.
1725,linea_id,ID 8 no existe en lineas. Convertido a NULL.
1726,Id_cliente,ID 1725 no existe en clients. Convertido a NULL.
1726,linea_id,ID 8 no existe en lineas. Convertido a NULL.
1727,Id_cliente,ID 1726 no existe en clients. Convertido a NULL.
1728,Id_cliente,ID 1727 no existe en clients. Convertido a NULL.
1728,linea_id,ID 3 no existe en lineas. Convertido a NULL.
1729,Id_cliente,ID 1728 no existe en clients. Convertido a NULL.
1729,linea_id,ID 3 no existe en lineas. Convertido a NULL.
1730,Id_cliente,ID 1729 no existe en clients. Convertido a NULL.
1730,linea_id,ID 3 no existe en lineas. Convertido a NULL.
1731,Id_cliente,ID 1730 no existe en clients. Convertido a NULL.
1731,linea_id,ID 3 no existe en lineas. Convertido a NULL.
1732,Id_cliente,ID 1731 no existe en clients. Convertido a NULL.
1732,linea_id,ID 3 no existe en lineas. Convertido a NULL.
1733,Id_cliente,ID 1732 no existe en clients. Convertido a NULL.
1733,linea_id,ID 3 no existe en lineas. Convertido a NULL.
1734,Id_cliente,ID 1733 no existe en clients. Convertido a NULL.
1734,linea_id,ID 3 no existe en lineas. Convertido a NULL.
1735,Id_cliente,ID 1734 no existe en clients. Convertido a NULL.
1735,linea_id,ID 3 no existe en lineas. Convertido a NULL.
1736,Id_cliente,ID 1735 no existe en clients. Convertido a NULL.
1736,linea_id,ID 3 no existe en lineas. Convertido a NULL.
1737,Id_cliente,ID 1736 no existe en clients. Convertido a NULL.
1737,linea_id,ID 3 no existe en lineas. Convertido a NULL.
1738,Id_cliente,ID 1737 no existe en clients. Convertido a NULL.
1738,linea_id,ID 3 no existe en lineas. Convertido a NULL.
1739,Id_cliente,ID 1738 no existe en clients. Convertido a NULL.
1740,Id_cliente,ID 1739 no existe en clients. Convertido a NULL.
1740,linea_id,ID 3 no existe en lineas. Convertido a NULL.
1741,Id_cliente,ID 1740 no existe en clients. Convertido a NULL.
1741,linea_id,ID 8 no existe en lineas. Convertido a NULL.
1742,Id_cliente,ID 1741 no existe en clients. Convertido a NULL.
1742,linea_id,ID 8 no existe en lineas. Convertido a NULL.
1743,Id_cliente,ID 1742 no existe en clients. Convertido a NULL.
1743,linea_id,ID 8 no existe en lineas. Convertido a NULL.
1744,Id_cliente,ID 1743 no existe en clients. Convertido a NULL.
1744,linea_id,ID 8 no existe en lineas. Convertido a NULL.
1745,Id_cliente,ID 1744 no existe en clients. Convertido a NULL.
1745,linea_id,ID 9 no existe en lineas. Convertido a NULL.
1746,Id_cliente,ID 1745 no existe en clients. Convertido a NULL.
1746,linea_id,ID 9 no existe en lineas. Convertido a NULL.
1747,Id_cliente,ID 1746 no existe en clients. Convertido a NULL.
1747,linea_id,ID 9 no existe en lineas. Convertido a NULL.
1748,Id_cliente,ID 1747 no existe en clients. Convertido a NULL.
1748,linea_id,ID 9 no existe en lineas. Convertido a NULL.
1749,Id_cliente,ID 1748 no existe en clients. Convertido a NULL.
1749,linea_id,ID 9 no existe en lineas. Convertido a NULL.
1750,Id_cliente,ID 1749 no existe en clients. Convertido a NULL.
1750,linea_id,ID 9 no existe en lineas. Convertido a NULL.
1751,Id_cliente,ID 1750 no existe en clients. Convertido a NULL.
1751,linea_id,ID 9 no existe en lineas. Convertido a NULL.
1752,Id_cliente,ID 1751 no existe en clients. Convertido a NULL.
1752,linea_id,ID 9 no existe en lineas. Convertido a NULL.
1753,Id_cliente,ID 1752 no existe en clients. Convertido a NULL.
1753,linea_id,ID 9 no existe en lineas. Convertido a NULL.
1754,Id_cliente,ID 1753 no existe en clients. Convertido a NULL.
1754,linea_id,ID 9 no existe en lineas. Convertido a NULL.
1755,Id_cliente,ID 1754 no existe en clients. Convertido a NULL.
1755,linea_id,ID 9 no existe en lineas. Convertido a NULL.
1756,Id_cliente,ID 1755 no existe en clients. Convertido a NULL.
1756,linea_id,ID 3 no existe en lineas. Convertido a NULL.
1757,Id_cliente,ID 1756 no existe en clients. Convertido a NULL.
1758,Id_cliente,ID 1757 no existe en clients. Convertido a NULL.
1758,linea_id,ID 3 no existe en lineas. Convertido a NULL.
1759,Id_cliente,ID 1758 no existe en clients. Convertido a NULL.
1759,linea_id,ID 3 no existe en lineas. Convertido a NULL.
1760,Id_cliente,ID 1759 no existe en clients. Convertido a NULL.
1760,linea_id,ID 3 no existe en lineas. Convertido a NULL.
1761,Id_cliente,ID 1760 no existe en clients. Convertido a NULL.
1761,linea_id,ID 3 no existe en lineas. Convertido a NULL.
1762,Id_cliente,ID 1761 no existe en clients. Convertido a NULL.
1762,linea_id,ID 3 no existe en lineas. Convertido a NULL.
1763,Id_cliente,ID 1762 no existe en clients. Convertido a NULL.
1763,linea_id,ID 3 no existe en lineas. Convertido a NULL.
1764,Id_cliente,ID 1763 no existe en clients. Convertido a NULL.
1764,linea_id,ID 3 no existe en lineas. Convertido a NULL.
1765,Id_cliente,ID 1764 no existe en clients. Convertido a NULL.
1765,linea_id,ID 3 no existe en lineas. Convertido a NULL.
1766,Id_cliente,ID 1765 no existe en clients. Convertido a NULL.
1766,linea_id,ID 3 no existe en lineas. Convertido a NULL.
1767,Id_cliente,ID 1766 no existe en clients. Convertido a NULL.
1767,linea_id,ID 3 no existe en lineas. Convertido a NULL.
1768,Id_cliente,ID 1767 no existe en clients. Convertido a NULL.
1768,linea_id,ID 3 no existe en lineas. Convertido a NULL.
1769,Id_cliente,ID 1768 no existe en clients. Convertido a NULL.
1769,linea_id,ID 3 no existe en lineas. Convertido a NULL.
1770,Id_cliente,ID 1769 no existe en clients. Convertido a NULL.
1771,Id_cliente,ID 1770 no existe en clients. Convertido a NULL.
1771,linea_id,ID 3 no existe en lineas. Convertido a NULL.
1772,Id_cliente,ID 1771 no existe en clients. Convertido a NULL.
1772,linea_id,ID 3 no existe en lineas. Convertido a NULL.
1773,Id_cliente,ID 1772 no existe en clients. Convertido a NULL.
1773,linea_id,ID 3 no existe en lineas. Convertido a NULL.
1774,Id_cliente,ID 1773 no existe en clients. Convertido a NULL.
1774,linea_id,ID 3 no existe en lineas. Convertido a NULL.
1775,Id_cliente,ID 1774 no existe en clients. Convertido a NULL.
1775,linea_id,ID 3 no existe en lineas. Convertido a NULL.
1776,Id_cliente,ID 1775 no existe en clients. Convertido a NULL.
1776,linea_id,ID 3 no existe en lineas. Convertido a NULL.
1777,Id_cliente,ID 1776 no existe en clients. Convertido a NULL.
1777,linea_id,ID 8 no existe en lineas. Convertido a NULL.
1778,Id_cliente,ID 1777 no existe en clients. Convertido a NULL.
1778,linea_id,ID 8 no existe en lineas. Convertido a NULL.
1779,Id_cliente,ID 1778 no existe en clients. Convertido a NULL.
1779,linea_id,ID 3 no existe en lineas. Convertido a NULL.
1780,Id_cliente,ID 1779 no existe en clients. Convertido a NULL.
1780,linea_id,ID 3 no existe en lineas. Convertido a NULL.
1781,Id_cliente,ID 1780 no existe en clients. Convertido a NULL.
1781,linea_id,ID 3 no existe en lineas. Convertido a NULL.
1782,Id_cliente,ID 1781 no existe en clients. Convertido a NULL.
1782,linea_id,ID 3 no existe en lineas. Convertido a NULL.
1783,Id_cliente,ID 1782 no existe en clients. Convertido a NULL.
1783,linea_id,ID 3 no existe en lineas. Convertido a NULL.
1784,Id_cliente,ID 1783 no existe en clients. Convertido a NULL.
1784,linea_id,ID 3 no existe en lineas. Convertido a NULL.
1785,Id_cliente,ID 1784 no existe en clients. Convertido a NULL.
1785,linea_id,ID 3 no existe en lineas. Convertido a NULL.
1786,Id_cliente,ID 1785 no existe en clients. Convertido a NULL.
1786,linea_id,ID 3 no existe en lineas. Convertido a NULL.
1787,Id_cliente,ID 1786 no existe en clients. Convertido a NULL.
1787,linea_id,ID 3 no existe en lineas. Convertido a NULL.
1788,Id_cliente,ID 1787 no existe en clients. Convertido a NULL.
1788,linea_id,ID 3 no existe en lineas. Convertido a NULL.
1789,Id_cliente,ID 1788 no existe en clients. Convertido a NULL.
1789,linea_id,ID 3 no existe en lineas. Convertido a NULL.
1790,Id_cliente,ID 1789 no existe en clients. Convertido a NULL.
1790,linea_id,ID 9 no existe en lineas. Convertido a NULL.
1791,Id_cliente,ID 1790 no existe en clients. Convertido a NULL.
1791,linea_id,ID 9 no existe en lineas. Convertido a NULL.
1792,Id_cliente,ID 1791 no existe en clients. Convertido a NULL.
1792,linea_id,ID 9 no existe en lineas. Convertido a NULL.
1793,Id_cliente,ID 1792 no existe en clients. Convertido a NULL.
1793,linea_id,ID 9 no existe en lineas. Convertido a NULL.
1794,Id_cliente,ID 1793 no existe en clients. Convertido a NULL.
1794,linea_id,ID 9 no existe en lineas. Convertido a NULL.
1795,Id_cliente,ID 1794 no existe en clients. Convertido a NULL.
1795,linea_id,ID 9 no existe en lineas. Convertido a NULL.
1796,Id_cliente,ID 1795 no existe en clients. Convertido a NULL.
1796,linea_id,ID 9 no existe en lineas. Convertido a NULL.
1797,Id_cliente,ID 1796 no existe en clients. Convertido a NULL.
1797,linea_id,ID 9 no existe en lineas. Convertido a NULL.
1798,Id_cliente,ID 1797 no existe en clients. Convertido a NULL.
1798,linea_id,ID 9 no existe en lineas. Convertido a NULL.
1799,Id_cliente,ID 1798 no existe en clients. Convertido a NULL.
1799,linea_id,ID 9 no existe en lineas. Convertido a NULL.
1800,Id_cliente,ID 1799 no existe en clients. Convertido a NULL.
1800,linea_id,ID 9 no existe en lineas. Convertido a NULL.
1801,Id_cliente,ID 1800 no existe en clients. Convertido a NULL.
1801,linea_id,ID 9 no existe en lineas. Convertido a NULL.
1802,Id_cliente,ID 1801 no existe en clients. Convertido a NULL.
1803,Id_cliente,ID 1802 no existe en clients. Convertido a NULL.
1803,linea_id,ID 9 no existe en lineas. Convertido a NULL.
1804,Id_cliente,ID 1803 no existe en clients. Convertido a NULL.
1804,linea_id,ID 9 no existe en lineas. Convertido a NULL.
1805,Id_cliente,ID 1804 no existe en clients. Convertido a NULL.
1805,linea_id,ID 9 no existe en lineas. Convertido a NULL.
1806,Id_cliente,ID 1805 no existe en clients. Convertido a NULL.
1806,linea_id,ID 9 no existe en lineas. Convertido a NULL.
1807,Id_cliente,ID 1806 no existe en clients. Convertido a NULL.
1807,linea_id,ID 9 no existe en lineas. Convertido a NULL.
1808,Id_cliente,ID 1807 no existe en clients. Convertido a NULL.
1808,linea_id,ID 9 no existe en lineas. Convertido a NULL.
1809,Id_cliente,ID 1808 no existe en clients. Convertido a NULL.
1809,linea_id,ID 9 no existe en lineas. Convertido a NULL.
1810,Id_cliente,ID 1809 no existe en clients. Convertido a NULL.
1810,linea_id,ID 9 no existe en lineas. Convertido a NULL.
1811,Id_cliente,ID 1810 no existe en clients. Convertido a NULL.
1811,linea_id,ID 9 no existe en lineas. Convertido a NULL.
1812,Id_cliente,ID 1811 no existe en clients. Convertido a NULL.
1812,linea_id,ID 9 no existe en lineas. Convertido a NULL.
1813,Id_cliente,ID 1812 no existe en clients. Convertido a NULL.
1813,linea_id,ID 9 no existe en lineas. Convertido a NULL.
1814,Id_cliente,ID 1813 no existe en clients. Convertido a NULL.
1814,linea_id,ID 9 no existe en lineas. Convertido a NULL.
1815,Id_cliente,ID 1814 no existe en clients. Convertido a NULL.
1816,Id_cliente,ID 1815 no existe en clients. Convertido a NULL.
1816,linea_id,ID 9 no existe en lineas. Convertido a NULL.
1817,Id_cliente,ID 1816 no existe en clients. Convertido a NULL.
1817,linea_id,ID 9 no existe en lineas. Convertido a NULL.
1818,Id_cliente,ID 1817 no existe en clients. Convertido a NULL.
1818,linea_id,ID 9 no existe en lineas. Convertido a NULL.
1819,Id_cliente,ID 1818 no existe en clients. Convertido a NULL.
1819,linea_id,ID 9 no existe en lineas. Convertido a NULL.
1820,Id_cliente,ID 1819 no existe en clients. Convertido a NULL.
1820,linea_id,ID 9 no existe en lineas. Convertido a NULL.
1821,Id_cliente,ID 1820 no existe en clients. Convertido a NULL.
1821,linea_id,ID 9 no existe en lineas. Convertido a NULL.
1822,Id_cliente,ID 1821 no existe en clients. Convertido a NULL.
1822,linea_id,ID 9 no existe en lineas. Convertido a NULL.
1823,Id_cliente,ID 1822 no existe en clients. Convertido a NULL.
1823,linea_id,ID 9 no existe en lineas. Convertido a NULL.
1824,Id_cliente,ID 1823 no existe en clients. Convertido a NULL.
1824,linea_id,ID 9 no existe en lineas. Convertido a NULL.
1825,Id_cliente,ID 1824 no existe en clients. Convertido a NULL.
1826,Id_cliente,ID 1825 no existe en clients. Convertido a NULL.
1826,linea_id,ID 3 no existe en lineas. Convertido a NULL.
1827,Id_cliente,ID 1826 no existe en clients. Convertido a NULL.
1828,Id_cliente,ID 1827 no existe en clients. Convertido a NULL.
1828,linea_id,ID 3 no existe en lineas. Convertido a NULL.
1829,Id_cliente,ID 1828 no existe en clients. Convertido a NULL.
1829,linea_id,ID 3 no existe en lineas. Convertido a NULL.
1830,Id_cliente,ID 1829 no existe en clients. Convertido a NULL.
1830,linea_id,ID 3 no existe en lineas. Convertido a NULL.
1831,Id_cliente,ID 1830 no existe en clients. Convertido a NULL.
1831,linea_id,ID 3 no existe en lineas. Convertido a NULL.
1832,Id_cliente,ID 1831 no existe en clients. Convertido a NULL.
1832,linea_id,ID 3 no existe en lineas. Convertido a NULL.
1833,Id_cliente,ID 1832 no existe en clients. Convertido a NULL.
1833,linea_id,ID 3 no existe en lineas. Convertido a NULL.
1834,Id_cliente,ID 1833 no existe en clients. Convertido a NULL.
1835,Id_cliente,ID 1834 no existe en clients. Convertido a NULL.
1835,linea_id,ID 3 no existe en lineas. Convertido a NULL.
1836,Id_cliente,ID 1835 no existe en clients. Convertido a NULL.
1836,linea_id,ID 3 no existe en lineas. Convertido a NULL.
1837,Id_cliente,ID 1836 no existe en clients. Convertido a NULL.
1837,linea_id,ID 3 no existe en lineas. Convertido a NULL.
1838,Id_cliente,ID 1837 no existe en clients. Convertido a NULL.
1838,linea_id,ID 3 no existe en lineas. Convertido a NULL.
1839,Id_cliente,ID 1838 no existe en clients. Convertido a NULL.
1839,linea_id,ID 3 no existe en lineas. Convertido a NULL.
1840,Id_cliente,ID 1839 no existe en clients. Convertido a NULL.
1840,linea_id,ID 3 no existe en lineas. Convertido a NULL.
1841,Id_cliente,ID 1840 no existe en clients. Convertido a NULL.
1841,linea_id,ID 3 no existe en lineas. Convertido a NULL.
1842,Id_cliente,ID 1841 no existe en clients. Convertido a NULL.
1842,linea_id,ID 3 no existe en lineas. Convertido a NULL.
1843,Id_cliente,ID 1842 no existe en clients. Convertido a NULL.
1843,linea_id,ID 3 no existe en lineas. Convertido a NULL.
1844,Id_cliente,ID 1843 no existe en clients. Convertido a NULL.
1844,linea_id,ID 3 no existe en lineas. Convertido a NULL.
1845,Id_cliente,ID 1844 no existe en clients. Convertido a NULL.
1846,Id_cliente,ID 1845 no existe en clients. Convertido a NULL.
1846,linea_id,ID 3 no existe en lineas. Convertido a NULL.
1847,Id_cliente,ID 1846 no existe en clients. Convertido a NULL.
1847,linea_id,ID 3 no existe en lineas. Convertido a NULL.
1848,Id_cliente,ID 1847 no existe en clients. Convertido a NULL.
1848,linea_id,ID 8 no existe en lineas. Convertido a NULL.
1849,Id_cliente,ID 1848 no existe en clients. Convertido a NULL.
1849,linea_id,ID 8 no existe en lineas. Convertido a NULL.
1850,Id_cliente,ID 1849 no existe en clients. Convertido a NULL.
1850,linea_id,ID 8 no existe en lineas. Convertido a NULL.
1851,Id_cliente,ID 1850 no existe en clients. Convertido a NULL.
1851,linea_id,ID 8 no existe en lineas. Convertido a NULL.
1852,Id_cliente,ID 1851 no existe en clients. Convertido a NULL.
1852,linea_id,ID 8 no existe en lineas. Convertido a NULL.
1853,Id_cliente,ID 1852 no existe en clients. Convertido a NULL.
1853,linea_id,ID 8 no existe en lineas. Convertido a NULL.
1854,Id_cliente,ID 1853 no existe en clients. Convertido a NULL.
1854,linea_id,ID 8 no existe en lineas. Convertido a NULL.
1855,Id_cliente,ID 1854 no existe en clients. Convertido a NULL.
1855,linea_id,ID 8 no existe en lineas. Convertido a NULL.
1856,Id_cliente,ID 1855 no existe en clients. Convertido a NULL.
1856,linea_id,ID 8 no existe en lineas. Convertido a NULL.
1857,Id_cliente,ID 1856 no existe en clients. Convertido a NULL.
1857,linea_id,ID 9 no existe en lineas. Convertido a NULL.
1858,Id_cliente,ID 1857 no existe en clients. Convertido a NULL.
1858,linea_id,ID 9 no existe en lineas. Convertido a NULL.
1859,Id_cliente,ID 1858 no existe en clients. Convertido a NULL.
1859,linea_id,ID 9 no existe en lineas. Convertido a NULL.
1860,Id_cliente,ID 1859 no existe en clients. Convertido a NULL.
1860,linea_id,ID 9 no existe en lineas. Convertido a NULL.
1861,Id_cliente,ID 1860 no existe en clients. Convertido a NULL.
1861,linea_id,ID 9 no existe en lineas. Convertido a NULL.
1862,Id_cliente,ID 1861 no existe en clients. Convertido a NULL.
1862,linea_id,ID 9 no existe en lineas. Convertido a NULL.
1863,Id_cliente,ID 1862 no existe en clients. Convertido a NULL.
1863,linea_id,ID 9 no existe en lineas. Convertido a NULL.
1864,Id_cliente,ID 1863 no existe en clients. Convertido a NULL.
1864,linea_id,ID 9 no existe en lineas. Convertido a NULL.
1865,Id_cliente,ID 1864 no existe en clients. Convertido a NULL.
1865,linea_id,ID 9 no existe en lineas. Convertido a NULL.
1866,Id_cliente,ID 1865 no existe en clients. Convertido a NULL.
1866,linea_id,ID 9 no existe en lineas. Convertido a NULL.
1867,Id_cliente,ID 1866 no existe en clients. Convertido a NULL.
1867,linea_id,ID 9 no existe en lineas. Convertido a NULL.
1868,Id_cliente,ID 1867 no existe en clients. Convertido a NULL.
1868,linea_id,ID 9 no existe en lineas. Convertido a NULL.
1869,Id_cliente,ID 1868 no existe en clients. Convertido a NULL.
1869,linea_id,ID 9 no existe en lineas. Convertido a NULL.
1870,Id_cliente,ID 1869 no existe en clients. Convertido a NULL.
1870,linea_id,ID 9 no existe en lineas. Convertido a NULL.
1871,Id_cliente,ID 1870 no existe en clients. Convertido a NULL.
1871,linea_id,ID 9 no existe en lineas. Convertido a NULL.
1872,Id_cliente,ID 1871 no existe en clients. Convertido a NULL.
1873,Id_cliente,ID 1872 no existe en clients. Convertido a NULL.
1873,linea_id,ID 9 no existe en lineas. Convertido a NULL.
1874,Id_cliente,ID 1873 no existe en clients. Convertido a NULL.
1874,linea_id,ID 9 no existe en lineas. Convertido a NULL.
1875,Id_cliente,ID 1874 no existe en clients. Convertido a NULL.
1875,linea_id,ID 9 no existe en lineas. Convertido a NULL.
1876,Id_cliente,ID 1875 no existe en clients. Convertido a NULL.
1876,linea_id,ID 9 no existe en lineas. Convertido a NULL.
1877,Id_cliente,ID 1876 no existe en clients. Convertido a NULL.
1877,linea_id,ID 9 no existe en lineas. Convertido a NULL.
1878,Id_cliente,ID 1877 no existe en clients. Convertido a NULL.
1878,linea_id,ID 9 no existe en lineas. Convertido a NULL.
1879,Id_cliente,ID 1878 no existe en clients. Convertido a NULL.
1879,linea_id,ID 9 no existe en lineas. Convertido a NULL.
1880,Id_cliente,ID 1879 no existe en clients. Convertido a NULL.
1880,linea_id,ID 9 no existe en lineas. Convertido a NULL.
1881,Id_cliente,ID 1880 no existe en clients. Convertido a NULL.
1881,linea_id,ID 9 no existe en lineas. Convertido a NULL.
1882,Id_cliente,ID 1881 no existe en clients. Convertido a NULL.
1882,linea_id,ID 9 no existe en lineas. Convertido a NULL.
1883,Id_cliente,ID 1882 no existe en clients. Convertido a NULL.
1883,linea_id,ID 9 no existe en lineas. Convertido a NULL.
1884,Id_cliente,ID 1883 no existe en clients. Convertido a NULL.
1885,Id_cliente,ID 1884 no existe en clients. Convertido a NULL.
1886,Id_cliente,ID 1885 no existe en clients. Convertido a NULL.
1886,linea_id,ID 9 no existe en lineas. Convertido a NULL.
1887,Id_cliente,ID 1886 no existe en clients. Convertido a NULL.
1888,Id_cliente,ID 1887 no existe en clients. Convertido a NULL.
1889,Id_cliente,ID 1888 no existe en clients. Convertido a NULL.
1890,Id_cliente,ID 1889 no existe en clients. Convertido a NULL.
1890,linea_id,ID 3 no existe en lineas. Convertido a NULL.
1891,Id_cliente,ID 1890 no existe en clients. Convertido a NULL.
1891,linea_id,ID 3 no existe en lineas. Convertido a NULL.
1892,Id_cliente,ID 1891 no existe en clients. Convertido a NULL.
1892,linea_id,ID 3 no existe en lineas. Convertido a NULL.
1893,Id_cliente,ID 1892 no existe en clients. Convertido a NULL.
1894,Id_cliente,ID 1893 no existe en clients. Convertido a NULL.
1894,linea_id,ID 3 no existe en lineas. Convertido a NULL.
1895,Id_cliente,ID 1894 no existe en clients. Convertido a NULL.
1895,linea_id,ID 3 no existe en lineas. Convertido a NULL.
1896,Id_cliente,ID 1895 no existe en clients. Convertido a NULL.
1897,Id_cliente,ID 1896 no existe en clients. Convertido a NULL.
1897,linea_id,ID 3 no existe en lineas. Convertido a NULL.
1898,Id_cliente,ID 1897 no existe en clients. Convertido a NULL.
1898,linea_id,ID 3 no existe en lineas. Convertido a NULL.
1899,Id_cliente,ID 1898 no existe en clients. Convertido a NULL.
1899,linea_id,ID 3 no existe en lineas. Convertido a NULL.
1900,Id_cliente,ID 1899 no existe en clients. Convertido a NULL.
1900,linea_id,ID 3 no existe en lineas. Convertido a NULL.
1901,Id_cliente,ID 1900 no existe en clients. Convertido a NULL.
1901,linea_id,ID 3 no existe en lineas. Convertido a NULL.
1902,Id_cliente,ID 1901 no existe en clients. Convertido a NULL.
1903,Id_cliente,ID 1902 no existe en clients. Convertido a NULL.
1903,linea_id,ID 3 no existe en lineas. Convertido a NULL.
1904,Id_cliente,ID 1903 no existe en clients. Convertido a NULL.
1904,linea_id,ID 3 no existe en lineas. Convertido a NULL.
1905,Id_cliente,ID 1904 no existe en clients. Convertido a NULL.
1905,linea_id,ID 3 no existe en lineas. Convertido a NULL.
1906,Id_cliente,ID 1905 no existe en clients. Convertido a NULL.
1906,linea_id,ID 3 no existe en lineas. Convertido a NULL.
1907,Id_cliente,ID 1906 no existe en clients. Convertido a NULL.
1907,linea_id,ID 3 no existe en lineas. Convertido a NULL.
1908,Id_cliente,ID 1907 no existe en clients. Convertido a NULL.
1908,linea_id,ID 3 no existe en lineas. Convertido a NULL.
1909,Id_cliente,ID 1908 no existe en clients. Convertido a NULL.
1909,linea_id,ID 3 no existe en lineas. Convertido a NULL.
1910,Id_cliente,ID 1909 no existe en clients. Convertido a NULL.
1910,linea_id,ID 3 no existe en lineas. Convertido a NULL.
1911,Id_cliente,ID 1910 no existe en clients. Convertido a NULL.
1911,linea_id,ID 3 no existe en lineas. Convertido a NULL.
1912,Id_cliente,ID 1911 no existe en clients. Convertido a NULL.
1913,Id_cliente,ID 1912 no existe en clients. Convertido a NULL.
1913,linea_id,ID 3 no existe en lineas. Convertido a NULL.
1914,Id_cliente,ID 1913 no existe en clients. Convertido a NULL.
1914,linea_id,ID 3 no existe en lineas. Convertido a NULL.
1915,Id_cliente,ID 1914 no existe en clients. Convertido a NULL.
1915,linea_id,ID 3 no existe en lineas. Convertido a NULL.
1916,Id_cliente,ID 1915 no existe en clients. Convertido a NULL.
1916,linea_id,ID 3 no existe en lineas. Convertido a NULL.
1917,Id_cliente,ID 1916 no existe en clients. Convertido a NULL.
1917,linea_id,ID 3 no existe en lineas. Convertido a NULL.
1918,Id_cliente,ID 1917 no existe en clients. Convertido a NULL.
1918,linea_id,ID 3 no existe en lineas. Convertido a NULL.
1919,Id_cliente,ID 1918 no existe en clients. Convertido a NULL.
1919,linea_id,ID 3 no existe en lineas. Convertido a NULL.
1920,Id_cliente,ID 1919 no existe en clients. Convertido a NULL.
1921,Id_cliente,ID 1920 no existe en clients. Convertido a NULL.
1922,Id_cliente,ID 1921 no existe en clients. Convertido a NULL.
1923,Id_cliente,ID 1922 no existe en clients. Convertido a NULL.
1924,Id_cliente,ID 1923 no existe en clients. Convertido a NULL.
1924,linea_id,ID 9 no existe en lineas. Convertido a NULL.
1925,Id_cliente,ID 1924 no existe en clients. Convertido a NULL.
1925,linea_id,ID 9 no existe en lineas. Convertido a NULL.
1926,Id_cliente,ID 1925 no existe en clients. Convertido a NULL.
1926,linea_id,ID 9 no existe en lineas. Convertido a NULL.
1927,Id_cliente,ID 1926 no existe en clients. Convertido a NULL.
1927,linea_id,ID 9 no existe en lineas. Convertido a NULL.
1928,Id_cliente,ID 1927 no existe en clients. Convertido a NULL.
1928,linea_id,ID 9 no existe en lineas. Convertido a NULL.
1929,Id_cliente,ID 1928 no existe en clients. Convertido a NULL.
1929,linea_id,ID 9 no existe en lineas. Convertido a NULL.
1930,Id_cliente,ID 1929 no existe en clients. Convertido a NULL.
1930,linea_id,ID 9 no existe en lineas. Convertido a NULL.
1931,Id_cliente,ID 1930 no existe en clients. Convertido a NULL.
1931,linea_id,ID 9 no existe en lineas. Convertido a NULL.
1932,Id_cliente,ID 1931 no existe en clients. Convertido a NULL.
1932,linea_id,ID 9 no existe en lineas. Convertido a NULL.
1933,Id_cliente,ID 1932 no existe en clients. Convertido a NULL.
1933,linea_id,ID 9 no existe en lineas. Convertido a NULL.
1934,Id_cliente,ID 1933 no existe en clients. Convertido a NULL.
1934,linea_id,ID 9 no existe en lineas. Convertido a NULL.
1935,Id_cliente,ID 1934 no existe en clients. Convertido a NULL.
1935,linea_id,ID 9 no existe en lineas. Convertido a NULL.
1936,Id_cliente,ID 1935 no existe en clients. Convertido a NULL.
1936,linea_id,ID 9 no existe en lineas. Convertido a NULL.
1937,Id_cliente,ID 1936 no existe en clients. Convertido a NULL.
1937,linea_id,ID 9 no existe en lineas. Convertido a NULL.
1938,Id_cliente,ID 1937 no existe en clients. Convertido a NULL.
1938,linea_id,ID 9 no existe en lineas. Convertido a NULL.
1939,Id_cliente,ID 1938 no existe en clients. Convertido a NULL.
1939,linea_id,ID 9 no existe en lineas. Convertido a NULL.
1940,Id_cliente,ID 1939 no existe en clients. Convertido a NULL.
1940,linea_id,ID 9 no existe en lineas. Convertido a NULL.
1941,Id_cliente,ID 1940 no existe en clients. Convertido a NULL.
1941,linea_id,ID 9 no existe en lineas. Convertido a NULL.
1942,Id_cliente,ID 1941 no existe en clients. Convertido a NULL.
1942,linea_id,ID 9 no existe en lineas. Convertido a NULL.
1943,Id_cliente,ID 1942 no existe en clients. Convertido a NULL.
1943,linea_id,ID 9 no existe en lineas. Convertido a NULL.
1944,Id_cliente,ID 1943 no existe en clients. Convertido a NULL.
1944,linea_id,ID 9 no existe en lineas. Convertido a NULL.
1945,Id_cliente,ID 1944 no existe en clients. Convertido a NULL.
1945,linea_id,ID 9 no existe en lineas. Convertido a NULL.
1946,Id_cliente,ID 1945 no existe en clients. Convertido a NULL.
1946,linea_id,ID 9 no existe en lineas. Convertido a NULL.
1947,Id_cliente,ID 1946 no existe en clients. Convertido a NULL.
1947,linea_id,ID 9 no existe en lineas. Convertido a NULL.
1948,Id_cliente,ID 1947 no existe en clients. Convertido a NULL.
1948,linea_id,ID 9 no existe en lineas. Convertido a NULL.
1949,Id_cliente,ID 1948 no existe en clients. Convertido a NULL.
1949,linea_id,ID 9 no existe en lineas. Convertido a NULL.
1950,Id_cliente,ID 1949 no existe en clients. Convertido a NULL.
1950,linea_id,ID 9 no existe en lineas. Convertido a NULL.
1951,Id_cliente,ID 1950 no existe en clients. Convertido a NULL.
1951,linea_id,ID 9 no existe en lineas. Convertido a NULL.
1952,Id_cliente,ID 1951 no existe en clients. Convertido a NULL.
1952,linea_id,ID 9 no existe en lineas. Convertido a NULL.
1953,Id_cliente,ID 1952 no existe en clients. Convertido a NULL.
1953,linea_id,ID 9 no existe en lineas. Convertido a NULL.
1954,Id_cliente,ID 1953 no existe en clients. Convertido a NULL.
1954,linea_id,ID 9 no existe en lineas. Convertido a NULL.
1955,Id_cliente,ID 1954 no existe en clients. Convertido a NULL.
1956,Id_cliente,ID 1955 no existe en clients. Convertido a NULL.
1956,linea_id,ID 8 no existe en lineas. Convertido a NULL.
1957,Id_cliente,ID 1956 no existe en clients. Convertido a NULL.
1957,linea_id,ID 8 no existe en lineas. Convertido a NULL.
1958,Id_cliente,ID 1957 no existe en clients. Convertido a NULL.
1958,linea_id,ID 8 no existe en lineas. Convertido a NULL.
1959,Id_cliente,ID 1958 no existe en clients. Convertido a NULL.
1959,linea_id,ID 8 no existe en lineas. Convertido a NULL.
1960,Id_cliente,ID 1959 no existe en clients. Convertido a NULL.
1960,linea_id,ID 8 no existe en lineas. Convertido a NULL.
1961,Id_cliente,ID 1960 no existe en clients. Convertido a NULL.
1961,linea_id,ID 3 no existe en lineas. Convertido a NULL.
1962,Id_cliente,ID 1961 no existe en clients. Convertido a NULL.
1962,linea_id,ID 3 no existe en lineas. Convertido a NULL.
1963,Id_cliente,ID 1962 no existe en clients. Convertido a NULL.
1963,linea_id,ID 3 no existe en lineas. Convertido a NULL.
1964,Id_cliente,ID 1963 no existe en clients. Convertido a NULL.
1964,linea_id,ID 3 no existe en lineas. Convertido a NULL.
1965,Id_cliente,ID 1964 no existe en clients. Convertido a NULL.
1965,linea_id,ID 3 no existe en lineas. Convertido a NULL.
1966,Id_cliente,ID 1965 no existe en clients. Convertido a NULL.
1967,Id_cliente,ID 1966 no existe en clients. Convertido a NULL.
1967,linea_id,ID 3 no existe en lineas. Convertido a NULL.
1968,Id_cliente,ID 1967 no existe en clients. Convertido a NULL.
1968,linea_id,ID 3 no existe en lineas. Convertido a NULL.
1969,Id_cliente,ID 1968 no existe en clients. Convertido a NULL.
1970,Id_cliente,ID 1969 no existe en clients. Convertido a NULL.
1971,Id_cliente,ID 1970 no existe en clients. Convertido a NULL.
1971,linea_id,ID 3 no existe en lineas. Convertido a NULL.
1972,Id_cliente,ID 1971 no existe en clients. Convertido a NULL.
1972,linea_id,ID 3 no existe en lineas. Convertido a NULL.
1973,Id_cliente,ID 1972 no existe en clients. Convertido a NULL.
1973,linea_id,ID 3 no existe en lineas. Convertido a NULL.
1974,Id_cliente,ID 1973 no existe en clients. Convertido a NULL.
1974,linea_id,ID 3 no existe en lineas. Convertido a NULL.
1975,Id_cliente,ID 1974 no existe en clients. Convertido a NULL.
1975,linea_id,ID 3 no existe en lineas. Convertido a NULL.
1976,Id_cliente,ID 1975 no existe en clients. Convertido a NULL.
1977,Id_cliente,ID 1976 no existe en clients. Convertido a NULL.
1977,linea_id,ID 3 no existe en lineas. Convertido a NULL.
1978,Id_cliente,ID 1977 no existe en clients. Convertido a NULL.
1978,linea_id,ID 3 no existe en lineas. Convertido a NULL.
1979,Id_cliente,ID 1978 no existe en clients. Convertido a NULL.
1979,linea_id,ID 3 no existe en lineas. Convertido a NULL.
1980,Id_cliente,ID 1979 no existe en clients. Convertido a NULL.
1980,linea_id,ID 3 no existe en lineas. Convertido a NULL.
1981,Id_cliente,ID 1980 no existe en clients. Convertido a NULL.
1981,linea_id,ID 3 no existe en lineas. Convertido a NULL.
1982,Id_cliente,ID 1981 no existe en clients. Convertido a NULL.
1982,linea_id,ID 3 no existe en lineas. Convertido a NULL.
1983,Id_cliente,ID 1982 no existe en clients. Convertido a NULL.
1983,linea_id,ID 3 no existe en lineas. Convertido a NULL.
1984,Id_cliente,ID 1983 no existe en clients. Convertido a NULL.
1985,Id_cliente,ID 1984 no existe en clients. Convertido a NULL.
1985,linea_id,ID 3 no existe en lineas. Convertido a NULL.
1986,Id_cliente,ID 1985 no existe en clients. Convertido a NULL.
1986,linea_id,ID 3 no existe en lineas. Convertido a NULL.
1987,Id_cliente,ID 1986 no existe en clients. Convertido a NULL.
1987,linea_id,ID 3 no existe en lineas. Convertido a NULL.
1988,Id_cliente,ID 1987 no existe en clients. Convertido a NULL.
1988,linea_id,ID 3 no existe en lineas. Convertido a NULL.
1989,Id_cliente,ID 1988 no existe en clients. Convertido a NULL.
1989,linea_id,ID 3 no existe en lineas. Convertido a NULL.
1990,Id_cliente,ID 1989 no existe en clients. Convertido a NULL.
1990,linea_id,ID 3 no existe en lineas. Convertido a NULL.
1991,Id_cliente,ID 1990 no existe en clients. Convertido a NULL.
1991,linea_id,ID 3 no existe en lineas. Convertido a NULL.
1992,Id_cliente,ID 1991 no existe en clients. Convertido a NULL.
1992,linea_id,ID 3 no existe en lineas. Convertido a NULL.
1993,Id_cliente,ID 1992 no existe en clients. Convertido a NULL.
1993,linea_id,ID 3 no existe en lineas. Convertido a NULL.
1994,Id_cliente,ID 1993 no existe en clients. Convertido a NULL.
1994,linea_id,ID 3 no existe en lineas. Convertido a NULL.
1995,Id_cliente,ID 1994 no existe en clients. Convertido a NULL.
1995,linea_id,ID 3 no existe en lineas. Convertido a NULL.
1996,Id_cliente,ID 1995 no existe en clients. Convertido a NULL.
1996,linea_id,ID 3 no existe en lineas. Convertido a NULL.
1997,Id_cliente,ID 1996 no existe en clients. Convertido a NULL.
1997,linea_id,ID 3 no existe en lineas. Convertido a NULL.
1998,Id_cliente,ID 1997 no existe en clients. Convertido a NULL.
1998,linea_id,ID 3 no existe en lineas. Convertido a NULL.
1999,Id_cliente,ID 1998 no existe en clients. Convertido a NULL.
1999,linea_id,ID 3 no existe en lineas. Convertido a NULL.
2000,Id_cliente,ID 1999 no existe en clients. Convertido a NULL.
2000,linea_id,ID 3 no existe en lineas. Convertido a NULL.
2001,Id_cliente,ID 2000 no existe en clients. Convertido a NULL.
2001,linea_id,ID 3 no existe en lineas. Convertido a NULL.
2002,Id_cliente,ID 2001 no existe en clients. Convertido a NULL.
2002,linea_id,ID 3 no existe en lineas. Convertido a NULL.
2003,Id_cliente,ID 2002 no existe en clients. Convertido a NULL.
2004,Id_cliente,ID 2003 no existe en clients. Convertido a NULL.
2004,linea_id,ID 3 no existe en lineas. Convertido a NULL.
2005,Id_cliente,ID 2004 no existe en clients. Convertido a NULL.
2005,linea_id,ID 3 no existe en lineas. Convertido a NULL.
2006,Id_cliente,ID 2005 no existe en clients. Convertido a NULL.
2006,linea_id,ID 8 no existe en lineas. Convertido a NULL.
2007,Id_cliente,ID 2006 no existe en clients. Convertido a NULL.
2007,linea_id,ID 8 no existe en lineas. Convertido a NULL.
2008,Id_cliente,ID 2007 no existe en clients. Convertido a NULL.
2008,linea_id,ID 3 no existe en lineas. Convertido a NULL.
2009,Id_cliente,ID 2008 no existe en clients. Convertido a NULL.
2010,Id_cliente,ID 2009 no existe en clients. Convertido a NULL.
2010,linea_id,ID 3 no existe en lineas. Convertido a NULL.
2011,Id_cliente,ID 2010 no existe en clients. Convertido a NULL.
2011,linea_id,ID 3 no existe en lineas. Convertido a NULL.
2012,Id_cliente,ID 2011 no existe en clients. Convertido a NULL.
2012,linea_id,ID 3 no existe en lineas. Convertido a NULL.
2013,Id_cliente,ID 2012 no existe en clients. Convertido a NULL.
2013,linea_id,ID 3 no existe en lineas. Convertido a NULL.
2014,Id_cliente,ID 2013 no existe en clients. Convertido a NULL.
2014,linea_id,ID 3 no existe en lineas. Convertido a NULL.
2015,Id_cliente,ID 2014 no existe en clients. Convertido a NULL.
2015,linea_id,ID 3 no existe en lineas. Convertido a NULL.
2016,Id_cliente,ID 2015 no existe en clients. Convertido a NULL.
2016,linea_id,ID 3 no existe en lineas. Convertido a NULL.
2017,Id_cliente,ID 2016 no existe en clients. Convertido a NULL.
2017,linea_id,ID 3 no existe en lineas. Convertido a NULL.
2018,Id_cliente,ID 2017 no existe en clients. Convertido a NULL.
2018,linea_id,ID 3 no existe en lineas. Convertido a NULL.
2019,Id_cliente,ID 2018 no existe en clients. Convertido a NULL.
2019,linea_id,ID 3 no existe en lineas. Convertido a NULL.
2020,Id_cliente,ID 2019 no existe en clients. Convertido a NULL.
2020,linea_id,ID 3 no existe en lineas. Convertido a NULL.
2021,Id_cliente,ID 2020 no existe en clients. Convertido a NULL.
2021,linea_id,ID 3 no existe en lineas. Convertido a NULL.
2022,Id_cliente,ID 2021 no existe en clients. Convertido a NULL.
2022,linea_id,ID 3 no existe en lineas. Convertido a NULL.
2023,Id_cliente,ID 2022 no existe en clients. Convertido a NULL.
2023,linea_id,ID 3 no existe en lineas. Convertido a NULL.
2024,Id_cliente,ID 2023 no existe en clients. Convertido a NULL.
2024,linea_id,ID 3 no existe en lineas. Convertido a NULL.
2025,Id_cliente,ID 2024 no existe en clients. Convertido a NULL.
2025,linea_id,ID 3 no existe en lineas. Convertido a NULL.
2026,Id_cliente,ID 2025 no existe en clients. Convertido a NULL.
2026,linea_id,ID 3 no existe en lineas. Convertido a NULL.
2027,Id_cliente,ID 2026 no existe en clients. Convertido a NULL.
2027,linea_id,ID 3 no existe en lineas. Convertido a NULL.
2028,Id_cliente,ID 2027 no existe en clients. Convertido a NULL.
2028,linea_id,ID 3 no existe en lineas. Convertido a NULL.
2029,Id_cliente,ID 2028 no existe en clients. Convertido a NULL.
2029,linea_id,ID 3 no existe en lineas. Convertido a NULL.
2030,Id_cliente,ID 2029 no existe en clients. Convertido a NULL.
2030,linea_id,ID 3 no existe en lineas. Convertido a NULL.
2031,Id_cliente,ID 2030 no existe en clients. Convertido a NULL.
2031,linea_id,ID 3 no existe en lineas. Convertido a NULL.
2032,Id_cliente,ID 2031 no existe en clients. Convertido a NULL.
2032,linea_id,ID 3 no existe en lineas. Convertido a NULL.
2033,Id_cliente,ID 2032 no existe en clients. Convertido a NULL.
2033,linea_id,ID 3 no existe en lineas. Convertido a NULL.
2034,Id_cliente,ID 2033 no existe en clients. Convertido a NULL.
2034,linea_id,ID 3 no existe en lineas. Convertido a NULL.
2035,Id_cliente,ID 2034 no existe en clients. Convertido a NULL.
2035,linea_id,ID 3 no existe en lineas. Convertido a NULL.
2036,Id_cliente,ID 2035 no existe en clients. Convertido a NULL.
2036,linea_id,ID 3 no existe en lineas. Convertido a NULL.
2037,Id_cliente,ID 2036 no existe en clients. Convertido a NULL.
2037,linea_id,ID 3 no existe en lineas. Convertido a NULL.
2038,Id_cliente,ID 2037 no existe en clients. Convertido a NULL.
2038,linea_id,ID 3 no existe en lineas. Convertido a NULL.
2039,Id_cliente,ID 2038 no existe en clients. Convertido a NULL.
2039,linea_id,ID 3 no existe en lineas. Convertido a NULL.
2040,Id_cliente,ID 2039 no existe en clients. Convertido a NULL.
2041,Id_cliente,ID 2040 no existe en clients. Convertido a NULL.
2041,linea_id,ID 3 no existe en lineas. Convertido a NULL.
2042,Id_cliente,ID 2041 no existe en clients. Convertido a NULL.
2042,linea_id,ID 3 no existe en lineas. Convertido a NULL.
2043,Id_cliente,ID 2042 no existe en clients. Convertido a NULL.
2043,linea_id,ID 3 no existe en lineas. Convertido a NULL.
2044,Id_cliente,ID 2043 no existe en clients. Convertido a NULL.
2044,linea_id,ID 3 no existe en lineas. Convertido a NULL.
2045,Id_cliente,ID 2044 no existe en clients. Convertido a NULL.
2045,linea_id,ID 3 no existe en lineas. Convertido a NULL.
2046,Id_cliente,ID 2045 no existe en clients. Convertido a NULL.
2046,linea_id,ID 3 no existe en lineas. Convertido a NULL.
2047,Id_cliente,ID 2046 no existe en clients. Convertido a NULL.
2047,linea_id,ID 3 no existe en lineas. Convertido a NULL.
2048,Id_cliente,ID 2047 no existe en clients. Convertido a NULL.
2048,linea_id,ID 3 no existe en lineas. Convertido a NULL.
2049,Id_cliente,ID 2048 no existe en clients. Convertido a NULL.
2049,linea_id,ID 9 no existe en lineas. Convertido a NULL.
2050,Id_cliente,ID 2049 no existe en clients. Convertido a NULL.
2050,linea_id,ID 9 no existe en lineas. Convertido a NULL.
2051,Id_cliente,ID 2050 no existe en clients. Convertido a NULL.
2051,linea_id,ID 9 no existe en lineas. Convertido a NULL.
2052,Id_cliente,ID 2051 no existe en clients. Convertido a NULL.
2052,linea_id,ID 9 no existe en lineas. Convertido a NULL.
2053,Id_cliente,ID 2052 no existe en clients. Convertido a NULL.
2053,linea_id,ID 9 no existe en lineas. Convertido a NULL.
2054,Id_cliente,ID 2053 no existe en clients. Convertido a NULL.
2054,linea_id,ID 9 no existe en lineas. Convertido a NULL.
2055,Id_cliente,ID 2054 no existe en clients. Convertido a NULL.
2055,linea_id,ID 9 no existe en lineas. Convertido a NULL.
2056,Id_cliente,ID 2055 no existe en clients. Convertido a NULL.
2056,linea_id,ID 9 no existe en lineas. Convertido a NULL.
2057,Id_cliente,ID 2056 no existe en clients. Convertido a NULL.
2057,linea_id,ID 9 no existe en lineas. Convertido a NULL.
2058,Id_cliente,ID 2057 no existe en clients. Convertido a NULL.
2058,linea_id,ID 9 no existe en lineas. Convertido a NULL.
2059,Id_cliente,ID 2058 no existe en clients. Convertido a NULL.
2059,linea_id,ID 9 no existe en lineas. Convertido a NULL.
2060,Id_cliente,ID 2059 no existe en clients. Convertido a NULL.
2060,linea_id,ID 9 no existe en lineas. Convertido a NULL.
2061,Id_cliente,ID 2060 no existe en clients. Convertido a NULL.
2061,linea_id,ID 9 no existe en lineas. Convertido a NULL.
2062,Id_cliente,ID 2061 no existe en clients. Convertido a NULL.
2062,linea_id,ID 9 no existe en lineas. Convertido a NULL.
2063,Id_cliente,ID 2062 no existe en clients. Convertido a NULL.
2063,linea_id,ID 9 no existe en lineas. Convertido a NULL.
2064,Id_cliente,ID 2063 no existe en clients. Convertido a NULL.
2064,linea_id,ID 9 no existe en lineas. Convertido a NULL.
2065,Id_cliente,ID 2064 no existe en clients. Convertido a NULL.
2065,linea_id,ID 9 no existe en lineas. Convertido a NULL.
2066,Id_cliente,ID 2065 no existe en clients. Convertido a NULL.
2066,linea_id,ID 9 no existe en lineas. Convertido a NULL.
2067,Id_cliente,ID 2066 no existe en clients. Convertido a NULL.
2067,linea_id,ID 9 no existe en lineas. Convertido a NULL.
2068,Id_cliente,ID 2067 no existe en clients. Convertido a NULL.
2068,linea_id,ID 9 no existe en lineas. Convertido a NULL.
2069,Id_cliente,ID 2068 no existe en clients. Convertido a NULL.
2069,linea_id,ID 9 no existe en lineas. Convertido a NULL.
2070,Id_cliente,ID 2069 no existe en clients. Convertido a NULL.
2070,linea_id,ID 9 no existe en lineas. Convertido a NULL.
2071,Id_cliente,ID 2070 no existe en clients. Convertido a NULL.
2072,Id_cliente,ID 2071 no existe en clients. Convertido a NULL.
2072,linea_id,ID 9 no existe en lineas. Convertido a NULL.
2073,Id_cliente,ID 2072 no existe en clients. Convertido a NULL.
2073,linea_id,ID 9 no existe en lineas. Convertido a NULL.
